ID,LAT,LON,NAME,Total Days_Before,Missing Days_Before,Missing %_Before,Distance_to_Coast_km_Before,Region_Before,MissingCat_Before,Total Days_After,Missing Days_After,Missing %_After,Distance_to_Coast_km_After,Region_After,MissingCat_After
US1ALAT0013,32.6444,-86.4302,DEATSVILLE 3.4 NW,6.0,4.0,66.67,274.5724699673279,Rural,High,6.0,5.0,83.33,274.5724699673279,Rural,High
US1ALAT0014,32.4825,-86.4854,PRATTVILLE 2.7 WNW,6.0,4.0,66.67,252.33704200867683,Rural,High,6.0,5.0,83.33,252.33704200867683,Rural,High
US1ALBR0006,31.8826,-85.5839,CLAYTON 7.8 W,,,,,,,6.0,2.0,33.33,192.25245465401653,Rural,High
US1ALCF0004,31.3361,-85.8709,ENTERPRISE 1.5 WNW,6.0,0.0,0.0,114.17290593513992,Inland,Low,6.0,6.0,100.0,114.17290593513992,Inland,High
US1ALCH0003,32.8341,-86.4768,CLANTON 8.6 E,6.0,6.0,100.0,297.87289967247244,Rural,High,,,,,,
US1ALCS0003,32.8217,-86.0534,ALEXANDER CITY 10.0 SW,6.0,3.0,50.0,303.5318336922586,Rural,High,6.0,0.0,0.0,303.5318336922586,Rural,Low
US1ALCS0007,32.8021,-86.0054,ALEXANDER CITY 9.6 SSW,6.0,1.0,16.67,301.2910571397066,Rural,High,6.0,1.0,16.67,301.2910571397066,Rural,Low
US1ALDL0011,31.3039,-85.7896,ENTERPRISE 3.8 ESE,6.0,5.0,83.33,113.32744852251328,Rural,High,6.0,3.0,50.0,113.32744852251328,Rural,High
US1ALEL0004,32.5504,-86.3845,MILLBROOK 4.0 NNW,6.0,0.0,0.0,263.88044682472025,Rural,Low,6.0,0.0,0.0,263.88044682472025,Rural,Low
US1ALEL0007,32.4895,-86.1468,WETUMPKA 5.0 SE,6.0,6.0,100.0,259.1282675159267,Rural,High,,,,,,
US1ALEL0012,32.6267,-86.1276,WETUMPKA 7.2 NE,6.0,6.0,100.0,277.3745995956574,Rural,High,6.0,6.0,100.0,277.3745995956574,Rural,High
US1ALEL0018,32.6784,-86.1402,WETUMPKA 9.9 NNE,6.0,0.0,0.0,284.01309588670773,Rural,Low,6.0,0.0,0.0,284.01309588670773,Rural,Low
US1ALEL0022,32.5741,-86.2877,WETUMPKA 5.4 WNW,6.0,0.0,0.0,268.73876469599884,Rural,Low,6.0,0.0,0.0,268.73876469599884,Rural,Low
US1ALEL0024,32.5149,-86.3851,MILLBROOK 1.7 NW,6.0,0.0,0.0,259.3546578855074,Rural,Low,6.0,0.0,0.0,259.3546578855074,Rural,Low
US1ALEL0028,32.4984,-86.0922,WETUMPKA 7.1 ESE,6.0,6.0,100.0,260.61443605183973,Rural,High,6.0,5.0,83.33,260.61443605183973,Rural,High
US1ALGV0005,31.1172,-86.0501,SAMSON 0.4 NNW,6.0,6.0,100.0,81.26919944995284,Rural,High,6.0,6.0,100.0,81.26919944995284,Rural,High
US1ALHS0003,31.2423,-85.4364,DOTHAN 2.6 SW,6.0,6.0,100.0,119.89258674959113,Inland,High,6.0,6.0,100.0,119.89258674959113,Inland,High
US1ALHS0006,31.2261,-85.6143,CLAYHATCHEE 5.9 E,6.0,6.0,100.0,112.62215234689216,Rural,High,,,,,,
US1ALHS0012,31.2081,-85.4337,DOTHAN 2.6 SW,6.0,6.0,100.0,115.52975358497766,Inland,High,,,,,,
US1ALHS0013,31.095,-85.464,REHOBETH 2.1 SSW,6.0,0.0,0.0,100.48829197922846,Rural,Low,6.0,1.0,16.67,100.48829197922846,Rural,Low
US1ALHS0016,31.2929,-85.2997,KINSEY 2.2 E,,,,,,,6.0,5.0,83.33,129.31901507492108,Rural,High
US1ALLE0004,32.5949,-85.4711,AUBURN 0.6 ENE,6.0,6.0,100.0,285.072657295913,Rural,High,6.0,0.0,0.0,285.072657295913,Rural,Low
US1ALLE0007,32.5844,-85.593,AUBURN 6.6 W,6.0,0.0,0.0,280.1271000731892,Rural,Low,6.0,0.0,0.0,280.1271000731892,Rural,Low
US1ALLE0012,32.6327,-85.4605,AUBURN 3.0 NNE,6.0,6.0,100.0,290.1967445114742,Inland,High,,,,,,
US1ALLE0014,32.4836,-85.2195,SALEM 3.9 ENE,6.0,5.0,83.33,280.4667866595553,Rural,High,,,,,,
US1ALLE0015,32.5761,-85.4857,AUBURN 1.2 SSW,,,,,,,6.0,6.0,100.0,282.22780350295903,Rural,High
US1ALMC0003,32.4481,-85.8172,TUSKEGEE 6.2 W,6.0,0.0,0.0,257.35032919834856,Rural,Low,6.0,0.0,0.0,257.35032919834856,Rural,Low
US1ALMY0006,32.0323,-86.2056,RAMER 1.5 SE,6.0,0.0,0.0,198.58810123302396,Rural,Low,6.0,0.0,0.0,198.58810123302396,Rural,Low
US1ALMY0007,32.3772,-86.2575,MONTGOMERY 2.2 NE,6.0,4.0,66.67,243.18862976167605,Inland,High,6.0,0.0,0.0,243.18862976167605,Inland,Low
US1ALMY0009,32.3788,-86.2159,MONTGOMERY 4.3 ENE,6.0,3.0,50.0,243.81780533704776,Inland,High,6.0,6.0,100.0,243.81780533704776,Inland,High
US1ALMY0011,32.1678,-86.2933,MONTGOMERY 12.9 S,6.0,0.0,0.0,215.35514253220128,Rural,Low,6.0,0.0,0.0,215.35514253220128,Rural,Low
US1ALMY0014,32.3783,-86.137,MONTGOMERY 8.8 E,,,,,,,6.0,0.0,0.0,244.58361911741665,Rural,Low
US1ALRS0001,32.4948,-85.0295,PHENIX CITY 2.2 NNW,6.0,0.0,0.0,289.6211094103858,Inland,Low,6.0,0.0,0.0,289.6211094103858,Inland,Low
US1ALRS0003,32.2918,-85.1893,SEALE 1.4 W,6.0,0.0,0.0,258.4448170889063,Rural,Low,6.0,0.0,0.0,258.4448170889063,Rural,Low
US1ALTP0005,32.8476,-85.8561,JACKSONS GAP 3.4 SW,6.0,6.0,100.0,308.9616020330803,Rural,High,,,,,,
US1ALTP0007,32.9884,-85.9492,ALEXANDER CITY 3.1 NNE,6.0,1.0,16.67,326.4172461270035,Rural,High,6.0,0.0,0.0,326.4172461270035,Rural,Low
US1ALTP0016,32.915,-85.963,ALEXANDER CITY 1.9 WSW,6.0,6.0,100.0,316.5832783375091,Rural,High,,,,,,
US1FLBY0007,30.2068,-85.8554,PANAMA CITY BEACH 0.3 SW,6.0,0.0,0.0,0.37822897721779614,Coastal,Low,6.0,3.0,50.0,0.37822897721779614,Coastal,High
US1FLBY0010,30.2535,-85.9369,PANAMA CITY BEACH 5.9 WNW,6.0,0.0,0.0,0.7019007308058092,Coastal,Low,6.0,3.0,50.0,0.7019007308058092,Coastal,High
US1FLBY0011,30.2018,-85.8345,PANAMA CITY BEACH 1.2 ESE,6.0,0.0,0.0,0.4861163548588352,Coastal,Low,6.0,3.0,50.0,0.4861163548588352,Coastal,High
US1FLBY0013,30.2209,-85.6431,LYNN HAVEN 1.6 SSE,6.0,0.0,0.0,3.7384577976433624,Coastal,Low,6.0,0.0,0.0,3.7384577976433624,Coastal,Low
US1FLBY0014,30.1841,-85.7765,PANAMA CITY BEACH 4.9 ESE,6.0,5.0,83.33,2.488762964742276,Coastal,High,6.0,6.0,100.0,2.488762964742276,Coastal,High
US1FLBY0015,30.4328,-85.3992,FOUNTAIN 3.4 SSE,6.0,0.0,0.0,24.474990343033287,Coastal,Low,6.0,1.0,16.67,24.474990343033287,Coastal,Low
US1FLBY0016,30.1383,-85.5656,PANAMA CITY 6.9 ESE,6.0,0.0,0.0,0.5937357335219285,Coastal,Low,6.0,0.0,0.0,0.5937357335219285,Coastal,Low
US1FLBY0019,30.242,-85.6457,LYNN HAVEN 0.4 E,,,,,,,6.0,3.0,50.0,1.483038570846,Coastal,High
US1FLBY0021,30.1628,-85.7807,PANAMA CITY BEACH 5.4 SE,,,,,,,6.0,3.0,50.0,0.00487470458050667,Coastal,High
US1FLBY0027,30.4119,-85.5376,YOUNGSTOWN 6.7 WNW,6.0,6.0,100.0,12.348021313879956,Coastal,High,6.0,6.0,100.0,12.348021313879956,Coastal,High
US1FLDX0002,29.644,-83.0473,CROSS CITY 4.7 E,6.0,0.0,0.0,34.51812095313659,Coastal,Low,6.0,0.0,0.0,34.51812095313659,Coastal,Low
US1FLDX0003,29.6579,-83.0332,OLD TOWN 4.9 NW,,,,,,,6.0,0.0,0.0,36.891382640449564,Coastal,Low
US1FLFR0002,29.731,-85.007,APALACHICOLA 0.8 WNW,6.0,0.0,0.0,1.8060826042237161,Coastal,Low,6.0,3.0,50.0,1.8060826042237161,Coastal,High
US1FLFR0003,29.7627,-84.8866,EASTPOINT 1.4 NW,6.0,0.0,0.0,0.441084808245998,Coastal,Low,6.0,3.0,50.0,0.441084808245998,Coastal,High
US1FLFR0006,29.6589,-84.8809,ST. GEORGE ISLAND 2.2 ENE,6.0,0.0,0.0,0.19566240774603216,Coastal,Low,6.0,3.0,50.0,0.19566240774603216,Coastal,High
US1FLFR0008,29.6709,-84.8418,EASTPOINT 5.8 SSE,,,,,,,6.0,0.0,0.0,0.5181518105370437,Coastal,Low
US1FLGD0001,30.5247,-84.6586,QUINCY 6.0 SW,6.0,3.0,50.0,69.55993649395721,Rural,High,6.0,2.0,33.33,69.55993649395721,Rural,High
US1FLGD0002,30.5823,-84.4671,HAVANA 4.2 SW,6.0,0.0,0.0,66.37346459306772,Rural,Low,6.0,0.0,0.0,66.37346459306772,Rural,Low
US1FLGD0003,30.5294,-84.6621,QUINCY 6.0 SW,6.0,3.0,50.0,70.28034301675787,Rural,High,6.0,2.0,33.33,70.28034301675787,Rural,High
US1FLGD0004,30.4816,-84.6188,QUINCY 7.5 SSW,6.0,0.0,0.0,62.53432578668651,Rural,Low,6.0,0.0,0.0,62.53432578668651,Rural,Low
US1FLGD0006,30.6873,-84.657,QUINCY 8.3 NNW,6.0,6.0,100.0,87.75114529310939,Rural,High,6.0,6.0,100.0,87.75114529310939,Rural,High
US1FLGD0007,30.5608,-84.4587,HAVANA 5.1 SSW,6.0,4.0,66.67,63.44192742597723,Rural,High,6.0,0.0,0.0,63.44192742597723,Rural,Low
US1FLHM0004,30.5051,-83.0999,JENNINGS 6.7 S,6.0,5.0,83.33,99.16780956196371,Rural,High,6.0,6.0,100.0,99.16780956196371,Rural,High
US1FLJF0003,30.345,-83.9977,WACISSA 1.1 SW,6.0,0.0,0.0,30.854620683676195,Coastal,Low,6.0,0.0,0.0,30.854620683676195,Coastal,Low
US1FLJF0005,30.5242,-83.927,MONTICELLO 3.6 WSW,6.0,0.0,0.0,54.9242246474212,Rural,Low,6.0,6.0,100.0,54.9242246474212,Rural,High
US1FLJF0007,30.2925,-83.8973,LAMONT 7.7 SW,6.0,0.0,0.0,27.79203238048681,Coastal,Low,6.0,0.0,0.0,27.79203238048681,Coastal,Low
US1FLJF0009,30.5577,-83.8016,MONTICELLO 4.3 ENE,6.0,0.0,0.0,63.2314266011986,Rural,Low,6.0,0.0,0.0,63.2314266011986,Rural,Low
US1FLJF0010,30.5255,-83.9162,MONTICELLO 2.9 WSW,6.0,0.0,0.0,55.337254754544425,Rural,Low,6.0,0.0,0.0,55.337254754544425,Rural,Low
US1FLJK0002,30.6872,-85.3929,ALFORD 0.6 SSE,6.0,0.0,0.0,51.40435962944428,Rural,Low,6.0,0.0,0.0,51.40435962944428,Rural,Low
US1FLJK0003,30.7737,-85.1747,MARIANNA 3.9 E,6.0,0.0,0.0,73.66508658736839,Rural,Low,6.0,0.0,0.0,73.66508658736839,Rural,Low
US1FLJK0006,30.7847,-85.2324,MARIANNA 0.8 NNE,,,,,,,6.0,6.0,100.0,71.14277592889118,Rural,High
US1FLLB0001,30.33,-84.78,TELOGIA 2.5 SE,6.0,6.0,100.0,55.40663212773529,Rural,High,6.0,6.0,100.0,55.40663212773529,Rural,High
US1FLLB0003,30.3518,-84.8174,HOSFORD 2.7 SW,6.0,0.0,0.0,60.27397560142509,Rural,Low,6.0,0.0,0.0,60.27397560142509,Rural,Low
US1FLLN0004,30.3938,-84.22,TALLAHASSEE 5.7 SE,6.0,0.0,0.0,36.96831708476212,Coastal,Low,6.0,0.0,0.0,36.96831708476212,Coastal,Low
US1FLLN0005,30.367,-84.133,TALLAHASSEE 10.8 SE,6.0,6.0,100.0,34.53774007141785,Coastal,High,,,,,,
US1FLLN0010,30.4463,-84.2997,TALLAHASSEE 1.3 SW,6.0,0.0,0.0,44.872938343720385,Coastal,Low,6.0,3.0,50.0,44.872938343720385,Coastal,High
US1FLLN0017,30.5195,-84.2788,TALLAHASSEE 4.3 N,6.0,2.0,33.33,53.74374668839087,Rural,High,6.0,6.0,100.0,53.74374668839087,Rural,High
US1FLLN0018,30.4202,-84.5437,MIDWAY 6.9 SW,6.0,0.0,0.0,51.5469387305189,Rural,Low,6.0,0.0,0.0,51.5469387305189,Rural,Low
US1FLLN0023,30.4495,-84.2754,TALLAHASSEE 0.6 SE,6.0,6.0,100.0,44.75111483734295,Coastal,High,,,,,,
US1FLLN0025,30.5082,-84.2835,TALLAHASSEE 3.5 N,6.0,0.0,0.0,52.3794584587743,Inland,Low,6.0,0.0,0.0,52.3794584587743,Inland,Low
US1FLLN0028,30.414,-84.2568,TALLAHASSEE 3.3 SSE,6.0,1.0,16.67,39.90999931232853,Coastal,High,6.0,2.0,33.33,39.90999931232853,Coastal,High
US1FLLN0029,30.4935,-84.3107,TALLAHASSEE 3.1 NW,6.0,5.0,83.33,51.08869587374218,Inland,High,6.0,0.0,0.0,51.08869587374218,Inland,Low
US1FLLN0031,30.6033,-84.1126,TALLAHASSEE 14.2 NE,6.0,0.0,0.0,64.71875706254454,Rural,Low,6.0,0.0,0.0,64.71875706254454,Rural,Low
US1FLLN0034,30.595,-84.2679,TALLAHASSEE 9.6 N,6.0,3.0,50.0,63.280416725648564,Rural,High,6.0,5.0,83.33,63.280416725648564,Rural,High
US1FLLN0037,30.4654,-84.3415,TALLAHASSEE 3.6 W,6.0,4.0,66.67,48.01205422089602,Coastal,High,6.0,6.0,100.0,48.01205422089602,Coastal,High
US1FLLN0041,30.6116,-84.2568,TALLAHASSEE 10.8 N,6.0,0.0,0.0,65.30424851702351,Rural,Low,6.0,4.0,66.67,65.30424851702351,Rural,High
US1FLLN0043,30.5175,-84.284,TALLAHASSEE 4.2 N,6.0,6.0,100.0,53.57500925741007,Rural,High,6.0,6.0,100.0,53.57500925741007,Rural,High
US1FLLN0045,30.5486,-84.1463,TALLAHASSEE 10.2 NE,6.0,0.0,0.0,57.37027533612607,Rural,Low,,,,,,
US1FLLN0047,30.4425,-84.1949,TALLAHASSEE 5.2 E,6.0,0.0,0.0,43.264155437771194,Coastal,Low,6.0,0.0,0.0,43.264155437771194,Coastal,Low
US1FLLN0051,30.5077,-84.2198,TALLAHASSEE 5.1 NE,6.0,2.0,33.33,51.670215608732356,Rural,High,6.0,3.0,50.0,51.670215608732356,Rural,High
US1FLLN0055,30.4779,-84.1928,TALLAHASSEE 5.5 ENE,6.0,0.0,0.0,47.84138366419451,Coastal,Low,6.0,0.0,0.0,47.84138366419451,Coastal,Low
US1FLLN0059,30.4129,-84.1335,TALLAHASSEE 9.3 ESE,6.0,5.0,83.33,40.30305481840605,Coastal,High,6.0,6.0,100.0,40.30305481840605,Coastal,High
US1FLLN0060,30.4573,-84.1773,TALLAHASSEE 6.2 E,6.0,0.0,0.0,45.285135411805356,Coastal,Low,6.0,0.0,0.0,45.285135411805356,Coastal,Low
US1FLLN0062,30.547,-84.195,TALLAHASSEE 8.1 NE,6.0,6.0,100.0,56.75725073068267,Rural,High,,,,,,
US1FLLN0063,30.4379,-84.2041,TALLAHASSEE 4.8 ESE,6.0,0.0,0.0,42.64486594326173,Coastal,Low,6.0,0.0,0.0,42.64486594326173,Coastal,Low
US1FLLN0064,30.5603,-84.2729,TALLAHASSEE 7.2 N,6.0,2.0,33.33,58.884076291672436,Rural,High,6.0,0.0,0.0,58.884076291672436,Rural,Low
US1FLLN0065,30.4755,-84.1079,TALLAHASSEE 10.4 E,6.0,0.0,0.0,48.27700618386443,Coastal,Low,6.0,0.0,0.0,48.27700618386443,Coastal,Low
US1FLLN0066,30.3101,-84.2406,TALLAHASSEE 10.4 SSE,6.0,0.0,0.0,26.384686815874677,Coastal,Low,6.0,0.0,0.0,26.384686815874677,Coastal,Low
US1FLLN0068,30.3775,-84.1463,TALLAHASSEE 9.7 SE,6.0,5.0,83.33,35.54025677896863,Coastal,High,6.0,6.0,100.0,35.54025677896863,Coastal,High
US1FLLN0072,30.4106,-84.218,TALLAHASSEE 5.0 SE,,,,,,,6.0,2.0,33.33,39.129298563461155,Coastal,High
US1FLLN0074,30.4256,-84.195,TALLAHASSEE 5.6 ESE,,,,,,,6.0,0.0,0.0,41.08332636743948,Coastal,Low
US1FLLN0087,30.431,-84.2354,TALLAHASSEE 3.3 ESE,,,,,,,6.0,6.0,100.0,41.8525650734321,Coastal,High
US1FLMS0002,30.5843,-83.3775,MADISON 8.3 NNE,6.0,6.0,100.0,89.22529621895515,Rural,High,,,,,,
US1FLMS0003,30.4727,-83.3954,MADISON 1.2 ENE,6.0,6.0,100.0,76.0265721931172,Rural,High,6.0,2.0,33.33,76.0265721931172,Rural,High
US1FLOK0001,30.4939,-86.4398,NICEVILLE 3.6 SE,6.0,0.0,0.0,0.6401030430302586,Coastal,Low,6.0,0.0,0.0,0.6401030430302586,Coastal,Low
US1FLOK0002,30.5244,-86.4924,EGLIN AFB 5.6 NE,6.0,0.0,0.0,0.4521188334187039,Coastal,Low,6.0,0.0,0.0,0.4521188334187039,Coastal,Low
US1FLOK0003,30.5049,-86.4592,NICEVILLE 2.3 SE,6.0,3.0,50.0,0.16539597758564165,Coastal,High,6.0,6.0,100.0,0.16539597758564165,Coastal,High
US1FLOK0015,30.4784,-86.4372,NICEVILLE 4.5 SE,6.0,0.0,0.0,0.20490338091680368,Coastal,Low,6.0,3.0,50.0,0.20490338091680368,Coastal,High
US1FLOK0020,30.5123,-86.4305,NICEVILLE 3.4 ESE,6.0,0.0,0.0,0.7601120910739083,Coastal,Low,6.0,0.0,0.0,0.7601120910739083,Coastal,Low
US1FLOK0028,30.4023,-86.4954,DESTIN 1.5 WNW,6.0,6.0,100.0,0.3825442264546682,Coastal,High,6.0,6.0,100.0,0.3825442264546682,Coastal,High
US1FLOK0033,30.4025,-86.4906,DESTIN 1.2 NW,6.0,0.0,0.0,0.6997220517795296,Coastal,Low,6.0,6.0,100.0,0.6997220517795296,Coastal,High
US1FLOK0037,30.51,-86.4582,NICEVILLE 2.1 SE,6.0,0.0,0.0,0.3805921871853534,Coastal,Low,6.0,0.0,0.0,0.3805921871853534,Coastal,Low
US1FLOK0042,30.5139,-86.4993,VALPARAISO 1.4 N,,,,,,,6.0,0.0,0.0,1.287698925441476,Coastal,Low
US1FLSW0002,30.3932,-83.0857,LIVE OAK 9.1 NW,6.0,6.0,100.0,89.86947062031388,Rural,High,,,,,,
US1FLSW0008,30.3067,-83.1533,LIVE OAK 10.0 W,6.0,0.0,0.0,76.84418008460716,Rural,Low,6.0,1.0,16.67,76.84418008460716,Rural,Low
US1FLTY0004,30.0803,-83.5864,PERRY 2.0 S,6.0,1.0,16.67,22.620603312910628,Coastal,High,6.0,0.0,0.0,22.620603312910628,Coastal,Low
US1FLWK0001,30.1834,-84.3602,ST. MARKS 9.2 W,6.0,6.0,100.0,15.425926570215221,Coastal,High,6.0,3.0,50.0,15.425926570215221,Coastal,High
US1FLWK0007,30.0795,-84.3262,CRAWFORDVILLE 7.3 SSE,6.0,6.0,100.0,1.664189433866887,Coastal,High,6.0,6.0,100.0,1.664189433866887,Coastal,High
US1FLWK0009,30.1413,-84.3209,CRAWFORDVILLE 4.7 SE,6.0,0.0,0.0,8.46824855784729,Coastal,Low,6.0,6.0,100.0,8.46824855784729,Coastal,High
US1FLWK0010,30.1798,-84.3678,CRAWFORDVILLE 1.0 S,6.0,0.0,0.0,15.286659516831222,Coastal,Low,6.0,6.0,100.0,15.286659516831222,Coastal,High
US1FLWS0001,30.5678,-85.873,VERNON 10.6 WSW,6.0,0.0,0.0,31.48965393873332,Coastal,Low,6.0,0.0,0.0,31.48965393873332,Coastal,Low
US1FLWS0003,30.5858,-85.5776,SUNNY HILLS 3.3 N,6.0,3.0,50.0,33.55055347322944,Coastal,High,6.0,5.0,83.33,33.55055347322944,Coastal,High
US1FLWT0001,30.4455,-86.1596,FREEPORT 4.0 SSW,6.0,6.0,100.0,1.3377928278433109,Coastal,High,,,,,,
US1FLWT0002,30.4519,-86.1409,FREEPORT 3.4 S,6.0,6.0,100.0,0.8983772598359372,Coastal,High,6.0,6.0,100.0,0.8983772598359372,Coastal,High
US1FLWT0003,30.3463,-86.2048,MIRAMAR BEACH 9.5 ESE,6.0,0.0,0.0,0.45572949809020685,Coastal,Low,6.0,4.0,66.67,0.45572949809020685,Coastal,High
US1FLWT0005,30.8445,-86.2757,DE FUNIAK SPRINGS 12.5 NW,6.0,0.0,0.0,44.6159866500428,Coastal,Low,6.0,0.0,0.0,44.6159866500428,Coastal,Low
US1FLWT0006,30.762,-86.157,DEFUNIAK SPRINGS 3.6 NW,6.0,0.0,0.0,33.731268459697404,Coastal,Low,6.0,6.0,100.0,33.731268459697404,Coastal,High
US1FLWT0012,30.7617,-86.1228,DE FUNIAK SPRINGS 2.9 N,6.0,5.0,83.33,34.52839670998154,Coastal,High,6.0,6.0,100.0,34.52839670998154,Coastal,High
US1FLWT0013,30.779,-86.1796,DE FUNIAK SPRINGS 5.3 NW,6.0,0.0,0.0,35.600982097578,Coastal,Low,6.0,0.0,0.0,35.600982097578,Coastal,Low
US1FLWT0014,30.276,-85.9965,INLET BEACH 0.7 E,6.0,0.0,0.0,0.19323152486380193,Coastal,Low,6.0,2.0,33.33,0.19323152486380193,Coastal,High
US1FLWT0017,30.6689,-86.3444,NICEVILLE 12.7 NE,6.0,6.0,100.0,20.945573187724545,Coastal,High,6.0,6.0,100.0,20.945573187724545,Coastal,High
US1FLWT0027,30.7524,-86.2435,DEFUNIAK SPRINGS 7.5 WNW,6.0,6.0,100.0,32.27738136367595,Coastal,High,6.0,6.0,100.0,32.27738136367595,Coastal,High
US1GABB0006,32.8931,-83.7303,MACON 5.8 NW,6.0,5.0,83.33,311.2491509923504,Inland,High,6.0,4.0,66.67,311.2491509923504,Inland,High
US1GABB0016,32.8383,-83.5482,MACON 6.3 E,6.0,0.0,0.0,289.9880501165464,Rural,Low,6.0,0.0,0.0,289.9880501165464,Rural,Low
US1GABB0019,32.8671,-83.6343,MACON 2.5 NNE,6.0,2.0,33.33,300.2204702560689,Inland,High,6.0,0.0,0.0,300.2204702560689,Inland,Low
US1GABB0021,32.8713,-83.6312,MACON 2.8 NNE,,,,,,,6.0,0.0,0.0,300.188124719222,Inland,Low
US1GABB0022,32.8613,-83.6322,MACON 2.2 NE,,,,,,,6.0,6.0,100.0,299.6448203329279,Inland,High
US1GABD0001,32.9972,-83.1998,MILLEDGEVILLE 6.5 SSE,6.0,0.0,0.0,267.9661656260874,Rural,Low,6.0,0.0,0.0,267.9661656260874,Rural,Low
US1GABH0002,31.7682,-83.264,FITZGERALD 4.3 N,6.0,1.0,16.67,204.03655649927984,Rural,High,6.0,0.0,0.0,204.03655649927984,Rural,Low
US1GABL0001,32.363,-83.33,COCHRAN 9.0 NNW,6.0,0.0,0.0,242.02850174334912,Rural,Low,6.0,6.0,100.0,242.02850174334912,Rural,High
US1GABL0003,32.435,-83.2225,CHESTER 4.9 NW,6.0,6.0,100.0,234.13993770273348,Rural,High,6.0,6.0,100.0,234.13993770273348,Rural,High
US1GACQ0001,31.1017,-83.6189,MOULTRIE 10.0 ESE,6.0,0.0,0.0,136.37797647696758,Rural,Low,6.0,5.0,83.33,136.37797647696758,Rural,High
US1GACQ0002,31.116,-83.8577,MOULTRIE 6.2 SW,6.0,0.0,0.0,131.87070482752333,Rural,Low,6.0,5.0,83.33,131.87070482752333,Rural,High
US1GACQ0009,31.1619,-83.655,MOULTRIE 6.8 E,6.0,2.0,33.33,142.5803921861026,Rural,High,6.0,1.0,16.67,142.5803921861026,Rural,Low
US1GACR0002,32.6981,-83.8652,FORT VALLEY 10.0 N,6.0,5.0,83.33,313.54559875556555,Rural,High,6.0,2.0,33.33,313.54559875556555,Rural,High
US1GACY0002,31.731,-84.9654,FORT GAINES 13.0 ENE,6.0,0.0,0.0,195.18161260555027,Rural,Low,6.0,0.0,0.0,195.18161260555027,Rural,Low
US1GADC0003,30.8909,-84.5428,BAINBRIDGE 2.3 ESE,6.0,2.0,33.33,106.95134798330521,Rural,High,6.0,5.0,83.33,106.95134798330521,Rural,High
US1GADG0004,32.0791,-83.0949,CHAUNCEY 2.6 SW,6.0,0.0,0.0,201.224198004981,Rural,Low,6.0,0.0,0.0,201.224198004981,Rural,Low
US1GADG0005,32.2058,-83.1456,EASTMAN 2.1 ENE,6.0,0.0,0.0,214.28010865369967,Rural,Low,6.0,0.0,0.0,214.28010865369967,Rural,Low
US1GADG0007,32.2849,-83.2379,EASTMAN 7.0 NNW,6.0,6.0,100.0,228.46716173547773,Rural,High,,,,,,
US1GADH0001,31.618,-84.1352,ALBANY 3.7 NE,6.0,0.0,0.0,196.12203426129557,Inland,Low,6.0,2.0,33.33,196.12203426129557,Inland,High
US1GADH0008,31.5705,-84.2736,ALBANY 5.8 W,6.0,6.0,100.0,189.87710524057096,Rural,High,6.0,6.0,100.0,189.87710524057096,Rural,High
US1GAER0003,31.2286,-85.0665,JAKIN 10.7 NNW,,,,,,,6.0,6.0,100.0,130.49179350313574,Rural,High
US1GAGY0002,31.0074,-84.2467,CAIRO 9.2 NNW,6.0,0.0,0.0,116.46357339779739,Rural,Low,6.0,0.0,0.0,116.46357339779739,Rural,Low
US1GAGY0003,30.8598,-84.1474,CAIRO 3.7 ESE,6.0,0.0,0.0,97.47570052796577,Rural,Low,6.0,2.0,33.33,97.47570052796577,Rural,High
US1GAHR0002,32.8375,-84.8157,PINE MOUNTAIN 2.8 SE,6.0,3.0,50.0,339.25469667043615,Rural,High,6.0,3.0,50.0,339.25469667043615,Rural,High
US1GAHR0005,32.6217,-84.9232,CATAULA 3.9 SW,6.0,3.0,50.0,308.63009280725646,Rural,High,6.0,0.0,0.0,308.63009280725646,Rural,Low
US1GAHR0007,32.5843,-84.7403,WAVERLY HALL 6.9 S,,,,,,,6.0,0.0,0.0,309.4149660595501,Rural,Low
US1GAHS0003,32.6119,-83.6359,WARNER ROBINS 0.3 W,6.0,0.0,0.0,285.5959894400535,Inland,Low,6.0,0.0,0.0,285.5959894400535,Inland,Low
US1GAHS0005,32.5448,-83.6481,BONAIRE 3.0 W,6.0,2.0,33.33,283.5244635089107,Rural,High,6.0,5.0,83.33,283.5244635089107,Rural,High
US1GAHS0011,32.364,-83.5958,HAWKINSVILLE 9.1 NW,6.0,0.0,0.0,268.10528187934375,Rural,Low,6.0,0.0,0.0,268.10528187934375,Rural,Low
US1GAHS0012,32.4727,-83.7288,PERRY 0.8 NE,6.0,6.0,100.0,288.06681786501684,Inland,High,6.0,4.0,66.67,288.06681786501684,Inland,High
US1GAHS0014,32.5751,-83.6951,WARNER ROBINS 4.5 SW,6.0,6.0,100.0,289.85501590194815,Rural,High,,,,,,
US1GAHS0015,32.4441,-83.6915,PERRY 3.0 ESE,6.0,5.0,83.33,282.58247489452384,Rural,High,6.0,6.0,100.0,282.58247489452384,Rural,High
US1GAHS0016,32.5256,-83.6312,KATHLEEN 2.5 NW,6.0,0.0,0.0,280.85913913299595,Rural,Low,6.0,0.0,0.0,280.85913913299595,Rural,Low
US1GAHS0017,32.4453,-83.674,PERRY 4.0 ESE,6.0,0.0,0.0,280.9761140161201,Rural,Low,6.0,3.0,50.0,280.9761140161201,Rural,High
US1GAJN0006,32.8766,-83.5492,MACON 6.8 ENE,6.0,0.0,0.0,292.59091665121935,Rural,Low,6.0,0.0,0.0,292.59091665121935,Rural,Low
US1GALE0002,31.6294,-84.2253,ALBANY 4.6 NW,6.0,4.0,66.67,197.4477951276123,Inland,High,6.0,5.0,83.33,197.4477951276123,Inland,High
US1GALW0004,30.683,-83.236,LAKE PARK 2.8 W,6.0,0.0,0.0,108.4829609896552,Inland,Low,6.0,0.0,0.0,108.4829609896552,Inland,Low
US1GALW0007,30.8302,-83.3553,VALDOSTA 4.8 WSW,6.0,0.0,0.0,118.69107271704605,Rural,Low,6.0,0.0,0.0,118.69107271704605,Rural,Low
US1GALW0008,30.8859,-83.2979,VALDOSTA 2.8 NNW,6.0,3.0,50.0,127.91790328643516,Inland,High,6.0,0.0,0.0,127.91790328643516,Inland,Low
US1GALW0010,30.877,-83.2823,VALDOSTA 1.9 N,6.0,6.0,100.0,127.6305233784056,Inland,High,6.0,6.0,100.0,127.6305233784056,Inland,High
US1GALW0012,30.8251,-83.2659,VALDOSTA 1.8 SSE,6.0,6.0,100.0,122.48134165641372,Inland,High,6.0,6.0,100.0,122.48134165641372,Inland,High
US1GALW0013,30.8456,-83.2779,VALDOSTA 0.3 S,6.0,2.0,33.33,124.21155046012237,Inland,High,6.0,6.0,100.0,124.21155046012237,Inland,High
US1GALW0014,30.8869,-83.2588,VALDOSTA 2.8 NNE,6.0,2.0,33.33,129.94854583023584,Rural,High,6.0,6.0,100.0,129.94854583023584,Rural,High
US1GALW0015,30.8446,-83.3179,VALDOSTA 2.4 W,6.0,2.0,33.33,122.12410119287075,Inland,High,6.0,6.0,100.0,122.12410119287075,Inland,High
US1GALW0016,30.9048,-83.3015,VALDOSTA 4.1 NNW,6.0,2.0,33.33,129.97264851426192,Inland,High,6.0,6.0,100.0,129.97264851426192,Inland,High
US1GALW0017,30.8043,-83.2771,VALDOSTA 3.1 S,6.0,2.0,33.33,119.51661838673964,Rural,High,6.0,6.0,100.0,119.51661838673964,Rural,High
US1GALW0018,30.9145,-83.2522,VALDOSTA 4.8 NNE,6.0,2.0,33.33,133.47697882072907,Rural,High,6.0,6.0,100.0,133.47697882072907,Rural,High
US1GALW0019,30.8474,-83.3292,VALDOSTA 3.0 W,6.0,2.0,33.33,121.9203300951916,Inland,High,6.0,6.0,100.0,121.9203300951916,Inland,High
US1GAMN0002,32.9437,-83.8469,MACON 13.3 NW,6.0,6.0,100.0,325.8579502650122,Rural,High,6.0,6.0,100.0,325.8579502650122,Rural,High
US1GAMN0010,32.9143,-83.9416,FORSYTH 8.3 S,6.0,0.0,0.0,333.37561282908376,Rural,Low,6.0,1.0,16.67,333.37561282908376,Rural,Low
US1GAMN0015,32.9218,-83.8207,MACON 11.2 WNW,6.0,2.0,33.33,321.9118562216026,Rural,High,6.0,3.0,50.0,321.9118562216026,Rural,High
US1GAMS0004,32.5312,-84.9386,COLUMBUS 5.6 NNE,6.0,2.0,33.33,296.61438387105136,Inland,High,6.0,1.0,16.67,296.61438387105136,Inland,Low
US1GAMT0002,31.1222,-84.335,PELHAM 10.8 W,6.0,6.0,100.0,132.05300177813865,Rural,High,6.0,6.0,100.0,132.05300177813865,Rural,High
US1GAMT0005,31.2855,-84.1239,CAMILLA 6.4 NE,6.0,0.0,0.0,152.8555762312742,Rural,Low,6.0,0.0,0.0,152.8555762312742,Rural,Low
US1GAMT0007,31.2101,-84.2201,CAMILLA 1.5 SSW,6.0,6.0,100.0,142.74827974704928,Rural,High,6.0,6.0,100.0,142.74827974704928,Rural,High
US1GAMT0013,31.2101,-84.2198,CAMILLA 1.5 SSW,6.0,6.0,100.0,142.74799813023407,Rural,High,6.0,6.0,100.0,142.74799813023407,Rural,High
US1GAPE0001,32.5514,-83.8771,FORT VALLEY 0.7 ESE,6.0,0.0,0.0,307.561555219248,Rural,Low,6.0,0.0,0.0,307.561555219248,Rural,Low
US1GAPE0003,32.6086,-83.756,BYRON 3.0 S,6.0,0.0,0.0,297.79072794378135,Rural,Low,6.0,0.0,0.0,297.79072794378135,Rural,Low
US1GASM0002,30.7844,-84.867,DONALSONVILLE 17.7 S,6.0,0.0,0.0,99.15488278057256,Rural,Low,6.0,6.0,100.0,99.15488278057256,Rural,High
US1GASR0005,31.9827,-84.2974,AMERICUS 7.4 SW,6.0,0.0,0.0,243.91619219743498,Rural,Low,6.0,6.0,100.0,243.91619219743498,Rural,High
US1GASY0003,32.2544,-84.2347,ELLAVILLE 4.5 ENE,6.0,0.0,0.0,279.4438618279047,Rural,Low,6.0,0.0,0.0,279.4438618279047,Rural,Low
US1GATF0003,31.4744,-83.4893,TIFTON 1.4 ENE,6.0,6.0,100.0,186.98292651171315,Inland,High,6.0,0.0,0.0,186.98292651171315,Inland,Low
US1GATF0006,31.4615,-83.4178,TIFTON 5.5 E,6.0,0.0,0.0,188.09445827664348,Rural,Low,,,,,,
US1GATF0007,31.4771,-83.4791,TIFTON 2.0 ENE,6.0,6.0,100.0,187.6809618497195,Rural,High,6.0,5.0,83.33,187.6809618497195,Rural,High
US1GATG0001,32.6016,-83.3032,DANVILLE 3.3 W,6.0,0.0,0.0,251.30533335076535,Rural,Low,6.0,0.0,0.0,251.30533335076535,Rural,Low
US1GATH0002,30.8376,-83.9313,THOMASVILLE 2.8 E,6.0,6.0,100.0,94.9801239818463,Rural,High,6.0,6.0,100.0,94.9801239818463,Rural,High
US1GATH0004,30.8176,-83.8965,THOMASVILLE 5.1 ESE,6.0,0.0,0.0,92.91579390807809,Rural,Low,6.0,0.0,0.0,92.91579390807809,Rural,Low
US1GATH0005,30.8403,-83.8033,BOSTON 3.4 NNW,6.0,6.0,100.0,97.90135968007004,Rural,High,,,,,,
US1GATH0008,30.8639,-83.8912,THOMASVILLE 5.5 ENE,6.0,1.0,16.67,98.93895273202097,Rural,High,6.0,3.0,50.0,98.93895273202097,Rural,High
US1GATL0001,31.7179,-84.3506,SASSER 0.2 WSW,6.0,0.0,0.0,209.6079753474688,Rural,Low,6.0,0.0,0.0,209.6079753474688,Rural,Low
US1GATP0001,32.9735,-84.8698,LA GRANGE 10.6 ESE,6.0,0.0,0.0,355.2499123907155,Rural,Low,6.0,0.0,0.0,355.2499123907155,Rural,Low
US1GATP0002,32.9542,-84.9976,LA GRANGE 6.4 SSE,6.0,0.0,0.0,347.4539742862722,Rural,Low,6.0,6.0,100.0,347.4539742862722,Rural,High
US1GATR0001,31.6727,-83.6299,SYCAMORE 0.4 ENE,6.0,4.0,66.67,207.84840205718254,Rural,High,6.0,6.0,100.0,207.84840205718254,Rural,High
US1GATY0001,32.6618,-84.3091,BUTLER 8.3 NNW,6.0,0.0,0.0,333.363179163755,Rural,Low,6.0,0.0,0.0,333.363179163755,Rural,Low
US1GATY0002,32.4583,-84.2237,BUTLER 6.9 S,6.0,0.0,0.0,306.303676760213,Rural,Low,6.0,6.0,100.0,306.303676760213,Rural,High
US1GAUP0001,32.9774,-84.2391,THE ROCK 1.0 N,6.0,0.0,0.0,366.76159457512153,Rural,Low,6.0,4.0,66.67,366.76159457512153,Rural,High
US1GAUP0005,32.867,-84.2564,THOMASTON 4.4 ESE,,,,,,,6.0,1.0,16.67,360.3803928712564,Rural,Low
US1GAWT0003,31.4859,-83.9145,SYLVESTER 5.5 WSW,6.0,3.0,50.0,179.1710997083584,Rural,High,6.0,2.0,33.33,179.1710997083584,Rural,High
USC00010160,32.935,-85.9556,ALEXANDER CITY,6.0,0.0,0.0,319.2971681633859,Inland,Low,6.0,0.0,0.0,319.2971681633859,Inland,Low
USC00010425,32.5992,-85.4653,AUBURN NO.2,6.0,0.0,0.0,285.8027917648573,Rural,Low,6.0,0.0,0.0,285.8027917648573,Rural,Low
USC00011178,31.7056,-85.8369,BRUNDIDGE,6.0,6.0,100.0,161.46415769234497,Rural,High,,,,,,
USC00011725,31.8708,-85.45,CLAYTON,6.0,6.0,100.0,196.14045693655854,Rural,High,6.0,0.0,0.0,196.14045693655854,Rural,Low
USC00012124,32.8603,-85.7475,DADEVILLE 2,6.0,4.0,66.67,312.38225723230244,Rural,High,6.0,3.0,50.0,312.38225723230244,Rural,High
USC00012377,31.1942,-85.3708,DOTHAN,6.0,2.0,33.33,114.99847608246277,Rural,High,6.0,0.0,0.0,114.99847608246277,Rural,Low
USC00012675,31.2969,-85.89,ENTERPRISE 4 W,6.0,2.0,33.33,108.65076462820416,Rural,High,6.0,5.0,83.33,108.65076462820416,Rural,High
USC00012730,32.0111,-85.09,EUFAULA WILDLIFE REF,6.0,0.0,0.0,226.09677150822264,Rural,Low,6.0,0.0,0.0,226.09677150822264,Rural,Low
USC00013251,31.0383,-85.8708,GENEVA #2,6.0,0.0,0.0,77.83779482523566,Rural,Low,6.0,0.0,0.0,77.83779482523566,Rural,Low
USC00013761,31.3831,-85.3678,HEADLAND,6.0,3.0,50.0,139.21496653244526,Rural,High,6.0,3.0,50.0,139.21496653244526,Rural,High
USC00013818,31.9478,-86.3131,HIGHLAND HOME #2,6.0,2.0,33.33,186.38487604668725,Rural,High,6.0,6.0,100.0,186.38487604668725,Rural,High
USC00013931,32.2306,-86.3472,HOPE HULL 3S,6.0,5.0,83.33,223.0733022079802,Rural,High,6.0,0.0,0.0,223.0733022079802,Rural,Low
USC00014080,32.2464,-85.4139,HURTSBORO,6.0,0.0,0.0,243.6238829306888,Rural,Low,6.0,2.0,33.33,243.6238829306888,Rural,High
USC00014502,32.9069,-85.4336,LAFAYETTE 2W,6.0,0.0,0.0,325.9216807278142,Rural,Low,6.0,0.0,0.0,325.9216807278142,Rural,Low
USC00015172,32.2603,-86.0003,MATHEWS,6.0,0.0,0.0,230.0703532075688,Rural,Low,6.0,0.0,0.0,230.0703532075688,Rural,Low
USC00015397,32.0347,-85.4739,MIDWAY,6.0,6.0,100.0,215.1698463013601,Rural,High,6.0,0.0,0.0,215.1698463013601,Rural,Low
USC00015553,32.26,-86.2181,MONTGOMERY 6SW,6.0,0.0,0.0,228.212935225247,Rural,Low,6.0,0.0,0.0,228.212935225247,Rural,Low
USC00016129,32.6592,-85.4497,OPELIKA,6.0,0.0,0.0,293.89778966011926,Inland,Low,6.0,0.0,0.0,293.89778966011926,Inland,Low
USC00017020,32.8711,-86.1758,ROCKFORD 3 ESE,6.0,0.0,0.0,309.0286340305748,Rural,Low,6.0,0.0,0.0,309.0286340305748,Rural,Low
USC00017326,32.4122,-85.1794,SEALE,6.0,6.0,100.0,273.4299048142672,Rural,High,6.0,4.0,66.67,273.4299048142672,Rural,High
USC00018038,32.4392,-86.2022,TALLAPOOSA WTR PLT,6.0,0.0,0.0,251.88805926812157,Inland,Low,6.0,0.0,0.0,251.88805926812157,Inland,Low
USC00018323,31.8075,-85.9722,TROY,6.0,0.0,0.0,171.46233000739556,Inland,Low,6.0,0.0,0.0,171.46233000739556,Inland,Low
USC00018653,32.7036,-85.8939,WALNUT HILL 3 W,6.0,0.0,0.0,289.52260704147125,Rural,Low,6.0,0.0,0.0,289.52260704147125,Rural,Low
USC00018859,32.5936,-86.1664,WETUMPKA,6.0,6.0,100.0,272.56128611515214,Rural,High,6.0,0.0,0.0,272.56128611515214,Rural,Low
USC00080211,29.7258,-85.0206,APALACHICOLA AP,6.0,6.0,100.0,1.0523656727312043,Coastal,High,6.0,6.0,100.0,1.0523656727312043,Coastal,High
USC00081544,30.7806,-85.5503,CHIPLEY,6.0,0.0,0.0,58.89029876295421,Rural,Low,6.0,5.0,83.33,58.89029876295421,Rural,High
USC00082008,29.6333,-83.1053,CROSS CITY 1 E,6.0,0.0,0.0,29.47351179959662,Coastal,Low,6.0,0.0,0.0,29.47351179959662,Coastal,Low
USC00082391,30.2497,-83.2594,DOWLING PARK 1 W,6.0,5.0,83.33,63.113137364577284,Rural,High,6.0,6.0,100.0,63.113137364577284,Rural,High
USC00085275,30.4653,-83.4022,MADISON,6.0,6.0,100.0,74.80944557466073,Rural,High,,,,,,
USC00085377,30.7342,-85.0306,MARIANNA 7 NE,6.0,3.0,50.0,80.92071893581743,Rural,High,6.0,1.0,16.67,80.92071893581743,Rural,Low
USC00085539,30.06,-83.1719,MAYO,6.0,0.0,0.0,55.711572509717,Rural,Low,6.0,0.0,0.0,55.711572509717,Rural,Low
USC00085879,30.4922,-83.7833,MONTICELLO 5 SE,6.0,6.0,100.0,56.47954938302283,Rural,High,,,,,,
USC00085880,30.4406,-83.9858,MONTICELLO 10 SW,6.0,0.0,0.0,43.26253270707167,Coastal,Low,6.0,0.0,0.0,43.26253270707167,Coastal,Low
USC00086129,30.9539,-85.8831,NEW HOPE,6.0,6.0,100.0,67.25078620278121,Rural,High,,,,,,
USC00086240,30.5317,-86.4928,NICEVILLE,6.0,0.0,0.0,1.09816154288192,Coastal,Low,6.0,0.0,0.0,1.09816154288192,Coastal,Low
USC00086842,30.2492,-85.6606,PANAMA CITY 5N,6.0,0.0,0.0,0.05519810331435039,Coastal,Low,6.0,3.0,50.0,0.05519810331435039,Coastal,High
USC00087025,30.0925,-83.5708,PERRY,6.0,0.0,0.0,24.920527578460486,Coastal,Low,6.0,0.0,0.0,24.920527578460486,Coastal,Low
USC00087429,30.545,-84.5986,QUINCY 3 SSW,6.0,2.0,33.33,68.66792711941837,Rural,High,6.0,5.0,83.33,68.66792711941837,Rural,High
USC00087869,30.1922,-84.2117,ST MARKS NWR,6.0,6.0,100.0,10.961347821244997,Coastal,High,6.0,6.0,100.0,10.961347821244997,Coastal,High
USC00088756,30.3964,-84.3558,TALLAHASSEE AP,6.0,0.0,0.0,39.69206938199467,Coastal,Low,6.0,1.0,16.67,39.69206938199467,Coastal,Low
USC00089566,30.1122,-85.1958,WEWAHITCHKA,6.0,2.0,33.33,23.33202144592533,Coastal,High,6.0,3.0,50.0,23.33202144592533,Coastal,High
USC00089795,30.7219,-84.8742,WOODRUFF DAM,6.0,6.0,100.0,93.81715318238459,Rural,High,6.0,6.0,100.0,93.81715318238459,Rural,High
USC00090140,31.5339,-84.1489,ALBANY 3 SE,6.0,0.0,0.0,185.08184860206558,Rural,Low,6.0,0.0,0.0,185.08184860206558,Rural,Low
USC00090253,32.0306,-84.2461,AMERICUS,6.0,0.0,0.0,250.04015232215662,Rural,Low,6.0,0.0,0.0,250.04015232215662,Rural,Low
USC00091372,32.3178,-84.5203,BUENA VISTA,6.0,4.0,66.67,285.42323096690205,Rural,High,6.0,6.0,100.0,285.42323096690205,Rural,High
USC00091463,30.8697,-84.2175,CAIRO 1SW,6.0,0.0,0.0,98.52141340999408,Rural,Low,6.0,1.0,16.67,98.52141340999408,Rural,Low
USC00091500,31.2058,-84.1722,CAMILLA 3SE,6.0,0.0,0.0,142.24284223199783,Rural,Low,6.0,0.0,0.0,142.24284223199783,Rural,Low
USC00092159,32.5181,-84.9378,COLUMBUS #2,6.0,2.0,33.33,294.95889140184477,Inland,High,6.0,2.0,33.33,294.95889140184477,Inland,High
USC00092266,31.985,-83.7747,CORDELE,6.0,0.0,0.0,245.65599132831693,Inland,Low,6.0,0.0,0.0,245.65599132831693,Inland,Low
USC00092361,31.8453,-83.9408,CRISP CO PWR DAM,6.0,0.0,0.0,225.95210649880565,Rural,Low,6.0,0.0,0.0,225.95210649880565,Rural,Low
USC00092450,31.7672,-84.7931,CUTHBERT,6.0,1.0,16.67,207.0495278683852,Rural,High,6.0,2.0,33.33,207.0495278683852,Rural,High
USC00092593,30.9772,-84.6367,DECATUR CO FIRE & RESCUE,6.0,6.0,100.0,120.91312541106277,Rural,High,6.0,6.0,100.0,120.91312541106277,Rural,High
USC00092738,31.0292,-84.8911,DONALSONVILLE,6.0,0.0,0.0,119.27747208265248,Rural,Low,6.0,2.0,33.33,119.27747208265248,Rural,High
USC00092966,32.2003,-83.2058,EASTMAN 1 W,6.0,0.0,0.0,219.70228783406114,Rural,Low,6.0,0.0,0.0,219.70228783406114,Rural,Low
USC00093658,31.8967,-85.0375,GEORGETOWN 4 E,6.0,0.0,0.0,213.17749608123762,Rural,Low,6.0,6.0,100.0,213.17749608123762,Rural,High
USC00094170,32.2964,-83.4883,HAWKINSVILLE,6.0,0.0,0.0,253.32355205167832,Rural,Low,6.0,1.0,16.67,253.32355205167832,Rural,Low
USC00095061,31.7633,-84.1869,LEESBURG 2,6.0,0.0,0.0,214.9725425004714,Rural,Low,6.0,6.0,100.0,214.9725425004714,Rural,High
USC00095979,32.3175,-84.065,MONTEZUMA 2 NW,6.0,0.0,0.0,287.83719701093423,Rural,Low,6.0,0.0,0.0,287.83719701093423,Rural,Low
USC00096087,31.1728,-83.7481,MOULTRIE 2 ESE,6.0,0.0,0.0,141.33047110369864,Rural,Low,6.0,0.0,0.0,141.33047110369864,Rural,Low
USC00096148,32.6089,-85.0756,MULBERRY GROVE,6.0,2.0,33.33,301.8464374407893,Rural,High,6.0,6.0,100.0,301.8464374407893,Rural,High
USC00097087,32.0467,-84.3711,PLAINS SW GA EXP STN,6.0,0.0,0.0,252.76440912717862,Rural,Low,6.0,0.0,0.0,252.76440912717862,Rural,Low
USC00098535,32.6864,-84.5208,TALBOTTON,6.0,0.0,0.0,330.26825040383926,Rural,Low,6.0,0.0,0.0,330.26825040383926,Rural,Low
USC00098657,32.9642,-84.2303,THE ROCK RCH,6.0,3.0,50.0,365.11876461284527,Rural,High,6.0,2.0,33.33,365.11876461284527,Rural,High
USC00098661,32.8669,-84.2653,THOMASTON 4SE,6.0,0.0,0.0,360.38296728190323,Rural,Low,6.0,1.0,16.67,360.38296728190323,Rural,Low
USC00098703,31.4461,-83.4767,TIFTON,6.0,0.0,0.0,183.94543334186022,Rural,Low,6.0,2.0,33.33,183.94543334186022,Rural,High
USC00098974,30.8056,-83.2736,VALDOSTA 2 S,6.0,6.0,100.0,119.8504158697165,Rural,High,,,,,,
USC00099124,32.6094,-83.6164,WARNER ROBINS,6.0,0.0,0.0,283.4687112473292,Inland,Low,6.0,0.0,0.0,283.4687112473292,Inland,Low
USC00099291,32.8861,-85.1839,W PT,6.0,0.0,0.0,331.750895478222,Inland,Low,6.0,0.0,0.0,331.750895478222,Inland,Low
USC00099506,32.9783,-84.5983,WOODBURY,6.0,0.0,0.0,363.9200411843383,Rural,Low,6.0,0.0,0.0,363.9200411843383,Rural,Low
USW00003813,32.6889,-83.6531,MACON MIDDLE GA RGNL AP,6.0,0.0,0.0,291.45545095259774,Rural,Low,6.0,0.0,0.0,291.45545095259774,Rural,Low
USW00003818,30.8369,-85.1836,MARIANNA MUNI AP,6.0,0.0,0.0,79.77526193735568,Rural,Low,6.0,2.0,33.33,79.77526193735568,Rural,High
USW00003878,31.8575,-86.0103,TROY MUNI AP,6.0,2.0,33.33,177.36604854193365,Rural,High,6.0,0.0,0.0,177.36604854193365,Rural,Low
USW00003892,32.6161,-85.4333,AUBURN OPELIKA AP,6.0,2.0,33.33,288.9833618038176,Inland,High,6.0,0.0,0.0,288.9833618038176,Inland,Low
USW00012832,29.7269,-85.0247,APALACHICOLA AP,6.0,0.0,0.0,1.1435483951792547,Coastal,Low,6.0,0.0,0.0,1.1435483951792547,Coastal,Low
USW00012833,29.6333,-83.1053,CROSS CITY AP,6.0,0.0,0.0,29.47351179959662,Coastal,Low,6.0,0.0,0.0,29.47351179959662,Coastal,Low
USW00013829,32.35,-85.0,FT BENNING LAWSON FLD,6.0,2.0,33.33,271.76998721573875,Rural,High,6.0,6.0,100.0,271.76998721573875,Rural,High
USW00013839,31.3178,-85.4433,DOTHAN RGNL AP,6.0,0.0,0.0,129.540688871497,Rural,Low,6.0,0.0,0.0,129.540688871497,Rural,Low
USW00013869,31.5364,-84.1958,ALBANY SW GEORGIA RGNL AP,6.0,0.0,0.0,185.2928058234192,Rural,Low,6.0,2.0,33.33,185.2928058234192,Rural,High
USW00013895,32.2997,-86.4075,MONTGOMERY AP,6.0,0.0,0.0,231.46131102382486,Rural,Low,6.0,0.0,0.0,231.46131102382486,Rural,Low
USW00023801,31.79,-86.0003,TROY 2 W,6.0,0.0,0.0,168.74216295566373,Rural,Low,6.0,0.0,0.0,168.74216295566373,Rural,Low
USW00053843,31.3061,-86.3903,ANDALUSIA OPP AP,6.0,0.0,0.0,102.052128757229,Rural,Low,6.0,0.0,0.0,102.052128757229,Rural,Low
USW00053853,30.3933,-86.4675,DESTIN FT WALTON BEACH AP,6.0,0.0,0.0,0.2920276477108678,Coastal,Low,6.0,0.0,0.0,0.2920276477108678,Coastal,Low
USW00053861,31.3558,-85.7511,FT RUCKER LOWE ARMY HELIPORT,6.0,6.0,100.0,121.1619913485191,Rural,High,,,,,,
USW00063828,31.3128,-84.4706,NEWTON 8 W,6.0,0.0,0.0,158.80745719549847,Rural,Low,6.0,0.0,0.0,158.80745719549847,Rural,Low
USW00063829,31.1922,-84.4464,NEWTON 11 SW,6.0,0.0,0.0,142.87596442359148,Rural,Low,6.0,2.0,33.33,142.87596442359148,Rural,High
USW00063870,31.0447,-86.312,FLORALA MUNI AP,6.0,0.0,0.0,69.16407420539393,Rural,Low,6.0,2.0,33.33,69.16407420539393,Rural,High
USW00063871,30.8431,-85.6044,BONIFAY TRI CO AP,6.0,2.0,33.33,66.87974453625398,Rural,High,6.0,5.0,83.33,66.87974453625398,Rural,High
USW00063872,31.9517,-85.1311,EUFAULA WEEDON FLD AP,6.0,0.0,0.0,217.43361080361004,Rural,Low,6.0,2.0,33.33,217.43361080361004,Rural,High
USW00063873,31.35,-85.6667,OZARK FT RUCKER,6.0,6.0,100.0,124.12769521657664,Rural,High,,,,,,
USW00073802,31.9156,-86.3114,HIGHLAND HOME 2 S,6.0,0.0,0.0,182.20536734749254,Rural,Low,6.0,0.0,0.0,182.20536734749254,Rural,Low
USW00073805,30.3486,-85.7883,NW FLORIDA BEACHES INTL AP,6.0,0.0,0.0,5.318032970117335,Coastal,Low,6.0,2.0,33.33,5.318032970117335,Coastal,High
USW00093805,30.3975,-84.3289,TALLAHASSEE,6.0,0.0,0.0,39.13915116844581,Coastal,Low,6.0,0.0,0.0,39.13915116844581,Coastal,Low
USW00093842,32.5164,-84.9422,COLUMBUS METRO AP,6.0,0.0,0.0,294.6216318281791,Inland,Low,6.0,0.0,0.0,294.6216318281791,Inland,Low
USW00093845,30.7764,-83.2739,VALDOSTA RGNL AP,6.0,0.0,0.0,116.5233968689848,Rural,Low,6.0,1.0,16.67,116.5233968689848,Rural,Low
