ID,LAT,LON,NAME,Total Days_Before,Missing Days_Before,Missing %_Before,Distance_to_Coast_km_Before,Region_Before,Total Days_After,Missing Days_After,Missing %_After,Distance_to_Coast_km_After,Region_After
US1ALAT0013,32.6444,-86.4302,DEATSVILLE 3.4 NW,6.0,4.0,66.67,378.0567165225105,Rural,6.0,5.0,83.33,378.0567165225105,Rural
US1ALAT0014,32.4825,-86.4854,PRATTVILLE 2.7 WNW,6.0,4.0,66.67,361.741982493719,Rural,6.0,5.0,83.33,361.741982493719,Rural
US1ALBR0006,31.8826,-85.5839,CLAYTON 7.8 W,,,,,,6.0,2.0,33.33,392.00062874831985,Rural
US1ALCF0004,31.3361,-85.8709,ENTERPRISE 1.5 WNW,6.0,0.0,0.0,342.2222352592847,Rural,6.0,6.0,100.0,342.2222352592847,Rural
US1ALCH0003,32.8341,-86.4768,CLANTON 8.6 E,6.0,6.0,100.0,390.3794529319292,Rural,,,,,
US1ALCS0003,32.8217,-86.0534,ALEXANDER CITY 10.0 SW,6.0,3.0,50.0,417.0405818843895,Rural,6.0,0.0,0.0,417.0405818843895,Rural
US1ALCS0007,32.8021,-86.0054,ALEXANDER CITY 9.6 SSW,6.0,1.0,16.67,418.820502238937,Rural,6.0,1.0,16.67,418.820502238937,Rural
US1ALDL0011,31.3039,-85.7896,ENTERPRISE 3.8 ESE,6.0,5.0,83.33,348.2252656679533,Rural,6.0,3.0,50.0,348.2252656679533,Rural
US1ALEL0004,32.5504,-86.3845,MILLBROOK 4.0 NNW,6.0,0.0,0.0,373.79755996856017,Rural,6.0,0.0,0.0,373.79755996856017,Rural
US1ALEL0007,32.4895,-86.1468,WETUMPKA 5.0 SE,6.0,6.0,100.0,385.8161034200989,Rural,,,,,
US1ALEL0012,32.6267,-86.1276,WETUMPKA 7.2 NE,6.0,6.0,100.0,397.22482131144204,Rural,6.0,6.0,100.0,397.22482131144204,Rural
US1ALEL0018,32.6784,-86.1402,WETUMPKA 9.9 NNE,6.0,0.0,0.0,400.224843384111,Rural,6.0,0.0,0.0,400.224843384111,Rural
US1ALEL0022,32.5741,-86.2877,WETUMPKA 5.4 WNW,6.0,0.0,0.0,382.2098830914074,Rural,6.0,0.0,0.0,382.2098830914074,Rural
US1ALEL0024,32.5149,-86.3851,MILLBROOK 1.7 NW,6.0,0.0,0.0,371.044538948307,Rural,6.0,0.0,0.0,371.044538948307,Rural
US1ALEL0028,32.4984,-86.0922,WETUMPKA 7.1 ESE,6.0,6.0,100.0,390.3626763149291,Rural,6.0,5.0,83.33,390.3626763149291,Rural
US1ALGV0005,31.1172,-86.0501,SAMSON 0.4 NNW,6.0,6.0,100.0,318.0726744793624,Rural,6.0,6.0,100.0,318.0726744793624,Rural
US1ALHS0003,31.2423,-85.4364,DOTHAN 2.6 SW,6.0,6.0,100.0,377.94536689519595,Rural,6.0,6.0,100.0,377.94536689519595,Rural
US1ALHS0006,31.2261,-85.6143,CLAYHATCHEE 5.9 E,6.0,6.0,100.0,361.25397007373425,Rural,,,,,
US1ALHS0012,31.2081,-85.4337,DOTHAN 2.6 SW,6.0,6.0,100.0,377.10456128299444,Rural,,,,,
US1ALHS0013,31.095,-85.464,REHOBETH 2.1 SSW,6.0,0.0,0.0,370.97186044631457,Rural,6.0,1.0,16.67,370.97186044631457,Rural
US1ALHS0016,31.2929,-85.2997,KINSEY 2.2 E,,,,,,6.0,5.0,83.33,388.4724726417053,Rural
US1ALLE0004,32.5949,-85.4711,AUBURN 0.6 ENE,6.0,6.0,100.0,442.8609724346962,Rural,6.0,0.0,0.0,442.8609724346962,Rural
US1ALLE0007,32.5844,-85.593,AUBURN 6.6 W,6.0,0.0,0.0,432.974552496082,Rural,6.0,0.0,0.0,432.974552496082,Rural
US1ALLE0012,32.6327,-85.4605,AUBURN 3.0 NNE,6.0,6.0,100.0,446.14227439313186,Rural,,,,,
US1ALLE0014,32.4836,-85.2195,SALEM 3.9 ENE,6.0,5.0,83.33,436.28485494080013,Rural,,,,,
US1ALLE0015,32.5761,-85.4857,AUBURN 1.2 SSW,,,,,,6.0,6.0,100.0,440.5267906433794,Rural
US1ALMC0003,32.4481,-85.8172,TUSKEGEE 6.2 W,6.0,0.0,0.0,407.06378584779003,Rural,6.0,0.0,0.0,407.06378584779003,Rural
US1ALMY0006,32.0323,-86.2056,RAMER 1.5 SE,6.0,0.0,0.0,350.3547793698909,Rural,6.0,0.0,0.0,350.3547793698909,Rural
US1ALMY0007,32.3772,-86.2575,MONTGOMERY 2.2 NE,6.0,4.0,66.67,369.81598225128,Rural,6.0,0.0,0.0,369.81598225128,Rural
US1ALMY0009,32.3788,-86.2159,MONTGOMERY 4.3 ENE,6.0,3.0,50.0,372.9262215306161,Rural,6.0,6.0,100.0,372.9262215306161,Rural
US1ALMY0011,32.1678,-86.2933,MONTGOMERY 12.9 S,6.0,0.0,0.0,352.5831996379574,Rural,6.0,0.0,0.0,352.5831996379574,Rural
US1ALMY0014,32.3783,-86.137,MONTGOMERY 8.8 E,,,,,,6.0,0.0,0.0,378.6209707176977,Rural
US1ALRS0001,32.4948,-85.0295,PHENIX CITY 2.2 NNW,6.0,0.0,0.0,422.12637786935926,Rural,6.0,0.0,0.0,422.12637786935926,Rural
US1ALRS0003,32.2918,-85.1893,SEALE 1.4 W,6.0,0.0,0.0,422.6617827999128,Rural,6.0,0.0,0.0,422.6617827999128,Rural
US1ALTP0005,32.8476,-85.8561,JACKSONS GAP 3.4 SW,6.0,6.0,100.0,432.531923855653,Rural,,,,,
US1ALTP0007,32.9884,-85.9492,ALEXANDER CITY 3.1 NNE,6.0,1.0,16.67,436.9062647573061,Rural,6.0,0.0,0.0,436.9062647573061,Rural
US1ALTP0016,32.915,-85.963,ALEXANDER CITY 1.9 WSW,6.0,6.0,100.0,430.30914241060884,Rural,,,,,
US1FLBY0007,30.2068,-85.8554,PANAMA CITY BEACH 0.3 SW,6.0,0.0,0.0,321.40423928606265,Rural,6.0,3.0,50.0,321.40423928606265,Rural
US1FLBY0010,30.2535,-85.9369,PANAMA CITY BEACH 5.9 WNW,6.0,0.0,0.0,313.5540404340324,Rural,6.0,3.0,50.0,313.5540404340324,Rural
US1FLBY0011,30.2018,-85.8345,PANAMA CITY BEACH 1.2 ESE,6.0,0.0,0.0,323.4198926257642,Rural,6.0,3.0,50.0,323.4198926257642,Rural
US1FLBY0013,30.2209,-85.6431,LYNN HAVEN 1.6 SSE,6.0,0.0,0.0,341.7863713036504,Rural,6.0,0.0,0.0,341.7863713036504,Rural
US1FLBY0014,30.1841,-85.7765,PANAMA CITY BEACH 4.9 ESE,6.0,5.0,83.33,329.02746091410484,Rural,6.0,6.0,100.0,329.02746091410484,Rural
US1FLBY0015,30.4328,-85.3992,FOUNTAIN 3.4 SSE,6.0,0.0,0.0,365.7352185841832,Rural,6.0,1.0,16.67,365.7352185841832,Rural
US1FLBY0016,30.1383,-85.5656,PANAMA CITY 6.9 ESE,6.0,0.0,0.0,349.4385748124106,Rural,6.0,0.0,0.0,349.4385748124106,Rural
US1FLBY0019,30.242,-85.6457,LYNN HAVEN 0.4 E,,,,,,6.0,3.0,50.0,341.52395009630095,Rural
US1FLBY0021,30.1628,-85.7807,PANAMA CITY BEACH 5.4 SE,,,,,,6.0,3.0,50.0,328.68065337770065,Rural
US1FLBY0027,30.4119,-85.5376,YOUNGSTOWN 6.7 WNW,6.0,6.0,100.0,352.36115058979095,Rural,6.0,6.0,100.0,352.36115058979095,Rural
US1FLDX0002,29.644,-83.0473,CROSS CITY 4.7 E,6.0,0.0,0.0,174.63631899470582,Rural,6.0,0.0,0.0,174.63631899470582,Rural
US1FLDX0003,29.6579,-83.0332,OLD TOWN 4.9 NW,,,,,,6.0,0.0,0.0,172.74882093332744,Rural
US1FLFR0002,29.731,-85.007,APALACHICOLA 0.8 WNW,6.0,0.0,0.0,318.0208332294146,Rural,6.0,3.0,50.0,318.0208332294146,Rural
US1FLFR0003,29.7627,-84.8866,EASTPOINT 1.4 NW,6.0,0.0,0.0,311.8977368572718,Rural,6.0,3.0,50.0,311.8977368572718,Rural
US1FLFR0006,29.6589,-84.8809,ST. GEORGE ISLAND 2.2 ENE,6.0,0.0,0.0,303.60893608832373,Rural,6.0,3.0,50.0,303.60893608832373,Rural
US1FLFR0008,29.6709,-84.8418,EASTPOINT 5.8 SSE,,,,,,6.0,0.0,0.0,301.73710257872415,Rural
US1FLGD0001,30.5247,-84.6586,QUINCY 6.0 SW,6.0,3.0,50.0,313.4696259762264,Rural,6.0,2.0,33.33,313.4696259762264,Rural
US1FLGD0002,30.5823,-84.4671,HAVANA 4.2 SW,6.0,0.0,0.0,295.6940488516469,Inland,6.0,0.0,0.0,295.6940488516469,Inland
US1FLGD0003,30.5294,-84.6621,QUINCY 6.0 SW,6.0,3.0,50.0,313.8386753768151,Rural,6.0,2.0,33.33,313.8386753768151,Rural
US1FLGD0004,30.4816,-84.6188,QUINCY 7.5 SSW,6.0,0.0,0.0,309.38402378650636,Rural,6.0,0.0,0.0,309.38402378650636,Rural
US1FLGD0006,30.6873,-84.657,QUINCY 8.3 NNW,6.0,6.0,100.0,315.01521987729814,Rural,6.0,6.0,100.0,315.01521987729814,Rural
US1FLGD0007,30.5608,-84.4587,HAVANA 5.1 SSW,6.0,4.0,66.67,294.6807768173062,Inland,6.0,0.0,0.0,294.6807768173062,Inland
US1FLHM0004,30.5051,-83.0999,JENNINGS 6.7 S,6.0,5.0,83.33,164.6140513911225,Rural,6.0,6.0,100.0,164.6140513911225,Rural
US1FLJF0003,30.345,-83.9977,WACISSA 1.1 SW,6.0,0.0,0.0,249.3802201566114,Inland,6.0,0.0,0.0,249.3802201566114,Inland
US1FLJF0005,30.5242,-83.927,MONTICELLO 3.6 WSW,6.0,0.0,0.0,243.60098081985217,Rural,6.0,6.0,100.0,243.60098081985217,Rural
US1FLJF0007,30.2925,-83.8973,LAMONT 7.7 SW,6.0,0.0,0.0,239.75958677897276,Rural,6.0,0.0,0.0,239.75958677897276,Rural
US1FLJF0009,30.5577,-83.8016,MONTICELLO 4.3 ENE,6.0,0.0,0.0,232.0339672806965,Rural,6.0,0.0,0.0,232.0339672806965,Rural
US1FLJF0010,30.5255,-83.9162,MONTICELLO 2.9 WSW,6.0,0.0,0.0,242.58413507563702,Rural,6.0,0.0,0.0,242.58413507563702,Rural
US1FLJK0002,30.6872,-85.3929,ALFORD 0.6 SSE,6.0,0.0,0.0,368.94450753876987,Rural,6.0,0.0,0.0,368.94450753876987,Rural
US1FLJK0003,30.7737,-85.1747,MARIANNA 3.9 E,6.0,0.0,0.0,365.3106992258337,Rural,6.0,0.0,0.0,365.3106992258337,Rural
US1FLJK0006,30.7847,-85.2324,MARIANNA 0.8 NNE,,,,,,6.0,6.0,100.0,370.93413835832445,Rural
US1FLLB0001,30.33,-84.78,TELOGIA 2.5 SE,6.0,6.0,100.0,324.45309127083425,Rural,6.0,6.0,100.0,324.45309127083425,Rural
US1FLLB0003,30.3518,-84.8174,HOSFORD 2.7 SW,6.0,0.0,0.0,328.0396395708091,Rural,6.0,0.0,0.0,328.0396395708091,Rural
US1FLLN0004,30.3938,-84.22,TALLAHASSEE 5.7 SE,6.0,0.0,0.0,270.79898965812384,Inland,6.0,0.0,0.0,270.79898965812384,Inland
US1FLLN0005,30.367,-84.133,TALLAHASSEE 10.8 SE,6.0,6.0,100.0,262.39194600457137,Inland,,,,,
US1FLLN0010,30.4463,-84.2997,TALLAHASSEE 1.3 SW,6.0,0.0,0.0,278.645908168314,Inland,6.0,3.0,50.0,278.645908168314,Inland
US1FLLN0017,30.5195,-84.2788,TALLAHASSEE 4.3 N,6.0,2.0,33.33,277.1389844274494,Inland,6.0,6.0,100.0,277.1389844274494,Inland
US1FLLN0018,30.4202,-84.5437,MIDWAY 6.9 SW,6.0,0.0,0.0,301.91261308751854,Inland,6.0,0.0,0.0,301.91261308751854,Inland
US1FLLN0023,30.4495,-84.2754,TALLAHASSEE 0.6 SE,6.0,6.0,100.0,276.3355870847431,Inland,,,,,
US1FLLN0025,30.5082,-84.2835,TALLAHASSEE 3.5 N,6.0,0.0,0.0,277.49624447509245,Inland,6.0,0.0,0.0,277.49624447509245,Inland
US1FLLN0028,30.414,-84.2568,TALLAHASSEE 3.3 SSE,6.0,1.0,16.67,274.3937060897745,Inland,6.0,2.0,33.33,274.3937060897745,Inland
US1FLLN0029,30.4935,-84.3107,TALLAHASSEE 3.1 NW,6.0,5.0,83.33,279.98621474585326,Inland,6.0,0.0,0.0,279.98621474585326,Inland
US1FLLN0031,30.6033,-84.1126,TALLAHASSEE 14.2 NE,6.0,0.0,0.0,262.1912451600386,Inland,6.0,0.0,0.0,262.1912451600386,Inland
US1FLLN0034,30.595,-84.2679,TALLAHASSEE 9.6 N,6.0,3.0,50.0,276.86032566357466,Inland,6.0,5.0,83.33,276.86032566357466,Inland
US1FLLN0037,30.4654,-84.3415,TALLAHASSEE 3.6 W,6.0,4.0,66.67,282.7514784962596,Inland,6.0,6.0,100.0,282.7514784962596,Inland
US1FLLN0041,30.6116,-84.2568,TALLAHASSEE 10.8 N,6.0,0.0,0.0,276.0062910717883,Inland,6.0,4.0,66.67,276.0062910717883,Inland
US1FLLN0043,30.5175,-84.284,TALLAHASSEE 4.2 N,6.0,6.0,100.0,277.6190434780837,Inland,6.0,6.0,100.0,277.6190434780837,Inland
US1FLLN0045,30.5486,-84.1463,TALLAHASSEE 10.2 NE,6.0,0.0,0.0,264.7643508468476,Inland,,,,,
US1FLLN0047,30.4425,-84.1949,TALLAHASSEE 5.2 E,6.0,0.0,0.0,268.5906155936265,Inland,6.0,0.0,0.0,268.5906155936265,Inland
US1FLLN0051,30.5077,-84.2198,TALLAHASSEE 5.1 NE,6.0,2.0,33.33,271.4054357523808,Inland,6.0,3.0,50.0,271.4054357523808,Inland
US1FLLN0055,30.4779,-84.1928,TALLAHASSEE 5.5 ENE,6.0,0.0,0.0,268.6021793516583,Inland,6.0,0.0,0.0,268.6021793516583,Inland
US1FLLN0059,30.4129,-84.1335,TALLAHASSEE 9.3 ESE,6.0,5.0,83.33,262.5728520565876,Inland,6.0,6.0,100.0,262.5728520565876,Inland
US1FLLN0060,30.4573,-84.1773,TALLAHASSEE 6.2 E,6.0,0.0,0.0,266.98783529742843,Inland,6.0,0.0,0.0,266.98783529742843,Inland
US1FLLN0062,30.547,-84.195,TALLAHASSEE 8.1 NE,6.0,6.0,100.0,269.39242639601406,Inland,,,,,
US1FLLN0063,30.4379,-84.2041,TALLAHASSEE 4.8 ESE,6.0,0.0,0.0,269.44835586379924,Inland,6.0,0.0,0.0,269.44835586379924,Inland
US1FLLN0064,30.5603,-84.2729,TALLAHASSEE 7.2 N,6.0,2.0,33.33,276.95524028726,Inland,6.0,0.0,0.0,276.95524028726,Inland
US1FLLN0065,30.4755,-84.1079,TALLAHASSEE 10.4 E,6.0,0.0,0.0,260.46520815481506,Inland,6.0,0.0,0.0,260.46520815481506,Inland
US1FLLN0066,30.3101,-84.2406,TALLAHASSEE 10.4 SSE,6.0,0.0,0.0,272.69353756717254,Inland,6.0,0.0,0.0,272.69353756717254,Inland
US1FLLN0068,30.3775,-84.1463,TALLAHASSEE 9.7 SE,6.0,5.0,83.33,263.6892086242949,Inland,6.0,6.0,100.0,263.6892086242949,Inland
US1FLLN0072,30.4106,-84.218,TALLAHASSEE 5.0 SE,,,,,,6.0,2.0,33.33,270.6624510226393,Inland
US1FLLN0074,30.4256,-84.195,TALLAHASSEE 5.6 ESE,,,,,,6.0,0.0,0.0,268.5190618178885,Inland
US1FLLN0087,30.431,-84.2354,TALLAHASSEE 3.3 ESE,,,,,,6.0,6.0,100.0,272.4136501073104,Inland
US1FLMS0002,30.5843,-83.3775,MADISON 8.3 NNE,6.0,6.0,100.0,192.18943072094282,Rural,,,,,
US1FLMS0003,30.4727,-83.3954,MADISON 1.2 ENE,6.0,6.0,100.0,192.35818505664233,Rural,6.0,2.0,33.33,192.35818505664233,Rural
US1FLOK0001,30.4939,-86.4398,NICEVILLE 3.6 SE,6.0,0.0,0.0,266.867998703397,Rural,6.0,0.0,0.0,266.867998703397,Rural
US1FLOK0002,30.5244,-86.4924,EGLIN AFB 5.6 NE,6.0,0.0,0.0,262.26423517835053,Rural,6.0,0.0,0.0,262.26423517835053,Rural
US1FLOK0003,30.5049,-86.4592,NICEVILLE 2.3 SE,6.0,3.0,50.0,265.1595388854243,Rural,6.0,6.0,100.0,265.1595388854243,Rural
US1FLOK0015,30.4784,-86.4372,NICEVILLE 4.5 SE,6.0,0.0,0.0,266.93112856857766,Rural,6.0,3.0,50.0,266.93112856857766,Rural
US1FLOK0020,30.5123,-86.4305,NICEVILLE 3.4 ESE,6.0,0.0,0.0,267.98621496512453,Rural,6.0,0.0,0.0,267.98621496512453,Rural
US1FLOK0028,30.4023,-86.4954,DESTIN 1.5 WNW,6.0,6.0,100.0,260.61882714774885,Rural,6.0,6.0,100.0,260.61882714774885,Rural
US1FLOK0033,30.4025,-86.4906,DESTIN 1.2 NW,6.0,0.0,0.0,261.0795491090486,Rural,6.0,6.0,100.0,261.0795491090486,Rural
US1FLOK0037,30.51,-86.4582,NICEVILLE 2.1 SE,6.0,0.0,0.0,265.3209565074624,Rural,6.0,0.0,0.0,265.3209565074624,Rural
US1FLOK0042,30.5139,-86.4993,VALPARAISO 1.4 N,,,,,,6.0,0.0,0.0,261.46397634276263,Rural
US1FLSW0002,30.3932,-83.0857,LIVE OAK 9.1 NW,6.0,6.0,100.0,162.08911610349912,Rural,,,,,
US1FLSW0008,30.3067,-83.1533,LIVE OAK 10.0 W,6.0,0.0,0.0,168.3201508222139,Rural,6.0,1.0,16.67,168.3201508222139,Rural
US1FLTY0004,30.0803,-83.5864,PERRY 2.0 S,6.0,1.0,16.67,211.55234103120023,Rural,6.0,0.0,0.0,211.55234103120023,Rural
US1FLWK0001,30.1834,-84.3602,ST. MARKS 9.2 W,6.0,6.0,100.0,284.6507447978318,Inland,6.0,3.0,50.0,284.6507447978318,Inland
US1FLWK0007,30.0795,-84.3262,CRAWFORDVILLE 7.3 SSE,6.0,6.0,100.0,282.3044606401589,Rural,6.0,6.0,100.0,282.3044606401589,Rural
US1FLWK0009,30.1413,-84.3209,CRAWFORDVILLE 4.7 SE,6.0,0.0,0.0,281.1946540890355,Rural,6.0,6.0,100.0,281.1946540890355,Rural
US1FLWK0010,30.1798,-84.3678,CRAWFORDVILLE 1.0 S,6.0,0.0,0.0,285.4036766259471,Inland,6.0,6.0,100.0,285.4036766259471,Inland
US1FLWS0001,30.5678,-85.873,VERNON 10.6 WSW,6.0,0.0,0.0,321.7330283767463,Rural,6.0,0.0,0.0,321.7330283767463,Rural
US1FLWS0003,30.5858,-85.5776,SUNNY HILLS 3.3 N,6.0,3.0,50.0,350.0616603548073,Rural,6.0,5.0,83.33,350.0616603548073,Rural
US1FLWT0001,30.4455,-86.1596,FREEPORT 4.0 SSW,6.0,6.0,100.0,293.09133917678747,Rural,,,,,
US1FLWT0002,30.4519,-86.1409,FREEPORT 3.4 S,6.0,6.0,100.0,294.93545880603676,Rural,6.0,6.0,100.0,294.93545880603676,Rural
US1FLWT0003,30.3463,-86.2048,MIRAMAR BEACH 9.5 ESE,6.0,0.0,0.0,288.08469838679366,Rural,6.0,4.0,66.67,288.08469838679366,Rural
US1FLWT0005,30.8445,-86.2757,DE FUNIAK SPRINGS 12.5 NW,6.0,0.0,0.0,289.1213590273772,Rural,6.0,0.0,0.0,289.1213590273772,Rural
US1FLWT0006,30.762,-86.157,DEFUNIAK SPRINGS 3.6 NW,6.0,0.0,0.0,298.21304219225885,Rural,6.0,6.0,100.0,298.21304219225885,Rural
US1FLWT0012,30.7617,-86.1228,DE FUNIAK SPRINGS 2.9 N,6.0,5.0,83.33,301.41157226884934,Rural,6.0,6.0,100.0,301.41157226884934,Rural
US1FLWT0013,30.779,-86.1796,DE FUNIAK SPRINGS 5.3 NW,6.0,0.0,0.0,296.4758725433121,Rural,6.0,0.0,0.0,296.4758725433121,Rural
US1FLWT0014,30.276,-85.9965,INLET BEACH 0.7 E,6.0,0.0,0.0,307.85276786846333,Rural,6.0,2.0,33.33,307.85276786846333,Rural
US1FLWT0017,30.6689,-86.3444,NICEVILLE 12.7 NE,6.0,6.0,100.0,278.6877304393612,Rural,6.0,6.0,100.0,278.6877304393612,Rural
US1FLWT0027,30.7524,-86.2435,DEFUNIAK SPRINGS 7.5 WNW,6.0,6.0,100.0,289.8996524433179,Rural,6.0,6.0,100.0,289.8996524433179,Rural
US1GABB0006,32.8931,-83.7303,MACON 5.8 NW,6.0,5.0,83.33,363.0854591296773,Rural,6.0,4.0,66.67,363.0854591296773,Rural
US1GABB0016,32.8383,-83.5482,MACON 6.3 E,6.0,0.0,0.0,347.946606480771,Rural,6.0,0.0,0.0,347.946606480771,Rural
US1GABB0019,32.8671,-83.6343,MACON 2.5 NNE,6.0,2.0,33.33,355.3251673426441,Rural,6.0,0.0,0.0,355.3251673426441,Rural
US1GABB0021,32.8713,-83.6312,MACON 2.8 NNE,,,,,,6.0,0.0,0.0,355.52297987756225,Rural
US1GABB0022,32.8613,-83.6322,MACON 2.2 NE,,,,,,6.0,6.0,100.0,354.69272907318975,Rural
US1GABD0001,32.9972,-83.1998,MILLEDGEVILLE 6.5 SSE,6.0,0.0,0.0,344.9078200697997,Rural,6.0,0.0,0.0,344.9078200697997,Rural
US1GABH0002,31.7682,-83.264,FITZGERALD 4.3 N,6.0,1.0,16.67,241.22560763341255,Rural,6.0,0.0,0.0,241.22560763341255,Rural
US1GABL0001,32.363,-83.33,COCHRAN 9.0 NNW,6.0,0.0,0.0,293.6264077897749,Rural,6.0,6.0,100.0,293.6264077897749,Rural
US1GABL0003,32.435,-83.2225,CHESTER 4.9 NW,6.0,6.0,100.0,293.75528235364646,Rural,6.0,6.0,100.0,293.75528235364646,Rural
US1GACQ0001,31.1017,-83.6189,MOULTRIE 10.0 ESE,6.0,0.0,0.0,230.1117243492175,Rural,6.0,5.0,83.33,230.1117243492175,Rural
US1GACQ0002,31.116,-83.8577,MOULTRIE 6.2 SW,6.0,0.0,0.0,251.86681445597029,Rural,6.0,5.0,83.33,251.86681445597029,Rural
US1GACQ0009,31.1619,-83.655,MOULTRIE 6.8 E,6.0,2.0,33.33,235.87427124752492,Rural,6.0,1.0,16.67,235.87427124752492,Rural
US1GACR0002,32.6981,-83.8652,FORT VALLEY 10.0 N,6.0,5.0,83.33,354.5622313342529,Rural,6.0,2.0,33.33,354.5622313342529,Rural
US1GACY0002,31.731,-84.9654,FORT GAINES 13.0 ENE,6.0,0.0,0.0,375.1560964491908,Rural,6.0,0.0,0.0,375.1560964491908,Rural
US1GADC0003,30.8909,-84.5428,BAINBRIDGE 2.3 ESE,6.0,2.0,33.33,307.8919938073335,Rural,6.0,5.0,83.33,307.8919938073335,Rural
US1GADG0004,32.0791,-83.0949,CHAUNCEY 2.6 SW,6.0,0.0,0.0,255.19321303218646,Rural,6.0,0.0,0.0,255.19321303218646,Rural
US1GADG0005,32.2058,-83.1456,EASTMAN 2.1 ENE,6.0,0.0,0.0,269.1404117715285,Rural,6.0,0.0,0.0,269.1404117715285,Rural
US1GADG0007,32.2849,-83.2379,EASTMAN 7.0 NNW,6.0,6.0,100.0,281.431550931305,Rural,,,,,
US1GADH0001,31.618,-84.1352,ALBANY 3.7 NE,6.0,0.0,0.0,299.15074306665446,Rural,6.0,2.0,33.33,299.15074306665446,Rural
US1GADH0008,31.5705,-84.2736,ALBANY 5.8 W,6.0,6.0,100.0,308.3266754908233,Rural,6.0,6.0,100.0,308.3266754908233,Rural
US1GAER0003,31.2286,-85.0665,JAKIN 10.7 NNW,,,,,,6.0,6.0,100.0,365.2021439048592,Rural
US1GAGY0002,31.0074,-84.2467,CAIRO 9.2 NNW,6.0,0.0,0.0,283.4297989033009,Rural,6.0,0.0,0.0,283.4297989033009,Rural
US1GAGY0003,30.8598,-84.1474,CAIRO 3.7 ESE,6.0,0.0,0.0,270.2658737835136,Rural,6.0,2.0,33.33,270.2658737835136,Rural
US1GAHR0002,32.8375,-84.8157,PINE MOUNTAIN 2.8 SE,6.0,3.0,50.0,429.28504764682236,Rural,6.0,3.0,50.0,429.28504764682236,Rural
US1GAHR0005,32.6217,-84.9232,CATAULA 3.9 SW,6.0,3.0,50.0,422.2274025050258,Rural,6.0,0.0,0.0,422.2274025050258,Rural
US1GAHR0007,32.5843,-84.7403,WAVERLY HALL 6.9 S,,,,,,6.0,0.0,0.0,406.0773497115706,Rural
US1GAHS0003,32.6119,-83.6359,WARNER ROBINS 0.3 W,6.0,0.0,0.0,333.2428922919152,Rural,6.0,0.0,0.0,333.2428922919152,Rural
US1GAHS0005,32.5448,-83.6481,BONAIRE 3.0 W,6.0,2.0,33.33,328.32259240312754,Rural,6.0,5.0,83.33,328.32259240312754,Rural
US1GAHS0011,32.364,-83.5958,HAWKINSVILLE 9.1 NW,6.0,0.0,0.0,310.0921047069004,Rural,6.0,0.0,0.0,310.0921047069004,Rural
US1GAHS0012,32.4727,-83.7288,PERRY 0.8 NE,6.0,6.0,100.0,327.445377612593,Rural,6.0,4.0,66.67,327.445377612593,Rural
US1GAHS0014,32.5751,-83.6951,WARNER ROBINS 4.5 SW,6.0,6.0,100.0,333.759316013992,Rural,,,,,
US1GAHS0015,32.4441,-83.6915,PERRY 3.0 ESE,6.0,5.0,83.33,322.73261136908604,Rural,6.0,6.0,100.0,322.73261136908604,Rural
US1GAHS0016,32.5256,-83.6312,KATHLEEN 2.5 NW,6.0,0.0,0.0,325.6723975351511,Rural,6.0,0.0,0.0,325.6723975351511,Rural
US1GAHS0017,32.4453,-83.674,PERRY 4.0 ESE,6.0,0.0,0.0,321.7133316179938,Rural,6.0,3.0,50.0,321.7133316179938,Rural
US1GAJN0006,32.8766,-83.5492,MACON 6.8 ENE,6.0,0.0,0.0,351.4400306876179,Rural,6.0,0.0,0.0,351.4400306876179,Rural
US1GALE0002,31.6294,-84.2253,ALBANY 4.6 NW,6.0,4.0,66.67,307.2619606351996,Rural,6.0,5.0,83.33,307.2619606351996,Rural
US1GALW0004,30.683,-83.236,LAKE PARK 2.8 W,6.0,0.0,0.0,180.99930170944666,Rural,6.0,0.0,0.0,180.99930170944666,Rural
US1GALW0007,30.8302,-83.3553,VALDOSTA 4.8 WSW,6.0,0.0,0.0,196.2695492185846,Rural,6.0,0.0,0.0,196.2695492185846,Rural
US1GALW0008,30.8859,-83.2979,VALDOSTA 2.8 NNW,6.0,3.0,50.0,192.9868842984148,Rural,6.0,0.0,0.0,192.9868842984148,Rural
US1GALW0010,30.877,-83.2823,VALDOSTA 1.9 N,6.0,6.0,100.0,191.25564925115606,Rural,6.0,6.0,100.0,191.25564925115606,Rural
US1GALW0012,30.8251,-83.2659,VALDOSTA 1.8 SSE,6.0,6.0,100.0,187.95072778504405,Rural,6.0,6.0,100.0,187.95072778504405,Rural
US1GALW0013,30.8456,-83.2779,VALDOSTA 0.3 S,6.0,2.0,33.33,189.74147478112528,Rural,6.0,6.0,100.0,189.74147478112528,Rural
US1GALW0014,30.8869,-83.2588,VALDOSTA 2.8 NNE,6.0,2.0,33.33,189.50581076640142,Rural,6.0,6.0,100.0,189.50581076640142,Rural
US1GALW0015,30.8446,-83.3179,VALDOSTA 2.4 W,6.0,2.0,33.33,193.33969418299318,Rural,6.0,6.0,100.0,193.33969418299318,Rural
US1GALW0016,30.9048,-83.3015,VALDOSTA 4.1 NNW,6.0,2.0,33.33,194.01286424890165,Rural,6.0,6.0,100.0,194.01286424890165,Rural
US1GALW0017,30.8043,-83.2771,VALDOSTA 3.1 S,6.0,2.0,33.33,188.2869916763074,Rural,6.0,6.0,100.0,188.2869916763074,Rural
US1GALW0018,30.9145,-83.2522,VALDOSTA 4.8 NNE,6.0,2.0,33.33,189.97118076916544,Rural,6.0,6.0,100.0,189.97118076916544,Rural
US1GALW0019,30.8474,-83.3292,VALDOSTA 3.0 W,6.0,2.0,33.33,194.46202385275745,Rural,6.0,6.0,100.0,194.46202385275745,Rural
US1GAMN0002,32.9437,-83.8469,MACON 13.3 NW,6.0,6.0,100.0,374.2616593202313,Rural,6.0,6.0,100.0,374.2616593202313,Rural
US1GAMN0010,32.9143,-83.9416,FORSYTH 8.3 S,6.0,0.0,0.0,377.3759268433978,Rural,6.0,1.0,16.67,377.3759268433978,Rural
US1GAMN0015,32.9218,-83.8207,MACON 11.2 WNW,6.0,2.0,33.33,370.8313238263312,Rural,6.0,3.0,50.0,370.8313238263312,Rural
US1GAMS0004,32.5312,-84.9386,COLUMBUS 5.6 NNE,6.0,2.0,33.33,417.4574269900635,Rural,6.0,1.0,16.67,417.4574269900635,Rural
US1GAMT0002,31.1222,-84.335,PELHAM 10.8 W,6.0,6.0,100.0,295.09322427355914,Rural,6.0,6.0,100.0,295.09322427355914,Rural
US1GAMT0005,31.2855,-84.1239,CAMILLA 6.4 NE,6.0,0.0,0.0,282.307706725437,Rural,6.0,0.0,0.0,282.307706725437,Rural
US1GAMT0007,31.2101,-84.2201,CAMILLA 1.5 SSW,6.0,6.0,100.0,287.8423320887707,Rural,6.0,6.0,100.0,287.8423320887707,Rural
US1GAMT0013,31.2101,-84.2198,CAMILLA 1.5 SSW,6.0,6.0,100.0,287.81549810725437,Rural,6.0,6.0,100.0,287.81549810725437,Rural
US1GAPE0001,32.5514,-83.8771,FORT VALLEY 0.7 ESE,6.0,0.0,0.0,343.3626512654783,Rural,6.0,0.0,0.0,343.3626512654783,Rural
US1GAPE0003,32.6086,-83.756,BYRON 3.0 S,6.0,0.0,0.0,340.32952207309364,Rural,6.0,0.0,0.0,340.32952207309364,Rural
US1GASM0002,30.7844,-84.867,DONALSONVILLE 17.7 S,6.0,0.0,0.0,336.35054966689006,Rural,6.0,6.0,100.0,336.35054966689006,Rural
US1GASR0005,31.9827,-84.2974,AMERICUS 7.4 SW,6.0,0.0,0.0,333.21291110784404,Rural,6.0,6.0,100.0,333.21291110784404,Rural
US1GASY0003,32.2544,-84.2347,ELLAVILLE 4.5 ENE,6.0,0.0,0.0,346.09554234396154,Rural,6.0,0.0,0.0,346.09554234396154,Rural
US1GATF0003,31.4744,-83.4893,TIFTON 1.4 ENE,6.0,6.0,100.0,238.32364652943554,Rural,6.0,0.0,0.0,238.32364652943554,Rural
US1GATF0006,31.4615,-83.4178,TIFTON 5.5 E,6.0,0.0,0.0,231.8554383706642,Rural,,,,,
US1GATF0007,31.4771,-83.4791,TIFTON 2.0 ENE,6.0,6.0,100.0,237.67293714154036,Rural,6.0,5.0,83.33,237.67293714154036,Rural
US1GATG0001,32.6016,-83.3032,DANVILLE 3.3 W,6.0,0.0,0.0,313.17937892021473,Rural,6.0,0.0,0.0,313.17937892021473,Rural
US1GATH0002,30.8376,-83.9313,THOMASVILLE 2.8 E,6.0,6.0,100.0,249.60604841679384,Rural,6.0,6.0,100.0,249.60604841679384,Rural
US1GATH0004,30.8176,-83.8965,THOMASVILLE 5.1 ESE,6.0,0.0,0.0,245.86669622433115,Rural,6.0,0.0,0.0,245.86669622433115,Rural
US1GATH0005,30.8403,-83.8033,BOSTON 3.4 NNW,6.0,6.0,100.0,237.79931387468585,Rural,,,,,
US1GATH0008,30.8639,-83.8912,THOMASVILLE 5.5 ENE,6.0,1.0,16.67,246.57638810703094,Rural,6.0,3.0,50.0,246.57638810703094,Rural
US1GATL0001,31.7179,-84.3506,SASSER 0.2 WSW,6.0,0.0,0.0,322.3660311804321,Rural,6.0,0.0,0.0,322.3660311804321,Rural
US1GATP0001,32.9735,-84.8698,LA GRANGE 10.6 ESE,6.0,0.0,0.0,442.9762912201384,Rural,6.0,0.0,0.0,442.9762912201384,Rural
US1GATP0002,32.9542,-84.9976,LA GRANGE 6.4 SSE,6.0,0.0,0.0,450.63493097748136,Rural,6.0,6.0,100.0,450.63493097748136,Rural
US1GATR0001,31.6727,-83.6299,SYCAMORE 0.4 ENE,6.0,4.0,66.67,261.6817276537232,Rural,6.0,6.0,100.0,261.6817276537232,Rural
US1GATY0001,32.6618,-84.3091,BUTLER 8.3 NNW,6.0,0.0,0.0,380.8464505348413,Rural,6.0,0.0,0.0,380.8464505348413,Rural
US1GATY0002,32.4583,-84.2237,BUTLER 6.9 S,6.0,0.0,0.0,359.76313778397144,Rural,6.0,6.0,100.0,359.76313778397144,Rural
US1GAUP0001,32.9774,-84.2391,THE ROCK 1.0 N,6.0,0.0,0.0,401.04847456754476,Rural,6.0,4.0,66.67,401.04847456754476,Rural
US1GAUP0005,32.867,-84.2564,THOMASTON 4.4 ESE,,,,,,6.0,1.0,16.67,393.25930742986844,Rural
US1GAWT0003,31.4859,-83.9145,SYLVESTER 5.5 WSW,6.0,3.0,50.0,273.7690123990748,Rural,6.0,2.0,33.33,273.7690123990748,Rural
USC00010160,32.935,-85.9556,ALEXANDER CITY,6.0,0.0,0.0,432.3461543127603,Rural,6.0,0.0,0.0,432.3461543127603,Rural
USC00010425,32.5992,-85.4653,AUBURN NO.2,6.0,0.0,0.0,443.5815615078783,Rural,6.0,0.0,0.0,443.5815615078783,Rural
USC00011178,31.7056,-85.8369,BRUNDIDGE,6.0,6.0,100.0,361.74451897688846,Rural,,,,,
USC00011725,31.8708,-85.45,CLAYTON,6.0,6.0,100.0,402.66712500989377,Rural,6.0,0.0,0.0,402.66712500989377,Rural
USC00012124,32.8603,-85.7475,DADEVILLE 2,6.0,4.0,66.67,441.0555148430491,Rural,6.0,3.0,50.0,441.0555148430491,Rural
USC00012377,31.1942,-85.3708,DOTHAN,6.0,2.0,33.33,382.4254418702995,Rural,6.0,0.0,0.0,382.4254418702995,Rural
USC00012675,31.2969,-85.89,ENTERPRISE 4 W,6.0,2.0,33.33,338.9950472244585,Rural,6.0,5.0,83.33,338.9950472244585,Rural
USC00012730,32.0111,-85.09,EUFAULA WILDLIFE REF,6.0,0.0,0.0,399.3266131430102,Rural,6.0,0.0,0.0,399.3266131430102,Rural
USC00013251,31.0383,-85.8708,GENEVA #2,6.0,0.0,0.0,331.91569604170945,Rural,6.0,0.0,0.0,331.91569604170945,Rural
USC00013761,31.3831,-85.3678,HEADLAND,6.0,3.0,50.0,388.94557074556565,Rural,6.0,3.0,50.0,388.94557074556565,Rural
USC00013818,31.9478,-86.3131,HIGHLAND HOME #2,6.0,2.0,33.33,336.6728360570147,Rural,6.0,6.0,100.0,336.6728360570147,Rural
USC00013931,32.2306,-86.3472,HOPE HULL 3S,6.0,5.0,83.33,352.93248812246946,Rural,6.0,0.0,0.0,352.93248812246946,Rural
USC00014080,32.2464,-85.4139,HURTSBORO,6.0,0.0,0.0,425.8502525076916,Rural,6.0,2.0,33.33,425.8502525076916,Rural
USC00014502,32.9069,-85.4336,LAFAYETTE 2W,6.0,0.0,0.0,466.7988576535479,Rural,6.0,0.0,0.0,466.7988576535479,Rural
USC00015172,32.2603,-86.0003,MATHEWS,6.0,0.0,0.0,380.8083189061899,Rural,6.0,0.0,0.0,380.8083189061899,Rural
USC00015397,32.0347,-85.4739,MIDWAY,6.0,6.0,100.0,409.1482435586548,Rural,6.0,0.0,0.0,409.1482435586548,Rural
USC00015553,32.26,-86.2181,MONTGOMERY 6SW,6.0,0.0,0.0,364.4619664576948,Rural,6.0,0.0,0.0,364.4619664576948,Rural
USC00016129,32.6592,-85.4497,OPELIKA,6.0,0.0,0.0,448.70605834661836,Rural,6.0,0.0,0.0,448.70605834661836,Rural
USC00017020,32.8711,-86.1758,ROCKFORD 3 ESE,6.0,0.0,0.0,412.7066034928455,Rural,6.0,0.0,0.0,412.7066034928455,Rural
USC00017326,32.4122,-85.1794,SEALE,6.0,6.0,100.0,428.8449220210345,Rural,6.0,4.0,66.67,428.8449220210345,Rural
USC00018038,32.4392,-86.2022,TALLAPOOSA WTR PLT,6.0,0.0,0.0,378.2325382385079,Rural,6.0,0.0,0.0,378.2325382385079,Rural
USC00018323,31.8075,-85.9722,TROY,6.0,0.0,0.0,355.7691569315026,Rural,6.0,0.0,0.0,355.7691569315026,Rural
USC00018653,32.7036,-85.8939,WALNUT HILL 3 W,6.0,0.0,0.0,419.2976084083871,Rural,6.0,0.0,0.0,419.2976084083871,Rural
USC00018859,32.5936,-86.1664,WETUMPKA,6.0,6.0,100.0,392.0614906980951,Rural,6.0,0.0,0.0,392.0614906980951,Rural
USC00080211,29.7258,-85.0206,APALACHICOLA AP,6.0,6.0,100.0,318.61535519805705,Rural,6.0,6.0,100.0,318.61535519805705,Rural
USC00081544,30.7806,-85.5503,CHIPLEY,6.0,0.0,0.0,355.5995127485812,Rural,6.0,5.0,83.33,355.5995127485812,Rural
USC00082008,29.6333,-83.1053,CROSS CITY 1 E,6.0,0.0,0.0,180.22159299707533,Rural,6.0,0.0,0.0,180.22159299707533,Rural
USC00082391,30.2497,-83.2594,DOWLING PARK 1 W,6.0,5.0,83.33,178.64342429558766,Rural,6.0,6.0,100.0,178.64342429558766,Rural
USC00085275,30.4653,-83.4022,MADISON,6.0,6.0,100.0,192.9342913861335,Rural,,,,,
USC00085377,30.7342,-85.0306,MARIANNA 7 NE,6.0,3.0,50.0,351.1009805813393,Rural,6.0,1.0,16.67,351.1009805813393,Rural
USC00085539,30.06,-83.1719,MAYO,6.0,0.0,0.0,172.39555469467652,Rural,6.0,0.0,0.0,172.39555469467652,Rural
USC00085879,30.4922,-83.7833,MONTICELLO 5 SE,6.0,6.0,100.0,229.57711119434182,Rural,,,,,
USC00085880,30.4406,-83.9858,MONTICELLO 10 SW,6.0,0.0,0.0,248.55873875764084,Inland,6.0,0.0,0.0,248.55873875764084,Inland
USC00086129,30.9539,-85.8831,NEW HOPE,6.0,6.0,100.0,328.40006036218085,Rural,,,,,
USC00086240,30.5317,-86.4928,NICEVILLE,6.0,0.0,0.0,262.3294867677121,Rural,6.0,0.0,0.0,262.3294867677121,Rural
USC00086842,30.2492,-85.6606,PANAMA CITY 5N,6.0,0.0,0.0,340.09211183683203,Rural,6.0,3.0,50.0,340.09211183683203,Rural
USC00087025,30.0925,-83.5708,PERRY,6.0,0.0,0.0,209.8968966745504,Rural,6.0,0.0,0.0,209.8968966745504,Rural
USC00087429,30.545,-84.5986,QUINCY 3 SSW,6.0,2.0,33.33,307.894797644485,Rural,6.0,5.0,83.33,307.894797644485,Rural
USC00087869,30.1922,-84.2117,ST MARKS NWR,6.0,6.0,100.0,270.34501945133184,Inland,6.0,6.0,100.0,270.34501945133184,Inland
USC00088756,30.3964,-84.3558,TALLAHASSEE AP,6.0,0.0,0.0,283.82697345852114,Inland,6.0,1.0,16.67,283.82697345852114,Inland
USC00089566,30.1122,-85.1958,WEWAHITCHKA,6.0,2.0,33.33,360.37328385447006,Rural,6.0,3.0,50.0,360.37328385447006,Rural
USC00089795,30.7219,-84.8742,WOODRUFF DAM,6.0,6.0,100.0,336.0969670611522,Rural,6.0,6.0,100.0,336.0969670611522,Rural
USC00090140,31.5339,-84.1489,ALBANY 3 SE,6.0,0.0,0.0,295.9423227482241,Rural,6.0,0.0,0.0,295.9423227482241,Rural
USC00090253,32.0306,-84.2461,AMERICUS,6.0,0.0,0.0,332.1846339985352,Rural,6.0,0.0,0.0,332.1846339985352,Rural
USC00091372,32.3178,-84.5203,BUENA VISTA,6.0,4.0,66.67,371.74047002072336,Rural,6.0,6.0,100.0,371.74047002072336,Rural
USC00091463,30.8697,-84.2175,CAIRO 1SW,6.0,0.0,0.0,277.0360442156142,Rural,6.0,1.0,16.67,277.0360442156142,Rural
USC00091500,31.2058,-84.1722,CAMILLA 3SE,6.0,0.0,0.0,283.3976642101766,Rural,6.0,0.0,0.0,283.3976642101766,Rural
USC00092159,32.5181,-84.9378,COLUMBUS #2,6.0,2.0,33.33,416.55153475357554,Rural,6.0,2.0,33.33,416.55153475357554,Rural
USC00092266,31.985,-83.7747,CORDELE,6.0,0.0,0.0,293.5496604996563,Rural,6.0,0.0,0.0,293.5496604996563,Rural
USC00092361,31.8453,-83.9408,CRISP CO PWR DAM,6.0,0.0,0.0,296.7700912312032,Rural,6.0,0.0,0.0,296.7700912312032,Rural
USC00092450,31.7672,-84.7931,CUTHBERT,6.0,1.0,16.67,362.0961505098388,Rural,6.0,2.0,33.33,362.0961505098388,Rural
USC00092593,30.9772,-84.6367,DECATUR CO FIRE & RESCUE,6.0,6.0,100.0,318.6716528245464,Rural,6.0,6.0,100.0,318.6716528245464,Rural
USC00092738,31.0292,-84.8911,DONALSONVILLE,6.0,0.0,0.0,343.5968349808178,Rural,6.0,2.0,33.33,343.5968349808178,Rural
USC00092966,32.2003,-83.2058,EASTMAN 1 W,6.0,0.0,0.0,272.2331949273062,Rural,6.0,0.0,0.0,272.2331949273062,Rural
USC00093658,31.8967,-85.0375,GEORGETOWN 4 E,6.0,0.0,0.0,389.16292285460037,Rural,6.0,6.0,100.0,389.16292285460037,Rural
USC00094170,32.2964,-83.4883,HAWKINSVILLE,6.0,0.0,0.0,297.72269567120117,Rural,6.0,1.0,16.67,297.72269567120117,Rural
USC00095061,31.7633,-84.1869,LEESBURG 2,6.0,0.0,0.0,311.40667925130657,Rural,6.0,6.0,100.0,311.40667925130657,Rural
USC00095979,32.3175,-84.065,MONTEZUMA 2 NW,6.0,0.0,0.0,338.2463811764228,Rural,6.0,0.0,0.0,338.2463811764228,Rural
USC00096087,31.1728,-83.7481,MOULTRIE 2 ESE,6.0,0.0,0.0,244.49815829772356,Rural,6.0,0.0,0.0,244.49815829772356,Rural
USC00096148,32.6089,-85.0756,MULBERRY GROVE,6.0,2.0,33.33,432.9264764042586,Rural,6.0,6.0,100.0,432.9264764042586,Rural
USC00097087,32.0467,-84.3711,PLAINS SW GA EXP STN,6.0,0.0,0.0,342.9374116571138,Rural,6.0,0.0,0.0,342.9374116571138,Rural
USC00098535,32.6864,-84.5208,TALBOTTON,6.0,0.0,0.0,397.4152785241052,Rural,6.0,0.0,0.0,397.4152785241052,Rural
USC00098657,32.9642,-84.2303,THE ROCK RCH,6.0,3.0,50.0,399.41413435393565,Rural,6.0,2.0,33.33,399.41413435393565,Rural
USC00098661,32.8669,-84.2653,THOMASTON 4SE,6.0,0.0,0.0,393.83158902179093,Rural,6.0,1.0,16.67,393.83158902179093,Rural
USC00098703,31.4461,-83.4767,TIFTON,6.0,0.0,0.0,235.62684128120472,Rural,6.0,2.0,33.33,235.62684128120472,Rural
USC00098974,30.8056,-83.2736,VALDOSTA 2 S,6.0,6.0,100.0,188.0091113522515,Rural,,,,,
USC00099124,32.6094,-83.6164,WARNER ROBINS,6.0,0.0,0.0,331.85587608539043,Rural,6.0,0.0,0.0,331.85587608539043,Rural
USC00099291,32.8861,-85.1839,W PT,6.0,0.0,0.0,459.43047578820324,Rural,6.0,0.0,0.0,459.43047578820324,Rural
USC00099506,32.9783,-84.5983,WOODBURY,6.0,0.0,0.0,424.64575617455154,Rural,6.0,0.0,0.0,424.64575617455154,Rural
USW00003813,32.6889,-83.6531,MACON MIDDLE GA RGNL AP,6.0,0.0,0.0,340.85510374326174,Rural,6.0,0.0,0.0,340.85510374326174,Rural
USW00003818,30.8369,-85.1836,MARIANNA MUNI AP,6.0,0.0,0.0,367.11386075270906,Rural,6.0,2.0,33.33,367.11386075270906,Rural
USW00003878,31.8575,-86.0103,TROY MUNI AP,6.0,2.0,33.33,355.4158714013053,Rural,6.0,0.0,0.0,355.4158714013053,Rural
USW00003892,32.6161,-85.4333,AUBURN OPELIKA AP,6.0,2.0,33.33,447.1112438472527,Rural,6.0,0.0,0.0,447.1112438472527,Rural
USW00012832,29.7269,-85.0247,APALACHICOLA AP,6.0,0.0,0.0,318.99255601223786,Rural,6.0,0.0,0.0,318.99255601223786,Rural
USW00012833,29.6333,-83.1053,CROSS CITY AP,6.0,0.0,0.0,180.22159299707533,Rural,6.0,0.0,0.0,180.22159299707533,Rural
USW00013829,32.35,-85.0,FT BENNING LAWSON FLD,6.0,2.0,33.33,410.9190668133251,Rural,6.0,6.0,100.0,410.9190668133251,Rural
USW00013839,31.3178,-85.4433,DOTHAN RGNL AP,6.0,0.0,0.0,379.84601631006205,Rural,6.0,0.0,0.0,379.84601631006205,Rural
USW00013869,31.5364,-84.1958,ALBANY SW GEORGIA RGNL AP,6.0,0.0,0.0,300.0373401449676,Rural,6.0,2.0,33.33,300.0373401449676,Rural
USW00013895,32.2997,-86.4075,MONTGOMERY AP,6.0,0.0,0.0,353.4968894312102,Rural,6.0,0.0,0.0,353.4968894312102,Rural
USW00023801,31.79,-86.0003,TROY 2 W,6.0,0.0,0.0,352.5010433603201,Rural,6.0,0.0,0.0,352.5010433603201,Rural
USW00053843,31.3061,-86.3903,ANDALUSIA OPP AP,6.0,0.0,0.0,295.30702206820035,Rural,6.0,0.0,0.0,295.30702206820035,Rural
USW00053853,30.3933,-86.4675,DESTIN FT WALTON BEACH AP,6.0,0.0,0.0,263.2156632286974,Rural,6.0,0.0,0.0,263.2156632286974,Rural
USW00053861,31.3558,-85.7511,FT RUCKER LOWE ARMY HELIPORT,6.0,6.0,100.0,353.64198429717976,Rural,,,,,
USW00063828,31.3128,-84.4706,NEWTON 8 W,6.0,0.0,0.0,314.12419124776784,Rural,6.0,0.0,0.0,314.12419124776784,Rural
USW00063829,31.1922,-84.4464,NEWTON 11 SW,6.0,0.0,0.0,307.5558664839923,Rural,6.0,2.0,33.33,307.5558664839923,Rural
USW00063870,31.0447,-86.312,FLORALA MUNI AP,6.0,0.0,0.0,291.8610207186083,Rural,6.0,2.0,33.33,291.8610207186083,Rural
USW00063871,30.8431,-85.6044,BONIFAY TRI CO AP,6.0,2.0,33.33,351.74115733346457,Rural,6.0,5.0,83.33,351.74115733346457,Rural
USW00063872,31.9517,-85.1311,EUFAULA WEEDON FLD AP,6.0,0.0,0.0,399.79138991379284,Rural,6.0,2.0,33.33,399.79138991379284,Rural
USW00063873,31.35,-85.6667,OZARK FT RUCKER,6.0,6.0,100.0,360.9450959282529,Rural,,,,,
USW00073802,31.9156,-86.3114,HIGHLAND HOME 2 S,6.0,0.0,0.0,334.79071993451873,Rural,6.0,0.0,0.0,334.79071993451873,Rural
USW00073805,30.3486,-85.7883,NW FLORIDA BEACHES INTL AP,6.0,0.0,0.0,328.0307131593849,Rural,6.0,2.0,33.33,328.0307131593849,Rural
USW00093805,30.3975,-84.3289,TALLAHASSEE,6.0,0.0,0.0,281.2508882214086,Inland,6.0,0.0,0.0,281.2508882214086,Inland
USW00093842,32.5164,-84.9422,COLUMBUS METRO AP,6.0,0.0,0.0,416.7787247335794,Rural,6.0,0.0,0.0,416.7787247335794,Rural
USW00093845,30.7764,-83.2739,VALDOSTA RGNL AP,6.0,0.0,0.0,187.11741795935131,Rural,6.0,1.0,16.67,187.11741795935131,Rural
