ID,LAT,LON,NAME,Missing %,Distance_to_Coast_km,Region
US1CTFR0002,41.423,-73.5187,DANBURY 2.8 WNW,58.33,89.95258743234672,Inland
US1CTFR0003,41.1486,-73.4591,NEW CANAAN 1.9 ENE,100.0,67.47863971839907,Inland
US1CTFR0005,41.1028,-73.4893,DARIEN 3.6 N,100.0,62.03503125045718,Inland
US1CTFR0009,41.4406,-73.3904,BROOKFIELD 3.3 SSE,0.0,96.91781648557661,Inland
US1CTFR0012,41.1306,-73.5961,STAMFORD 3.3 NW,100.0,58.68871539305563,Inland
US1CTFR0020,41.1328,-73.3003,WESTPORT 2.5 ENE,25.0,75.97759060737012,Inland
US1CTFR0063,41.2113,-73.4693,WILTON 1.9 NW,100.0,72.23900227633409,Inland
US1CTHR0005,41.9563,-72.573,ENFIELD 1.5 SE,0.0,183.60361579313584,Inland
US1CTHR0006,41.6926,-72.6909,WETHERSFIELD 1.2 WSW,0.0,155.4926658129081,Inland
US1CTHR0007,41.7476,-72.5519,CENTRAL MANCHESTER 2.7 SW,91.67,168.0343691163126,Inland
US1CTHR0008,42.0244,-72.8207,NORTH GRANBY 1.3 ENE,0.0,177.12291602836484,Inland
US1CTHR0009,41.8029,-72.7767,WEST HARTFORD 2.7 NNW,16.67,159.67784085429687,Inland
US1CTHR0011,41.7302,-72.7401,WEST HARTFORD 2.7 SSE,100.0,155.65082417335975,Inland
US1CTHR0012,41.6228,-72.4765,MARLBOROUGH 1.7 W,91.67,163.68692192694593,Inland
US1CTLT0003,41.921,-73.055,WINSTED 0.7 SE,91.67,157.04219027274507,Inland
US1CTLT0005,41.961,-73.09,WINSTED 2.6 NNW,100.0,159.47828873041794,Inland
US1CTLT0007,41.7744,-73.169,LITCHFIELD 2.3 NNE,25.0,138.2039842995141,Inland
US1CTMD0001,41.5779,-72.4866,EAST HAMPTON 0.6 NE,75.0,159.96847165617544,Inland
US1CTMD0002,41.5709,-72.626,PORTLAND 0.9 S,0.0,150.39147830047284,Inland
US1CTMD0005,41.2965,-72.4413,WESTBROOK CENTER 1.1 N,16.67,146.6612065936168,Inland
US1CTNH0009,41.2057,-73.0138,MILFORD 2.9 ESE,58.33,100.10519190662714,Inland
US1CTNH0013,41.3243,-72.9506,NEW HAVEN 1.7 NW,0.0,112.12193639111942,Inland
US1CTNH0014,41.5124,-72.9437,PROSPECT 1.9 ENE,0.0,126.4609509381873,Inland
US1CTNH0015,41.363,-73.128,SEYMOUR 3.6 SW,41.67,103.84916193080822,Inland
US1CTNL0005,41.4752,-72.2055,OAKDALE 2.6 WNW,91.67,173.33938000551993,Inland
US1CTTL0004,41.7414,-72.2174,MANSFIELD CENTER 1.9 SW,66.67,188.77329240305934,Inland
US1CTWN0001,41.9252,-72.0924,WOODSTOCK VALLEY 1.4 SW,100.0,209.61903295324407,Inland
US1CTWN0003,41.8442,-72.0379,POMFRET CENTER 4.9 SW,91.67,207.53751869635656,Inland
US1MABE0002,42.1998,-73.3551,GREAT BARRINGTON 0.4 N,100.0,175.21603158380364,Inland
US1MABE0003,42.2898,-73.3195,STOCKBRIDGE .2 NNE,0.0,185.63910850754624,Inland
US1MABE0004,42.2591,-73.1321,BECKET 5.6 SSW,83.33,187.83364501138914,Inland
US1MABE0005,42.2529,-73.2313,TYRINGHAM 1.5 WNW,83.33,184.1653025547959,Inland
US1MAFR0008,42.4562,-72.3441,NEW SALEM 3.1 S,100.0,238.95690856047926,Inland
US1MAFR0012,42.4522,-72.5661,SUNDERLAND 1.3 SE,100.0,228.43688705988143,Inland
US1MAHD0007,42.1136,-72.53,SPRINGFIELD 0.5 ESE,100.0,199.3350768916256,Inland
US1MAHD0009,42.1098,-72.4581,WILBRAHAM 2.1 SSW,0.0,202.75287369514774,Inland
US1MAHD0056,42.2276,-72.6228,HOLYOKE 1.4 NE,100.0,204.986005802223,Inland
US1MAHS0002,42.2794,-72.787,WESTHAMPTON 1.8 SW,8.33,202.60436619234548,Inland
US1MAWR0006,42.0842,-72.0225,SOUTHBRIDGE 0.6 E,75.0,225.60252726050703,Inland
US1MAWR0118,42.0528,-72.1269,STURBRIDGE 4.6 SW,0.0,216.9081306828476,Inland
US1NJAT0001,39.5483,-74.8671,BUENA VISTA TWP 2.6 NNE,0.0,147.76667911682233,Inland
US1NJAT0002,39.5565,-74.8048,HAMILTON TWP 5.5 NW,33.33,144.3912131601904,Inland
US1NJAT0005,39.6404,-74.8261,HAMMONTON 3.3 WSW,0.0,137.1439264797504,Inland
US1NJAT0051,39.6429,-74.7895,HAMMONTON 1.5 SW,100.0,135.33666451852653,Inland
US1NJBG0002,40.9027,-74.0834,SADDLE BROOK TWP 0.6 E,41.67,23.607114701512366,Coastal
US1NJBG0003,40.9147,-73.9775,TENAFLY 1.3 W,0.0,23.948539252347686,Coastal
US1NJBG0006,41.0586,-74.1341,RAMSEY 0.6 E,100.0,41.43769891633266,Coastal
US1NJBG0008,40.9071,-74.0934,SADDLE BROOK TWP 0.3 NNE,100.0,24.333357527586728,Coastal
US1NJBG0010,40.9915,-74.0123,RIVER VALE TWP 1.5 S,91.67,32.42982932602215,Coastal
US1NJBG0015,40.7915,-74.1398,NORTH ARLINGTON 0.7 WNW,0.0,15.563353816536344,Coastal
US1NJBG0017,40.9511,-74.1183,GLEN ROCK 0.7 SSE,0.0,29.642291316385244,Coastal
US1NJBG0018,40.8481,-74.0002,PALISADES PARK 0.2 WNW,0.0,16.46797724767229,Coastal
US1NJBG0023,41.0191,-74.2334,OAKLAND 0.9 SSE,0.0,40.54961531168333,Coastal
US1NJBG0029,41.0328,-74.245,OAKLAND 0.2 WNW,0.0,42.35395530831516,Coastal
US1NJBG0030,41.0253,-74.2236,OAKLAND 1.0 ESE,0.0,40.767170099125664,Coastal
US1NJBG0033,40.8536,-74.0943,WOOD RIDGE 0.6 NNW,41.67,18.835080623580513,Coastal
US1NJBT0003,40.0786,-74.8209,BURLINGTON 1.7 E,0.0,98.01917874320061,Inland
US1NJBT0004,39.9684,-74.8648,MOUNT LAUREL TWP 2.5 ENE,16.67,109.50241971679785,Inland
US1NJBT0005,39.8315,-74.8083,MEDFORD TWP 2.4 SSE,8.33,118.44638854227378,Inland
US1NJBT0006,39.9716,-74.9343,MOORESTOWN TWP 0.6 SE,0.0,113.27403201313031,Inland
US1NJBT0007,40.1146,-74.6393,CHESTERFIELD TWP 0.4 ESE,0.0,84.65859929730496,Inland
US1NJBT0010,39.9164,-74.5788,PEMBERTON TWP 3.0 SSE,83.33,100.00337603169802,Inland
US1NJBT0011,40.0672,-74.8223,BURLINGTON TWP 0.9 ENE,100.0,99.00433570720733,Inland
US1NJBT0018,39.8596,-74.8537,MEDFORD TWP 1.7 W,83.33,118.22360984244494,Inland
US1NJBT0022,39.9407,-74.7456,SOUTHAMPTON TWP 2.4 NW,100.0,105.47016310974523,Inland
US1NJBT0023,40.0085,-74.908,MOORESTOWN TWP 2.7 NE,41.67,108.77453306119449,Inland
US1NJBT0025,39.821,-74.5383,WOODLAND TWP 1.8 SW,8.33,107.88623138645622,Inland
US1NJBT0027,39.9448,-74.9128,MOUNT LAUREL TWP 0.5 WSW,100.0,114.19145243566744,Inland
US1NJBT0028,39.8572,-74.817,MEDFORD LAKES 0.6 W,0.0,116.55788155900373,Inland
US1NJBT0029,39.854,-74.6807,TABERNACLE TWP 2.7 NNW,0.0,110.3800903218476,Inland
US1NJBT0032,39.8378,-74.7467,TABERNACLE TWP 5.0 WNW,0.0,114.91223346310736,Inland
US1NJBT0035,39.9321,-74.7736,SOUTHAMPTON TWP 3.2 WNW,8.33,107.6689972365802,Inland
US1NJBT0036,39.8594,-74.7971,MEDFORD LAKES 0.4 ENE,25.0,115.36318515022356,Inland
US1NJBT0037,39.9664,-74.8293,HAINESPORT TWP 0.8 SSE,0.0,107.68053740057314,Inland
US1NJBT0040,39.9071,-74.717,SOUTHAMPTON TWP 0.5 S,25.0,107.09802279633155,Inland
US1NJBT0041,39.9296,-74.8779,MOUNT LAUREL TWP 1.9 SE,100.0,113.48352286276906,Inland
US1NJBT0045,39.9551,-74.6817,PEMBERTON 1.1 S,50.0,100.99472420069056,Inland
US1NJBT0050,39.972,-74.685,PEMBERTON 0.1 NE,100.0,99.61793028401996,Inland
US1NJBT0052,39.9971,-74.7772,MOUNT HOLLY TWP 0.5 ENE,50.0,102.20833015796752,Inland
US1NJCN0001,39.9471,-75.0408,MERCHANTVILLE 0.5 ESE,0.0,121.62906267653284,Inland
US1NJCN0005,39.7109,-74.9679,WINSLOW TWP 3.5 W,0.0,137.30277747597918,Inland
US1NJCN0011,39.81,-74.9357,BERLIN TWP 0.6 WNW,0.0,126.87956453558473,Inland
US1NJCN0015,39.8315,-75.0244,STRATFORD 0.5 WNW,0.0,129.92506574983614,Inland
US1NJCN0017,39.8183,-74.9956,LINDENWOLD 0.3 WNW,16.67,129.41702634898076,Inland
US1NJCN0019,39.8933,-75.0942,MOUNT EPHRAIM 0.9 N,0.0,129.06270777250114,Inland
US1NJCN0020,39.765,-74.9615,BERLIN 2.2 SW,8.33,132.1767449932108,Inland
US1NJES0010,40.8255,-74.2531,VERONA TWP 0.7 SW,100.0,25.478004430046166,Coastal
US1NJES0011,40.8648,-74.2157,CEDAR GROVE TWP 0.9 NE,83.33,25.7997907243125,Coastal
US1NJES0015,40.8565,-74.2004,MONTCLAIR 2.2 NNE,0.0,24.239655794654794,Coastal
US1NJES0018,40.7245,-74.2595,MAPLEWOOD TWP 0.9 SE,0.0,22.041006232241187,Coastal
US1NJES0019,40.8615,-74.2775,WEST CALDWELL TWP 1.3 NE,16.67,29.468856345194588,Coastal
US1NJES0020,40.785,-74.1885,BLOOMFIELD 1.7 S,0.0,18.48035111761953,Coastal
US1NJES0021,40.8305,-74.2539,VERONA TWP 0.6 WSW,100.0,25.841779776290476,Coastal
US1NJGL0001,39.7332,-75.1331,PITMAN 0.1 W,0.0,144.2659671483454,Inland
US1NJGL0006,39.5936,-75.0692,FRANKLIN TWP 2.7 W,0.0,152.94912358276136,Inland
US1NJGL0008,39.6465,-75.1141,ELK TWP 2.5 ESE,100.0,150.6052124290917,Inland
US1NJGL0010,39.7555,-75.236,MULLICA HILL 1.3 NNW,41.67,148.45696076284148,Inland
US1NJGL0011,39.6991,-75.2876,WOOLWICH TWP 3.2 SSE,0.0,156.02674539705887,Inland
US1NJGL0012,39.7739,-75.0925,WASHINGTON TWP 2.1 NNW,41.67,138.57706639391884,Inland
US1NJGL0015,39.6916,-75.0596,MONROE TWP 5.1 WNW,8.33,143.77666849708376,Inland
US1NJGL0017,39.7111,-75.1402,GLASSBORO 1.6 WNW,33.33,146.5143198152096,Inland
US1NJGL0019,39.8286,-75.122,DEPTFORD TWP 0.9 NNW,91.67,135.8355891262847,Inland
US1NJGL0022,39.8009,-75.2387,EAST GREENWICH TWP 0.7 N,33.33,145.07031263127305,Inland
US1NJGL0023,39.8111,-75.2214,EAST GREENWICH TWP 1.7 NE,0.0,143.2193893527706,Inland
US1NJGL0024,39.686,-75.1855,ELK TWP 2.2 NW,0.0,151.16704897019284,Inland
US1NJGL0029,39.6764,-75.0974,CLAYTON 1.4 NW,100.0,147.1179024817552,Inland
US1NJGL0030,39.7242,-75.0607,WASHINGTON TWP 1.7 SSE,8.33,141.01386155430066,Inland
US1NJGL0031,39.7103,-75.0654,WASHINGTON TWP 2.6 S,66.67,142.46548440213218,Inland
US1NJHD0002,40.7729,-74.1409,KEARNY 1.7 NW,16.67,14.374999963334178,Coastal
US1NJHN0001,40.7261,-74.8433,CALIFON 0.6 NW,25.0,71.13579552346597,Inland
US1NJHN0002,40.4547,-75.0318,STOCKTON 4.4 NW,100.0,91.30984419569513,Inland
US1NJHN0003,40.6418,-74.8827,CLINTON 1.6 ENE,8.33,74.72515582951232,Inland
US1NJHN0004,40.6055,-74.9224,FRANKLIN TWP 2.8 NNE,0.0,78.51998988192378,Inland
US1NJHN0005,40.5724,-74.8147,READINGTON TWP 2.0 WSW,16.67,70.19414513073846,Inland
US1NJHN0007,40.66,-75.008,BETHLEHEM TWP 0.6 S,58.33,85.11642446281701,Inland
US1NJHN0008,40.6727,-74.903,HIGH BRIDGE 0.6 WNW,100.0,76.19927482513425,Inland
US1NJHN0009,40.5663,-74.9443,FRANKLIN TWP 0.4 W,75.0,81.05952223342223,Inland
US1NJHN0010,40.5083,-74.8152,FLEMINGTON 2.3 E,0.0,72.04593871409742,Inland
US1NJHN0011,40.594,-74.749,READINGTON TWP 1.8 ENE,0.0,64.28105753194346,Inland
US1NJHN0012,40.6317,-75.1045,HOLLAND TWP 2.6 NNE,0.0,93.46626349148815,Inland
US1NJHN0015,40.5091,-74.8549,FLEMINGTON 0.3 E,0.0,75.22836490497555,Inland
US1NJHN0018,40.6872,-74.8575,CLINTON TWP 3.9 N,0.0,72.30850998296614,Inland
US1NJHN0019,40.6064,-74.871,LEBANON 3.2 SW,0.0,74.2105998154097,Inland
US1NJHN0021,40.6841,-74.8389,LEBANON 2.8 N,0.0,70.75011468728303,Inland
US1NJHN0022,40.4549,-75.012,KINGWOOD TWP 2.5 S,0.0,89.70851477119115,Inland
US1NJHN0025,40.6418,-74.8249,LEBANON 0.5 E,66.67,69.87009666507082,Inland
US1NJHN0026,40.5726,-75.0123,ALEXANDRIA TWP 1.5 SE,33.33,86.5853462951618,Inland
US1NJHN0027,40.5677,-75.0228,ALEXANDRIA TWP 1.5 SSE,100.0,87.55253700318306,Inland
US1NJHN0029,40.5548,-74.7819,FLEMINGTON 5.2 NE,0.0,67.93275360571937,Inland
US1NJHN0031,40.5342,-75.0559,FRENCHTOWN 0.5 N,41.67,91.01003524563248,Inland
US1NJHN0032,40.6202,-74.9828,UNION TWP 1.2 SW,100.0,83.37340966050081,Inland
US1NJMC0001,40.3295,-74.782,PENNINGTON 0.5 ENE,16.67,77.89220273447918,Inland
US1NJMC0002,40.2286,-74.6472,HAMILTON TWP 2.3 NE,0.0,75.79766541888594,Inland
US1NJMC0003,40.3294,-74.6482,WEST WINDSOR TWP 3.0 NNW,58.33,68.5613631109137,Inland
US1NJMC0005,40.31,-74.7243,LAWRENCE TWP 1.0 NNW,0.0,75.03706600581393,Inland
US1NJMC0008,40.324,-74.8523,HOPEWELL TWP 2.8 WSW,50.0,83.3029980495863,Inland
US1NJMC0009,40.2707,-74.7295,LAWRENCE TWP 1.8 SSW,25.0,78.00595926873176,Inland
US1NJMC0011,40.2519,-74.7751,EWING TWP 1.6 SE,0.0,82.34554125183152,Inland
US1NJMC0015,40.2703,-74.7275,LAWRENCE TWP 1.8 SSW,100.0,77.89967281093494,Inland
US1NJMC0016,40.2104,-74.6204,ROBBINSVILLE TWP 1.7 WSW,0.0,75.62511840202644,Inland
US1NJMC0021,40.1918,-74.6786,HAMILTON TWP 0.9 S,91.67,80.56512666421804,Inland
US1NJMC0022,40.2733,-74.7175,LAWRENCE TWP 1.6 S,25.0,77.02648249129997,Inland
US1NJMC0027,40.3735,-74.8347,HOPEWELL TWP 2.4 NW,0.0,79.33212252948164,Inland
US1NJMC0029,40.2778,-74.7926,EWING TWP 1.2 N,58.33,81.83296632062124,Inland
US1NJMC0030,40.3046,-74.758,HOPEWELL TWP 3.9 SE,75.0,77.71999902872574,Inland
US1NJMC0050,40.2413,-74.7755,EWING TWP 2.1 SE,100.0,83.09481427093249,Inland
US1NJMD0002,40.447,-74.508,NORTH BRUNSWICK TWP 1.5 W,0.0,51.306286972452774,Inland
US1NJMD0006,40.3003,-74.5286,CRANBURY TWP 0.9 SSW,66.67,63.031055248742625,Inland
US1NJMD0009,40.4099,-74.573,SOUTH BRUNSWICK TWP 3.1 NW,0.0,58.17210985003282,Inland
US1NJMD0015,40.4031,-74.5199,SOUTH BRUNSWICK TWP 1.3 NNE,100.0,54.948480595610164,Inland
US1NJMD0023,40.5789,-74.4014,SOUTH PLAINFIELD 0.8 ENE,33.33,36.44768257487139,Coastal
US1NJMD0024,40.5392,-74.4795,PISCATAWAY TWP 1.0 WSW,100.0,44.244641408232994,Coastal
US1NJMD0028,40.4897,-74.4409,NEW BRUNSWICK 0.3 NE,8.33,43.9619233210773,Coastal
US1NJMD0031,40.4513,-74.3129,OLD BRIDGE TWP 3.3 N,100.0,38.250863296010884,Coastal
US1NJMD0033,40.5835,-74.4284,SOUTH PLAINFIELD 0.9 NW,0.0,38.39712560997487,Coastal
US1NJMD0038,40.5629,-74.3669,EDISON TWP 1.9 N,50.0,34.511311464492614,Coastal
US1NJMD0039,40.4739,-74.4,EAST BRUNSWICK TWP 3.3 NNE,33.33,42.10685504847929,Coastal
US1NJMD0043,40.5554,-74.274,WOODBRIDGE TWP 1.1 ESE,0.0,28.164154313967245,Coastal
US1NJMD0044,40.5835,-74.4195,SOUTH PLAINFIELD 0.7 NNW,0.0,37.69107437891117,Coastal
US1NJMD0045,40.5759,-74.2847,WOODBRIDGE TWP 1.1 NNE,58.33,27.704001135056306,Coastal
US1NJMN0001,40.201,-74.009,BRADLEY BEACH 0.2 ESE,100.0,55.49149406161514,Inland
US1NJMN0005,40.2421,-74.0298,OCEAN TWP 0.8 SE,41.67,50.97851736872986,Inland
US1NJMN0006,40.3622,-74.0833,RED BANK 1.3 NW,41.67,38.21568683848443,Coastal
US1NJMN0008,40.1678,-74.0261,LAKE COMO 0.2 S,75.0,59.219154064018284,Inland
US1NJMN0010,40.3034,-74.04,EATONTOWN 1.2 NE,0.0,44.229401587816426,Coastal
US1NJMN0012,40.3204,-74.1927,COLTS NECK TWP 2.4 NW,100.0,45.244241392520635,Coastal
US1NJMN0015,40.3773,-74.1595,HOLMDEL TWP 0.7 E,66.67,38.33052202658131,Coastal
US1NJMN0016,40.2279,-74.3142,FREEHOLD TWP 1.0 WNW,75.0,58.84105391632296,Inland
US1NJMN0017,40.1838,-74.2448,HOWELL TWP 2.5 W,0.0,61.02287297344564,Inland
US1NJMN0019,40.2274,-74.0127,ASBURY PARK 0.3 N,0.0,52.56170420013961,Inland
US1NJMN0020,40.1739,-74.0656,WALL TWP 1.7 ENE,25.0,58.76250606153497,Inland
US1NJMN0024,40.18,-74.052,WALL TWP 2.5 ENE,58.33,57.988581908708255,Inland
US1NJMN0029,40.427,-74.1071,MIDDLETOWN TWP 2.9 NNW,100.0,31.675683589779254,Coastal
US1NJMN0032,40.3627,-74.0312,FAIR HAVEN 0.4 E,33.33,37.598623617445014,Coastal
US1NJMN0042,40.1526,-74.1974,HOWELL TWP 2.0 S,83.33,63.11984227960788,Inland
US1NJMN0044,40.3716,-73.9972,RUMSON 0.7 NNE,8.33,36.51718054172684,Coastal
US1NJMN0048,40.297,-74.0015,LONG BRANCH 0.5 W,0.0,44.81173492613153,Coastal
US1NJMN0049,40.1761,-74.0353,BELMAR 0.6 WSW,75.0,58.33157351006716,Inland
US1NJMN0051,40.3671,-73.9979,RUMSON 0.5 NE,66.67,37.0172165115823,Coastal
US1NJMN0052,40.235,-74.4755,MILLSTONE TWP 2.9 WNW,8.33,65.50920725597973,Inland
US1NJMN0055,40.251,-74.2819,FREEHOLD 0.7 SSW,8.33,55.32808743278307,Inland
US1NJMN0058,40.3004,-74.3311,MANALAPAN TWP 1.6 NNE,41.67,52.5173568365228,Inland
US1NJMS0002,40.667,-74.4827,LONG HILL TWP 1.2 SSE,0.0,40.86704048491803,Coastal
US1NJMS0003,40.8054,-74.5045,MORRIS TWP 0.8 NW,0.0,44.082461449162544,Coastal
US1NJMS0004,40.9658,-74.4878,ROCKAWAY TWP 0.7 NE,100.0,50.57448927365135,Inland
US1NJMS0006,40.9018,-74.5189,ROCKAWAY 0.4 NNW,0.0,49.10406849859911,Coastal
US1NJMS0008,40.8232,-74.5484,RANDOLPH TWP 2.2 SE,100.0,48.17638908274157,Coastal
US1NJMS0009,40.8581,-74.658,ROXBURY TWP 1.7 S,91.67,58.126012602847766,Inland
US1NJMS0011,40.9096,-74.4141,BOONTON 0.6 NW,16.67,41.92828617795224,Coastal
US1NJMS0014,40.7556,-74.4098,MADISON 0.5 ESE,41.67,35.08103801289029,Coastal
US1NJMS0015,40.7836,-74.6325,MENDHAM TWP 2.0 W,25.0,54.09134601162273,Inland
US1NJMS0016,40.969,-74.371,KINNELON 1.4 SE,100.0,43.23072606926327,Coastal
US1NJMS0018,41.0127,-74.5103,JEFFERSON TWP 2.4 ENE,0.0,55.234872142442036,Inland
US1NJMS0019,40.6713,-74.5175,LONG HILL TWP 1.8 WSW,0.0,43.75148419753912,Coastal
US1NJMS0021,40.8451,-74.5969,RANDOLPH TWP 0.8 W,0.0,52.790130662399605,Inland
US1NJMS0022,40.8763,-74.7807,MOUNT OLIVE TWP 2.1 WNW,0.0,68.58732485219439,Inland
US1NJMS0023,40.8821,-74.5944,MINE HILL TWP 0.4 NE,0.0,53.98118670312749,Inland
US1NJMS0025,40.8315,-74.5449,RANDOLPH TWP 2.1 ESE,16.67,48.16322352572782,Coastal
US1NJMS0031,40.9158,-74.4758,DENVILLE TWP 2.0 NNE,0.0,46.68416934228618,Coastal
US1NJMS0033,40.7856,-74.6858,CHESTER 0.3 ESE,100.0,58.55488089007409,Inland
US1NJMS0034,40.8558,-74.7476,MOUNT OLIVE TWP 0.8 SSW,100.0,65.28955917992174,Inland
US1NJMS0035,40.9008,-74.4893,DENVILLE TWP 0.8 N,0.0,46.84892040136382,Coastal
US1NJMS0036,40.8656,-74.3851,PARSIPPANY-TROY HILLS TWP 2.1,0.0,37.28766984540896,Coastal
US1NJMS0039,40.8533,-74.447,PARSIPPANY-TROY HILLS TWP 1.3,66.67,41.319026879279335,Coastal
US1NJMS0040,40.7481,-74.3908,CHATHAM 0.6 NW,8.33,33.3642679181452,Coastal
US1NJMS0042,40.8398,-74.5432,RANDOLPH TWP 2.0 E,8.33,48.31311049182505,Coastal
US1NJMS0047,40.7924,-74.45,MORRISTOWN 1.4 E,91.67,39.27659329426466,Coastal
US1NJMS0049,40.778,-74.3992,FLORHAM PARK 0.2 WNW,8.33,34.73340021164209,Coastal
US1NJMS0050,40.7798,-74.5854,MENDHAM TWP 0.5 ESE,0.0,50.11181305939922,Inland
US1NJMS0051,40.8759,-74.6304,ROXBURY TWP 1.2 ESE,0.0,56.56216199227214,Inland
US1NJMS0054,40.8675,-74.7536,MOUNT OLIVE TWP 0.6 W,0.0,66.12598164755165,Inland
US1NJMS0058,40.7924,-74.4546,MORRISTOWN 1.2 ESE,100.0,39.6507418857845,Coastal
US1NJMS0060,40.7817,-74.6738,CHESTER TWP 0.6 ENE,100.0,57.48913269790088,Inland
US1NJMS0061,40.7853,-74.8612,WASHINGTON TWP 3.6 W,0.0,73.17030073258212,Inland
US1NJOC0001,40.0936,-74.103,BRICK TWP 2.4 N,58.33,67.99039696968445,Inland
US1NJOC0006,40.0797,-74.0989,BRICK TWP 1.5 NNE,58.33,69.4809170976161,Inland
US1NJOC0008,39.9847,-74.0726,LAVALLETTE 1.1 N,58.33,79.77536055230662,Inland
US1NJOC0009,39.9496,-74.1363,TOMS RIVER TWP 3.1 SSE,66.67,84.236868043752,Inland
US1NJOC0012,39.7287,-74.2894,STAFFORD TWP 2.1 NW,0.0,110.76371632020425,Inland
US1NJOC0013,40.0878,-74.052,POINT PLEASANT BEACH 0.5 SW,0.0,68.21582061931207,Inland
US1NJOC0017,39.8626,-74.141,LACEY TWP 6.3 E,8.33,93.87964162598213,Inland
US1NJOC0019,39.9409,-74.1749,PINE BEACH 0.4 NW,91.67,85.70051222963887,Inland
US1NJOC0024,39.9331,-74.1455,BERKELEY TWP 2.9 ENE,25.0,86.16300670696772,Inland
US1NJOC0033,40.1535,-74.3859,JACKSON TWP 4.1 NNW,75.0,68.99064648259109,Inland
US1NJOC0034,40.128,-74.293,JACKSON TWP 2.4 NE,91.67,68.26945201626879,Inland
US1NJOC0036,39.6747,-74.3483,LITTLE EGG HARBOR TWP 5.4 N,0.0,117.7843784336785,Inland
US1NJOC0038,40.1245,-74.1035,BRICK TWP 3.5 N,100.0,64.58982903973093,Inland
US1NJOC0040,40.1181,-74.3972,JACKSON TWP 2.5 WNW,0.0,72.92186138812787,Inland
US1NJOC0042,39.9028,-74.2064,BERKELEY TWP 1.3 SSW,0.0,90.35605189278257,Inland
US1NJOC0049,40.1018,-74.2757,JACKSON TWP 4.3 E,91.67,70.49463025873736,Inland
US1NJOC0051,39.735,-74.2525,STAFFORD TWP 2.2 NNE,33.33,109.4237973717625,Inland
US1NJOC0053,40.0663,-74.357,JACKSON TWP 2.2 S,100.0,76.67799660033762,Inland
US1NJPS0004,40.9713,-74.1856,NORTH HALEDON 0.6 N,16.67,33.96857141356976,Coastal
US1NJPS0005,40.9517,-74.1573,HAWTHORNE 0.4 S,0.0,30.95949133910718,Coastal
US1NJPS0012,40.8796,-74.227,LITTLE FALLS TWP 0.5 WNW,0.0,27.641143475031623,Coastal
US1NJPS0013,41.1705,-74.3293,WEST MILFORD TWP 5.5 NE,100.0,59.179887634927844,Inland
US1NJPS0014,40.9436,-74.1523,HAWTHORNE 1.0 SSE,0.0,29.965748445415105,Coastal
US1NJPS0015,40.9369,-74.2515,WAYNE TWP 0.8 SSW,91.67,33.790715335000044,Coastal
US1NJPS0016,41.141,-74.3536,WEST MILFORD TWP 3.2 NE,0.0,57.33482726342391,Inland
US1NJPS0017,40.8918,-74.196,WOODLAND PARK 0.1 NW,100.0,26.964218687052554,Coastal
US1NJPS0018,40.9163,-74.2005,PATERSON 2.0 W,83.33,29.380794256567384,Coastal
US1NJPS0019,41.0351,-74.2892,WANAQUE 0.6 S,0.0,44.4948172022382,Coastal
US1NJPS0021,41.0739,-74.368,WEST MILFORD TWP 2.5 SSE,8.33,51.82213549644182,Inland
US1NJPS0022,41.0653,-74.2571,RINGWOOD 3.0 SSE,8.33,46.012076143893744,Coastal
US1NJPS0038,41.0073,-74.331,BLOOMINGDALE 1.6 S,100.0,44.075041343543724,Coastal
US1NJSL0002,39.6561,-75.3338,WOODSTOWN 0.6 NW,0.0,162.21290878427052,Inland
US1NJSL0003,39.5137,-75.1363,PITTSGROVE TWP 1.9 S,0.0,163.51837158579318,Inland
US1NJSM0001,40.4726,-74.5904,HILLSBOROUGH TWP 4.7 ESE,0.0,55.901407443400956,Inland
US1NJSM0002,40.6831,-74.5524,BERNARDS TWP 0.9 ENE,25.0,46.611428097916985,Coastal
US1NJSM0003,40.493,-74.5175,FRANKLIN TWP 2.1 ENE,0.0,49.3851447036408,Coastal
US1NJSM0004,40.6834,-74.5731,BERNARDS TWP 0.6 NNW,0.0,48.35390349140813,Coastal
US1NJSM0005,40.6262,-74.6535,BRIDGEWATER TWP 3.3 NW,0.0,55.72837412783505,Inland
US1NJSM0011,40.6563,-74.6305,BEDMINSTER TWP 2.9 ESE,0.0,53.39048424690512,Inland
US1NJSM0012,40.5006,-74.4875,FRANKLIN TWP 3.8 ENE,25.0,46.75022483983615,Coastal
US1NJSM0013,40.5704,-74.6053,SOMERVILLE 0.2 ENE,41.67,53.07070870541472,Inland
US1NJSM0015,40.5017,-74.6671,HILLSBOROUGH TWP 0.4 ENE,41.67,60.482945432715645,Inland
US1NJSM0021,40.4552,-74.6361,MONTGOMERY TWP 3.0 NE,0.0,60.224513079773885,Inland
US1NJSM0022,40.3936,-74.6773,MONTGOMERY TWP 2.3 S,41.67,66.60159837691344,Inland
US1NJSM0023,40.4511,-74.6699,MONTGOMERY TWP 1.8 NNE,66.67,62.984670117343576,Inland
US1NJSM0026,40.5123,-74.5174,FRANKLIN TWP 3.1 NE,25.0,48.408855564428464,Coastal
US1NJSM0027,40.5138,-74.6739,HILLSBOROUGH TWP 1.0 N,58.33,60.539849462125595,Inland
US1NJSM0030,40.683,-74.5777,BERNARDS TWP 0.7 NW,100.0,48.74330317700574,Coastal
US1NJSM0031,40.7343,-74.6478,PEAPACK-GLADSTONE 1.3 NNE,91.67,54.728857268034595,Inland
US1NJSM0033,40.5247,-74.7029,HILLSBOROUGH TWP 2.4 NW,41.67,62.452515366818794,Inland
US1NJSM0034,40.5733,-74.5908,BRIDGEWATER TWP 1.6 SSE,100.0,51.804542102375564,Inland
US1NJSM0039,40.5462,-74.5287,FRANKLIN TWP 4.6 NNW,0.0,47.786101816780516,Coastal
US1NJSM0040,40.6148,-74.4994,WARREN TWP 1.5 SSE,75.0,43.1787467702598,Coastal
US1NJSM0045,40.5606,-74.6649,BRIDGEWATER TWP 3.8 SW,25.0,58.21164306327454,Inland
US1NJSM0046,40.614,-74.6228,BRIDGEWATER TWP 1.6 NNW,41.67,53.39944835584689,Inland
US1NJSM0049,40.5816,-74.6674,BRIDGEWATER TWP 3.2 WSW,25.0,57.8306223512471,Inland
US1NJSM0050,40.6092,-74.6992,BRANCHBURG TWP 3.3 NNE,8.33,59.84092492268721,Inland
US1NJSM0068,40.5426,-74.6006,MANVILLE 0.6 W,100.0,53.62705925841378,Inland
US1NJSS0001,41.0197,-74.7611,ANDOVER TWP 1.7 W,8.33,73.21593743042263,Inland
US1NJSS0003,41.2215,-74.488,VERNON TWP 1.7 N,91.67,71.00507825005636,Inland
US1NJSS0007,41.089,-74.5399,HARDYSTON TWP 3.2 SE,0.0,62.69261173251209,Inland
US1NJSS0017,41.2929,-74.6176,WANTAGE TWP 3.5 N,100.0,83.86219603520087,Inland
US1NJSS0020,41.2288,-74.6059,WANTAGE TWP 1.5 SE,0.0,77.75326823043554,Inland
US1NJSS0022,41.2122,-74.5222,VERNON TWP 2.2 WNW,100.0,71.87993522741935,Inland
US1NJSS0026,41.1569,-74.6348,LAFAYETTE TWP 3.6 NE,91.67,73.65585467373508,Inland
US1NJSS0027,41.0609,-74.7564,NEWTON 0.5 NNW,16.67,75.19514358789608,Inland
US1NJSS0028,41.3037,-74.7808,MONTAGUE TWP 2.7 WNW,16.67,93.80457352995757,Inland
US1NJSS0029,41.0086,-74.6819,SPARTA TWP 4.0 SW,58.33,66.83284331721083,Inland
US1NJUN0003,40.6412,-74.2726,LINDEN 2.2 NW,100.0,23.90212875959338,Coastal
US1NJUN0007,40.6606,-74.3287,WESTFIELD 1.0 NE,100.0,28.061913798352293,Coastal
US1NJUN0010,40.6945,-74.3898,NEW PROVIDENCE 0.8 ESE,0.0,32.86742959890054,Coastal
US1NJUN0014,40.6588,-74.3358,WESTFIELD 0.6 NE,58.33,28.68509759272479,Coastal
US1NJUN0016,40.6676,-74.2822,KENILWORTH 0.8 SSE,100.0,24.066615560020566,Coastal
US1NJUN0017,40.6722,-74.3096,CRANFORD TWP 1.1 NNW,50.0,26.287311753729828,Coastal
US1NJUN0018,40.7079,-74.2841,UNION TWP 1.1 NW,41.67,23.964501242006303,Coastal
US1NJUN0019,40.7294,-74.3719,SUMMIT 1.0 NNW,100.0,31.514502068600923,Coastal
US1NJWR0001,40.6554,-75.1167,GREENWICH TWP 1.6 S,0.0,94.29994607885058,Inland
US1NJWR0002,40.8549,-74.9815,LIBERTY TWP 1.7 WSW,100.0,84.42011666066648,Inland
US1NJWR0004,40.9611,-74.97,BLAIRSTOWN TWP 2.0 SE,0.0,86.62099823863873,Inland
US1NJWR0005,40.8515,-74.8403,HACKETTSTOWN 0.8 W,0.0,72.73465568121713,Inland
US1NJWR0006,40.9412,-74.8428,ALLAMUCHY TWP 1.7 NNW,0.0,75.82139604401131,Inland
US1NJWR0007,40.8522,-74.9494,LIBERTY TWP 1.0 S,50.0,81.7148547310868,Inland
US1NJWR0008,40.9408,-74.9385,BLAIRSTOWN TWP 4.1 SE,0.0,83.38818548894812,Inland
US1NJWR0012,40.7103,-74.9942,FRANKLIN TWP 2.9 E,25.0,83.81264601268947,Inland
US1NJWR0017,40.8234,-74.9578,MANSFIELD TWP 2.6 WNW,0.0,81.82659136431407,Inland
US1NJWR0020,40.8014,-74.9978,OXFORD TWP 0.6 SSW,16.67,84.80358175953826,Inland
US1NJWR0021,40.7623,-74.9719,WASHINGTON 0.6 ENE,50.0,82.18556402620723,Inland
US1NJWR0022,41.0238,-74.9212,HARDWICK TWP 3.6 E,8.33,85.4263011252383,Inland
US1NJWR0023,40.7964,-75.0447,WHITE TWP 1.7 S,0.0,88.65503226798559,Inland
US1NJWR0024,40.9784,-75.0329,BLAIRSTOWN TWP 1.8 W,0.0,92.24095601354296,Inland
US1NYCB0001,42.1335,-73.7679,HUDSON 8.2 S,0.0,160.56841633903693,Inland
US1NYCB0006,42.4727,-73.6439,NORTH CHATHAM 0.6 W,0.0,199.3271645254906,Inland
US1NYCB0023,42.3559,-73.6084,CHATHAM 0.7 SW,100.0,186.99039539786364,Inland
US1NYDL0005,42.3003,-74.9026,DELHI 1.5 NNE,0.0,193.1670763403014,Inland
US1NYDL0008,42.1496,-74.6189,MARGARETVILLE 1.7 ENE,83.33,169.24505900955486,Inland
US1NYDL0009,42.1792,-74.9167,ANDES 6.8 W,0.0,181.36008534575905,Inland
US1NYDL0016,41.9511,-75.3024,HANCOCK 1.0 W,100.0,176.57650331452007,Inland
US1NYDL0022,42.3442,-74.7317,SOUTH KORTRIGHT 0.8 W,0.0,192.7054526437801,Inland
US1NYDL0023,41.9351,-75.0784,LONG EDDY 6.5 NNE,8.33,164.2296925733116,Inland
US1NYDL0024,42.1653,-75.2585,WALTON 6.5 W,16.67,193.78551153656352,Inland
US1NYDL0025,42.3523,-74.5783,HOBART 4.8 ESE,50.0,189.92840223582272,Inland
US1NYDT0001,41.616,-73.8033,HILLSIDE LAKE 0.3 WNW,100.0,103.17706279089215,Inland
US1NYDT0002,41.6634,-73.8419,POUGHKEEPSIE 4.7 ESE,100.0,107.93912605981188,Inland
US1NYDT0004,41.5535,-73.7863,HOPEWELL JUNCTION 2.4 SSE,8.33,96.57791745467517,Inland
US1NYDT0005,41.588,-73.8922,WAPPINGERS FALLS 1.6 ESE,0.0,99.15281643396166,Inland
US1NYDT0007,41.7887,-73.9356,HYDE PARK 1.5 W,83.33,121.177586942812,Inland
US1NYDT0008,41.7523,-73.6488,MILLBROOK 3.2 SE,0.0,120.64008901328344,Inland
US1NYDT0009,41.9231,-73.9021,RHINEBECK 0.5 SE,100.0,136.24806662712876,Inland
US1NYDT0010,41.647,-73.897,POUGHKEEPSIE 3.9 SSE,0.0,105.6538749631316,Inland
US1NYDT0012,41.6846,-73.7205,LAGRANGEVILLE 3.4 NE,0.0,111.9523649886541,Inland
US1NYGR0005,42.4429,-73.7866,NEW BALTIMORE 0.2 SE,33.33,194.61279186723473,Inland
US1NYGR0006,42.3605,-73.9835,FREEHOLD 3.4 E,0.0,184.6442828875985,Inland
US1NYGR0007,42.414,-74.009,GREENVILLE 0.7 E,0.0,190.58957510987895,Inland
US1NYNS0006,40.7245,-73.5086,LEVITTOWN 0.2 E,83.33,41.50718474976619,Coastal
US1NYNS0007,40.723,-73.711,FLORAL PARK 0.4 W,8.33,24.49257247897553,Coastal
US1NYOR0002,41.4469,-74.0214,CORNWALL ON HUDSON 0.6 NNW,100.0,83.07086116437252,Inland
US1NYOR0004,41.2684,-74.416,WARWICK 3.2 WNW,75.0,72.20767371316775,Inland
US1NYOR0006,41.3014,-74.167,MONROE 1.7 SE,100.0,68.32530956069282,Inland
US1NYOT0008,42.3235,-75.3643,SIDNEY 2.1 NE,100.0,213.28548083851015,Inland
US1NYPT0001,41.4969,-73.7017,CARMEL HAMLET 5.8 N,100.0,92.069056702099,Inland
US1NYPT0002,41.4807,-73.8911,BEACON 4.2 ESE,0.0,87.28826322761758,Inland
US1NYPT0004,41.497,-73.8369,COLD SPRING 8.1 NE,0.0,89.66992311516913,Inland
US1NYQN0002,40.7145,-73.8819,MIDDLE VILLAGE 0.5 SW,16.67,10.084551619647785,Coastal
US1NYRC0001,40.5421,-74.1476,STATEN ISLAND 4.5 SSE,16.67,21.528155604600617,Coastal
US1NYRC0002,40.5674,-74.1327,STATEN ISLAND 1.4 SE,8.33,18.514585768269576,Coastal
US1NYRL0004,41.1394,-74.0457,SPRING VALLEY 1.7 N,100.0,49.0097003035818,Coastal
US1NYRL0005,41.0835,-73.993,WEST NYACK 1.3 WSW,0.0,42.647313594755815,Coastal
US1NYSF0002,40.93,-72.67,RIVERHEAD 1.3 SSE,0.0,114.8095638669403,Inland
US1NYSF0003,40.8806,-72.9292,MIDDLE ISLAND 0.8 ESE,0.0,92.35574488972415,Inland
US1NYSF0007,40.9364,-72.5778,JAMESPORT 0.6 SSW,50.0,122.53068610457943,Inland
US1NYSF0016,40.9234,-73.3305,NORTHPORT 1.6 NNE,8.33,61.57722135486083,Inland
US1NYSF0017,40.7351,-73.2212,ISLIP 0.2 NW,8.33,65.75179915076299,Inland
US1NYSF0018,40.9299,-72.8988,SHOREHAM 1.8 SSE,100.0,96.13203137086586,Inland
US1NYSF0019,40.8123,-72.7718,EAST MORICHES 0.6 WNW,8.33,104.20081067516325,Inland
US1NYSF0024,40.7982,-73.15,RONKONKOMA 1.4 WSW,0.0,72.4302487684369,Inland
US1NYSF0030,40.9562,-72.9197,ROCKY POINT 2.0 N,100.0,95.2536988529768,Inland
US1NYSF0049,40.7326,-73.0807,SAYVILLE 1.0 SSE,100.0,77.5630558297895,Inland
US1NYSF0060,40.7507,-73.028,BLUE POINT 0.4 E,100.0,82.10243630532166,Inland
US1NYSV0005,41.6326,-74.5604,ROCK HILL 2.0 NE,0.0,113.816239426601,Inland
US1NYSV0006,41.85,-75.1333,LONG EDDY,0.0,159.12377647744077,Inland
US1NYSV0008,41.5739,-74.4871,WURTSBORO 0.2 SSW,0.0,105.38758359825827,Inland
US1NYSV0009,41.6501,-74.5884,GLEN WILD 0.3 SSW,100.0,116.55995683170386,Inland
US1NYUL0001,41.9286,-74.0195,KINGSTON 1.1 W,33.33,136.62379282121103,Inland
US1NYUL0002,42.0204,-74.0977,WOODSTOCK 1.4 SSE,0.0,147.04799691798846,Inland
US1NYUL0003,41.8809,-74.0574,ROSENDALE VILLAGE 2.4 NNE,0.0,131.3976240119366,Inland
US1NYUL0004,42.0181,-74.0151,RUBY 0.5 NE,0.0,146.57145015958613,Inland
US1NYUL0006,41.714,-74.0866,NEW PALTZ 2.4 S,0.0,112.9841378286808,Inland
US1NYUL0008,41.9162,-74.1832,STONE RIDGE 4.9 NNW,25.0,136.09813069316135,Inland
US1NYUL0009,41.6267,-73.9941,MARLBORO 1.9 NNW,0.0,103.04552207265353,Inland
US1NYUL0029,41.7149,-73.9684,HIGHLAND 0.2 SW,100.0,112.8826856195818,Inland
US1NYWC0003,41.0639,-73.7722,WHITE PLAINS 3.1 NNW,100.0,44.76699731843176,Coastal
US1NYWC0006,41.3003,-73.57,SOUTH SALEM 2.1 NW,0.0,75.87966591651224,Inland
US1NYWC0007,41.2649,-73.7899,YORKTOWN HEIGHTS 0.6 SW,0.0,65.2428513471465,Inland
US1NYWC0009,40.904,-73.777,NEW ROCHELLE 1.3 S,100.0,29.44271825277779,Coastal
US1NYWC0011,41.2944,-73.9229,PEEKSKILL 0.4 N,0.0,66.41022430781763,Inland
US1PABK0004,40.4105,-75.4427,PENNSBURG 3.0 ENE,50.0,126.06210906974145,Inland
US1PABK0005,40.3483,-75.2862,PERKASIE 1.6 SSE,0.0,115.53192572223459,Inland
US1PABK0013,40.1499,-74.9333,PENNDEL 1.1 WSW,0.0,99.91315272377118,Inland
US1PABK0014,40.2366,-74.9213,NEWTOWN 0.8 NE,58.33,93.42872106231117,Inland
US1PABK0015,40.2893,-75.0931,FURLONG 0.7 SW,0.0,103.09751459359516,Inland
US1PABK0018,40.2092,-74.886,LANGHORNE 2.8 NE,25.0,92.72513391192382,Inland
US1PABK0026,40.307,-75.1982,DOYLESTOWN 3.7 W,0.0,110.32845730418947,Inland
US1PABK0030,40.1783,-74.9108,LANGHORNE 0.5 E,100.0,96.47017333787636,Inland
US1PACB0015,40.8283,-75.4889,CHAPMAN 6.6 NW,8.33,126.20170824578398,Inland
US1PACH0018,40.0324,-75.4935,MALVERN 1.1 E,58.33,146.69697596627458,Inland
US1PACH0020,40.0449,-75.4564,DEVON-BERWYN 0.9 W,25.0,143.2734852439623,Inland
US1PADL0009,39.8854,-75.4518,ASTON 0.2 W,0.0,152.85683234202452,Inland
US1PAMN0007,40.9887,-75.2959,STROUDSBURG 5.1 W,83.33,113.635482639011,Inland
US1PAMN0008,41.013,-75.371,REEDERS 1.8 W,0.0,120.4409313152774,Inland
US1PAMN0009,41.0578,-75.0796,EAST STROUDSBURG 6.5 NE,0.0,99.10193474310005,Inland
US1PAMT0006,40.2763,-75.3006,HATFIELD 0.1 SSW,41.67,119.65342172907957,Inland
US1PAMT0007,40.2556,-75.4144,HARLEYSVILLE 2.1 SW,0.0,129.43361909599435,Inland
US1PAMT0009,40.2177,-75.4933,COLLEGEVILLE 2.8 NW,66.67,137.24951903717033,Inland
US1PAMT0011,40.2819,-75.336,HATFIELD 2.0 W,100.0,122.16823014174973,Inland
US1PAMT0012,40.2182,-75.4202,COLLEGEVILLE 2.9 NE,91.67,131.55594625610814,Inland
US1PAMT0013,40.1685,-75.3005,BLUE BELL 2.3 NW,8.33,124.93024823240668,Inland
US1PAMT0016,40.2061,-75.2991,NORTH WALES 1.3 WSW,0.0,122.87419861107156,Inland
US1PAMT0017,40.0124,-75.257,NARBERTH 0.5 NE,100.0,131.10962664586833,Inland
US1PAMT0020,40.2011,-75.409,SKIPPACK 1.4 SSW,16.67,131.4956762318915,Inland
US1PAMT0022,40.2077,-75.3522,KULPSVILLE 2.6 SSW,0.0,126.8309939929955,Inland
US1PAMT0025,40.2192,-75.4538,COLLEGEVILLE 2.2 N,100.0,134.11195863067542,Inland
US1PAMT0027,40.2238,-75.31,LANSDALE 1.9 SW,75.0,122.82563592670161,Inland
US1PAMT0037,40.3184,-75.3243,SOUDERTON 0.6 NNW,66.67,119.7280620148455,Inland
US1PAMT0038,40.2707,-75.4659,SCHWENKSVILLE 0.9 N,83.33,132.8443672484889,Inland
US1PAMT0042,40.2887,-75.21,CHALFONT 0.2 NW,100.0,112.07286276926483,Inland
US1PAMT0048,40.0082,-75.3003,ARDMORE 0.5 NW,33.33,134.37669773706293,Inland
US1PAMT0051,40.2363,-75.3825,HARLEYSVILLE 2.9 S,25.0,127.8101094573708,Inland
US1PAMT0053,40.2199,-75.4655,COLLEGEVILLE 2.3 N,16.67,134.98892017907727,Inland
US1PAMT0055,40.2384,-75.4033,SCHWENKSVILLE 3.6 ESE,100.0,129.32745370302177,Inland
US1PAMT0056,40.2654,-75.3329,HATFIELD 2.0 WSW,0.0,122.64984004005879,Inland
US1PAMT0060,40.1015,-75.2538,PLYMOUTH MEETING 1.5 ESE,100.0,125.3012077623017,Inland
US1PAMT0063,40.1522,-75.1038,WILLOW GROVE 0.8 ENE,0.0,111.53330383566642,Inland
US1PAMT0064,40.1305,-75.3839,WEST NORRITON 0.3 WNW,0.0,133.1772447453705,Inland
US1PAMT0065,40.1999,-75.4534,COLLEGEVILLE 0.9 NNE,41.67,134.96698939394614,Inland
US1PAMT0067,40.146,-75.2025,FORT WASHINGTON 0.8 NW,0.0,118.97893603871907,Inland
US1PAMT0072,40.195,-75.2908,NORTH WALES 1.3 SW,8.33,122.81381496916147,Inland
US1PAMT0078,40.153,-75.2564,BLUE BELL 0.8 NE,50.0,122.51192084848844,Inland
US1PAMT0116,40.052,-75.2765,GLADWYNE 0.2 NNE,100.0,129.9371055446759,Inland
US1PANH0001,40.7712,-75.3069,NAZARETH 2.2 N,8.33,110.39688494987713,Inland
US1PANH0005,40.6114,-75.2259,GLENDON 3.5 S,58.33,103.8802695416003,Inland
US1PANH0009,40.6569,-75.3295,BETHLEHEM 2.9 NE,0.0,112.21532937460013,Inland
US1PANH0010,40.6029,-75.2899,HELLERTOWN 2.9 ENE,0.0,109.3519957598946,Inland
US1PAPH0002,40.0677,-75.0748,ROCKLEDGE 1.3 SE,16.67,115.02304316137179,Inland
US1PAPH0004,40.0586,-75.077,PHILADELPHIA 4.7 NE,0.0,115.7958853061691,Inland
US1PAPH0006,40.0455,-75.2222,WYNDMOOR 3.0 SSW,25.0,126.55366831278945,Inland
US1PAPH0008,40.025,-75.18,PHILADELPHIA 2.7 WNW,16.67,125.01357301101278,Inland
US1PAPK0004,41.5075,-75.1163,HAWLEY 3.8 NE,16.67,129.6529740985165,Inland
US1PAPK0008,41.3,-74.95,MILFORD 7.9 WSW,100.0,103.95574653843792,Inland
US1PAPK0009,41.2084,-74.9437,DINGMANS FERRY 3.9 WSW,100.0,97.34581804569306,Inland
US1PAPK0014,41.4153,-75.1702,TAFTON 1.0 NE,58.33,126.30384407155096,Inland
US1PASS0006,41.65,-75.4667,FOREST CITY 0.2 SE,0.0,161.94690730708143,Inland
US1PAWN0002,41.2908,-75.355,MOSCOW 9.7 ESE,100.0,131.3284348067884,Inland
US1PAWN0003,41.65,-75.0833,DAMASCUS - 9,100.0,139.20797478686774,Inland
US1PAWN0004,41.3528,-75.4358,MOSCOW 4.9 E,8.33,140.6233034257595,Inland
US1PAWN0008,41.6333,-75.05,MILANVILLE 1.5 SE,41.67,135.99408588450285,Inland
US1PAWN0010,41.8992,-75.4718,STARRUCCA - 27,8.33,181.37096488782956,Inland
US1PAWN0012,41.6384,-75.2994,DYBERRY 2.1 W,0.0,150.72059597564922,Inland
US1PAWN0013,41.5027,-75.159,HAWLEY - 15,0.0,131.89782207849595,Inland
US1PAWN0014,41.54,-75.25,TEXAS TWP. 1,100.0,140.31151940054957,Inland
US1PAWN0026,41.5902,-75.359,CANAAN - 11,16.67,150.8194613151898,Inland
US1PAWN0035,41.5824,-75.3357,PROMPTON - 25,0.0,148.78466756040262,Inland
US1PAWN0036,41.5868,-75.4079,WAYMART - 28,100.0,153.6915796763858,Inland
US1PAWN0037,41.625,-75.222,OREGON - 23,8.33,145.06184400768856,Inland
US1PAWN0038,41.5237,-75.2696,CHERRY RIDGE 13A,0.0,140.3614932707387,Inland
US1PAWN0041,41.4511,-75.345,LAKE ARIEL 2.0 ESE,8.33,140.30474621711983,Inland
US1PAWN0042,41.7395,-75.443,PLEASANT MOUNT 1.0 E,0.0,167.10843549134992,Inland
US1PAWN0044,41.7974,-75.2207,MANCHESTER - 7A,0.0,159.07189620122313,Inland
USC00060128,41.3492,-73.0917,ANSONIA 1 NW,0.0,104.96018596386264,Inland
USC00060227,41.8417,-73.0086,BAKERSVILLE,0.0,151.59420084242657,Inland
USC00060299,41.9211,-72.9636,BARKHAMSTED,0.0,161.02313663758065,Inland
USC00060808,41.2278,-73.1744,TRUMBULL,16.67,90.82829959809474,Inland
USC00060961,41.6764,-73.5086,BULLS BRG DAM,8.33,116.09624712246199,Inland
USC00060973,41.7944,-72.9319,BURLINGTON,0.0,150.9373169350699,Inland
USC00061508,42.0003,-73.0439,COLEBROOK RVR LAKE,50.0,165.147460687478,Inland
USC00061762,41.4003,-73.4211,DANBURY,58.33,91.76134681765755,Inland
USC00062658,41.95,-73.3667,FALLS VILLAGE,8.33,148.71289726822306,Inland
USC00063207,41.3503,-72.0378,GROTON,58.33,179.7814521313343,Inland
USC00063420,41.7675,-72.0531,HAMPTON,0.0,201.47194613308577,Inland
USC00065077,41.4072,-72.9031,MT CARMEL,58.33,121.00850006151634,Inland
USC00065445,41.9725,-73.2208,NORFOLK 2 SW,0.0,155.73252860621344,Inland
USC00065910,41.5267,-72.0653,NORWICH PUBLIC UTILITY PLT,8.33,186.32661807599962,Inland
USC00066655,41.0825,-73.6386,PUTNAM LAKE,41.67,52.26686090371134,Inland
USC00066966,41.5833,-73.4333,ROCKY RVR DAM,8.33,109.08114407265876,Inland
USC00067373,41.7167,-73.3,SHEPAUG DAM,8.33,127.31626841693836,Inland
USC00067432,41.6444,-72.8167,SHUTTLE MEADOW RSVR,50.0,144.34735025140853,Inland
USC00067958,41.9983,-72.2606,STAFFORDVILLE,0.0,204.74068358311456,Inland
USC00067970,41.1247,-73.5475,STAMFORD 5 N,0.0,60.62975240606363,Inland
USC00068065,41.3819,-73.1717,STEVENSON DAM,8.33,102.83375224070066,Inland
USC00068138,41.795,-72.2286,STORRS,0.0,191.71489022052612,Inland
USC00068330,41.6931,-73.06,THOMASTON DAM,0.0,135.57051431060165,Inland
USC00068436,41.8,-73.1167,TORRINGTON,0.0,142.8748949885459,Inland
USC00190120,42.3861,-72.5375,AMHERST,0.0,223.52132593487198,Inland
USC00190408,42.4281,-72.0275,BARRE FALLS DAM,0.0,252.67986545518957,Inland
USC00190562,42.2797,-72.3483,BELCHERTOWN,0.0,223.10739906379075,Inland
USC00191821,42.4686,-73.1531,DALTON,100.0,208.89003771413692,Inland
USC00192107,42.1103,-72.1269,E BRIMFIELD LAKE,0.0,221.34053440820824,Inland
USC00193172,42.0875,-72.8486,GRANVILLE DAM,0.0,181.73166190860383,Inland
USC00193213,42.2167,-73.35,GREAT BARRINGTON 2N,8.33,177.13289624669517,Inland
USC00193402,42.3458,-72.1542,HARDWICK 2 ESE,0.0,238.94972552523168,Inland
USC00194131,42.3356,-73.2506,LENOX DALE,0.0,192.27276998751947,Inland
USC00194154,42.4467,-72.53,LEVERETT #2,0.0,229.5035933289803,Inland
USC00197627,42.0583,-72.0722,SOUTHBRIDGE 3 SW,0.0,220.6318505257918,Inland
USC00198181,42.3,-73.3333,STOCKBRIDGE,100.0,186.3725736923315,Inland
USC00198278,42.4447,-72.5528,SUNDERLAND,0.0,228.31098585702918,Inland
USC00198793,42.2622,-72.2483,WARE,0.0,226.85561749690834,Inland
USC00199193,42.0931,-72.8036,WESTFIELD 3 SW,0.0,184.26357891749373,Inland
USC00199371,42.1819,-73.2236,W OTIS,0.0,177.03086352493787,Inland
USC00199972,42.3869,-72.9211,WORTHINGTON,0.0,207.9532707250412,Inland
USC00280331,39.7417,-74.7258,ATSION,66.67,123.09253976124516,Inland
USC00280484,39.7575,-74.1069,BARNEGAT LIGHT,100.0,105.19338679847131,Inland
USC00280734,40.8292,-75.0833,BELVIDERE BRG,0.0,92.35787244306073,Inland
USC00280847,40.4592,-74.5836,BLACKWELLS MILLS,0.0,56.09009275489403,Inland
USC00280907,40.8917,-74.3964,BOONTON 1 SE,0.0,39.595923733745174,Coastal
USC00280927,40.5561,-74.5717,BOUND BROOK 2W,0.0,50.83074522820934,Inland
USC00280990,39.5656,-74.2453,BRANT BEACH-BEACH HAVEN,66.67,127.85157497868582,Inland
USC00281211,40.1172,-74.7736,ROEBLING,100.0,92.13926837834038,Inland
USC00281327,41.1092,-74.4828,CANISTEAR RSVR,8.33,60.96433250319593,Inland
USC00281335,40.7436,-74.3539,CANOE BROOK,0.0,30.215700409784002,Coastal
USC00281582,41.03,-74.4247,CHARLOTTEBURG RSVR,25.0,51.20474575128481,Inland
USC00282023,40.6667,-74.3236,CRANFORD,41.67,27.536593887902594,Coastal
USC00282768,40.8319,-74.2864,ESSEX FELLS SVC BLDG,100.0,28.228935685562625,Coastal
USC00283029,40.5742,-74.8817,FLEMINGTON 5 NNW,0.0,75.70132833310103,Inland
USC00283181,40.3136,-74.2511,FREEHOLD-MARLBORO,8.33,47.92416198039382,Coastal
USC00283662,39.6442,-74.8047,HAMMONTON 1 NE,0.0,135.85609810367254,Inland
USC00283704,40.7481,-74.1519,HARRISON,0.0,13.873095616615023,Coastal
USC00283951,40.2664,-74.5642,HIGHTSTOWN 2 W,0.0,67.83407962999465,Inland
USC00284229,39.7994,-74.7806,INDIAN MILLS 2 W,0.0,120.0705002796472,Inland
USC00284635,40.3594,-74.9447,LAMBERTVILLE,0.0,88.36857949265574,Inland
USC00284987,40.2969,-74.0017,LONG BRANCH-OAKHURST,0.0,44.82290541628489,Coastal
USC00285503,40.9939,-74.1453,MIDLAND PARK,58.33,34.89078316232787,Coastal
USC00285728,39.9683,-74.865,MOORESTOWN 4 E,8.33,109.5220641158252,Inland
USC00286055,40.4728,-74.4225,NEW BRUNSWICK 3 SE,0.0,43.71653258555753,Coastal
USC00286146,40.9611,-74.0158,NEW MILFORD,0.0,29.06341249621329,Coastal
USC00286460,41.0356,-74.5011,OAK RIDGE RSVR,16.67,56.28518186474761,Inland
USC00286864,39.9661,-75.0219,PENNSAUKEN 1N,0.0,119.00458416260855,Inland
USC00286964,40.0136,-74.8181,PHILADELPHIA/MT HOLLY WFO,0.0,103.10429914677923,Inland
USC00286979,40.6956,-75.2,PHILLIPSBURG-EASTON BRG,0.0,101.16456804785938,Inland
USC00287079,40.6036,-74.4025,PLAINFIELD,100.0,35.607285839851,Coastal
USC00287301,40.7369,-74.7322,POTTERSVILLE 2 NNW,0.0,61.84394682762514,Inland
USC00287486,40.5944,-75.1897,RIEGELSVILLE,0.0,101.05568703414785,Inland
USC00287587,41.0917,-74.2683,RINGWOOD,91.67,49.04685910012629,Coastal
USC00287850,39.5697,-75.4617,SALEM,100.0,176.73550464499775,Inland
USC00287865,40.4633,-74.0056,SANDY HOOK,100.0,26.324087562941294,Coastal
USC00288173,39.8367,-75.0447,SOMERDALE 4 SW,0.0,130.65580061818872,Inland
USC00288644,41.2186,-74.6211,SUSSEX 1 NW,0.0,77.75206523728933,Inland
USC00288880,40.285,-74.8419,EWING 3 WNW,100.0,84.84002763784954,Inland
USC00289187,41.0417,-74.2972,WANAQUE RAYMOND DAM,0.0,45.47665922829147,Coastal
USC00289363,40.4519,-74.7792,WERTSVILLE 4 NE,0.0,71.35739886854378,Inland
USC00289832,41.0139,-74.0425,WOODCLIFF LAKE,0.0,35.08662156793226,Coastal
USC00300063,42.4722,-73.9281,ALCOVE DAM,0.0,197.15033481846757,Inland
USC00300254,42.1394,-74.6536,ARKVILLE 2 W,0.0,169.07665111245367,Inland
USC00300364,40.9344,-72.7408,BAITING HOLLOW,0.0,109.1217497385123,Inland
USC00300732,41.5311,-74.4803,BLOOMINGBURG 2 SW,0.0,100.7928700056184,Inland
USC00300889,40.9519,-72.2978,BRIDGEHAMPTON,16.67,145.93560306624028,Inland
USC00300961,40.8372,-73.8497,BRONX,0.0,19.823009497443906,Coastal
USC00301095,42.3167,-74.0331,CAIRO 3 NW,100.0,179.78996110811067,Inland
USC00301102,41.8275,-74.9506,CALLICOON CTR,0.0,148.42653359346727,Inland
USC00301211,41.4725,-73.655,CARMEL 4N,0.0,90.63378168572228,Inland
USC00301309,40.8833,-73.3731,CENTERPORT,0.0,56.5742206877546,Inland
USC00301521,41.9136,-74.5722,CLARYVILLE,33.33,143.15904967242614,Inland
USC00301761,42.1131,-73.5522,COPAKE,58.33,161.50611191787726,Inland
USC00302036,42.2533,-74.905,DELHI 2 SE,100.0,188.45467976826427,Inland
USC00302060,42.0628,-75.4264,DEPOSIT,100.0,192.674997254562,Inland
USC00302129,41.0072,-73.8344,DOBBS FERRY-ARDSLEY,100.0,36.88941832148949,Coastal
USC00302151,40.7211,-73.0908,MOLLOY CERCOM,58.33,76.66961254291826,Inland
USC00302169,42.0772,-74.9828,DOWNSVILLE DAM,33.33,173.7010986143061,Inland
USC00302366,42.2344,-74.1444,E JEWETT,0.0,171.0411160063543,Inland
USC00302454,42.3328,-75.2297,E SIDNEY,0.0,208.43113928543661,Inland
USC00302582,41.7167,-74.4,ELLENVILLE,41.67,117.89957148967102,Inland
USC00304025,42.2475,-73.7922,HUDSON CORRECTIONAL FACILITY,58.33,172.94270216056876,Inland
USC00304575,42.4486,-74.4653,LANSING MANOR,0.0,198.2495467318504,Inland
USC00304731,41.8017,-74.74,LIBERTY 1 NE,0.0,137.23632140041096,Inland
USC00305113,42.4694,-75.0106,EMMONS,0.0,213.9457382027459,Inland
USC00305142,40.9886,-72.5103,MATTITUCK,0.0,129.3522622507086,Inland
USC00305426,41.7719,-74.1536,MOHONK LAKE,0.0,119.87980096283906,Inland
USC00305606,40.9331,-73.0192,MT SINAI,0.0,86.51082988272825,Inland
USC00305816,40.7106,-74.0142,WORLD TRADE CTR,100.0,1.6798815975534056,Coastal
USC00306217,42.4603,-75.0642,ONEONTA,0.0,214.8157756871264,Inland
USC00306570,42.0675,-74.3356,PHONECIA 2SW,0.0,154.61491599009378,Inland
USC00306649,42.1389,-74.0914,PLATTE CLOVE,0.0,160.1797583623705,Inland
USC00306774,41.3892,-74.6906,PORT JERVIS,0.0,96.05779653637096,Inland
USC00306820,41.7269,-73.9203,POUGHKEEPSIE,0.0,114.38050394234457,Inland
USC00307035,41.8847,-73.8686,RHINEBECK 4SE,0.0,132.1892140844034,Inland
USC00307134,40.9625,-72.7161,RIVERHEAD RSCH FARM,0.0,111.89302479578011,Inland
USC00307210,41.5917,-74.6142,ROCK HILL 3 SW,8.33,111.69608019184602,Inland
USC00307274,41.8481,-74.0472,ROSENDALE 2 E,83.33,127.72381224886965,Inland
USC00307633,40.9586,-73.1047,SETAUKET STRONG,75.0,80.62899404440276,Inland
USC00307742,41.3325,-73.8369,SHRUB OAK,100.0,71.64959579810714,Inland
USC00307799,42.0167,-74.4167,SLIDE MTN,25.0,150.48377190950697,Inland
USC00308670,42.3542,-75.3242,UNADILLA 2 N,0.0,214.43353875364966,Inland
USC00308721,40.8656,-72.8642,UPTON COOP - NWSFO NEW YORK,8.33,97.38554711513285,Inland
USC00308906,41.5514,-74.1628,WALDEN 1 ESE,100.0,95.64830134892622,Inland
USC00308932,42.1847,-75.1456,WALTON 2,0.0,190.71360663455417,Inland
USC00309292,41.3906,-73.9608,W PT,0.0,76.8615473352142,Inland
USC00309670,41.2664,-73.7975,YORKTOWN HTS 1W,16.67,65.23426837373164,Inland
USC00361080,40.5,-75.2042,BUCKSVILLE,83.33,104.07009165763951,Inland
USC00361737,40.0744,-75.3178,CONSHOHOCKEN,0.0,131.5126672687536,Inland
USC00362671,41.8722,-75.2656,EQUINUNK 2 NW,0.0,167.8394534230119,Inland
USC00363437,40.2294,-75.4242,GRATERFORD 1 E,16.67,131.35488514116486,Inland
USC00363488,40.3422,-75.4783,GREEN LANE,0.0,131.13471583736677,Inland
USC00363758,41.4764,-75.1653,HAWLEY 1 E,0.0,130.34642760765578,Inland
USC00365390,39.8253,-75.4283,MARCUS HOOK,0.0,155.3918685481637,Inland
USC00365470,41.3914,-74.7172,MATAMORAS,100.0,97.61090192769005,Inland
USC00365738,41.6725,-75.0642,MILANVILLE,8.33,140.08439528756597,Inland
USC00366194,40.1483,-74.953,NESHAMINY FALLS,0.0,101.34514650452445,Inland
USC00366370,40.1097,-75.3369,NORRISTOWN,0.0,130.85071284187094,Inland
USC00366886,39.9586,-75.1728,PHILA FRANKLIN INST,8.33,129.1483513687522,Inland
USC00366927,40.1208,-75.4878,PHOENIXVILLE 1 E,0.0,141.47289206285478,Inland
USC00367029,41.7394,-75.4464,PLEASANT MT 1 W,0.0,167.30629441265606,Inland
USC00367186,41.5889,-75.3303,PROMPTON DAM,41.67,148.91960587486787,Inland
USC00367938,40.3553,-75.3131,SELLERSVILLE,0.0,117.41197629122665,Inland
USC00368263,40.1719,-75.0361,SOUTHAMPTON,75.0,105.53398000095928,Inland
USC00368400,40.5711,-75.2781,SPRINGTOWN 1 NNE,0.0,108.79613530429035,Inland
USC00368596,41.0147,-75.2072,E STROUDSBURG,0.0,107.38715664272506,Inland
USW00004781,40.7939,-73.1019,ISLIP-LI MACARTHUR AP,0.0,76.37379085074252,Inland
USW00004789,41.5092,-74.2644,MONTGOMERY ORANGE CO AP,0.0,92.66576642730178,Inland
USW00013739,39.8733,-75.2269,PHILA INTL AP,0.0,138.8505748608467,Inland
USW00014707,41.3281,-72.0489,GROTON NEW LONDON AP,0.0,177.9716773036473,Inland
USW00014719,40.8506,-72.6192,WESTHAMPTON GABRESKI AP,8.33,117.4691497591461,Inland
USW00014732,40.7794,-73.8803,LAGUARDIA AP,0.0,13.40342194565648,Coastal
USW00014734,40.6828,-74.1692,NEWARK LIBERTY INTL AP,0.0,14.393151356608316,Coastal
USW00014737,40.6497,-75.4478,ALLENTOWN LEHIGH VLY INTL AP,0.0,122.22325959687078,Inland
USW00014740,41.9375,-72.6819,HARTFORD-BRADLEY INTL AP,0.0,176.21062776362155,Inland
USW00014752,41.7353,-72.6511,HARTFORD BRAINARD FLD,8.33,161.18529288131842,Inland
USW00014757,41.6258,-73.8817,POUGHKEEPSIE AP,0.0,103.41946885803169,Inland
USW00014758,41.2589,-72.8892,NEW HAVEN TWEED AP,16.67,112.05774845563869,Inland
USW00014763,42.4269,-73.2892,PITTSFIELD MUNI AP,0.0,200.92032282922526,Inland
USW00014775,42.16,-72.7125,WESTFIELD BARNES MUNI AP,0.0,194.615305175479,Inland
USW00014792,40.2769,-74.8158,TRENTON-MERCER AP,0.0,83.50424393922313,Inland
USW00054734,41.3722,-73.4833,DANBURY MUNI AP,0.0,86.39979516358616,Inland
USW00054743,40.8764,-74.2828,CALDWELL ESSEX CO AP,50.0,30.847840240616318,Coastal
USW00054767,41.7425,-72.1825,WILLIMANTIC WINDHAM AP,0.0,191.1598383815382,Inland
USW00054779,41.0092,-74.7364,AEROFLEX-ANDOVER AP,66.67,70.83744052353428,Inland
USW00054785,40.6242,-74.6689,SOMERSET AP,66.67,57.046744982781384,Inland
USW00054786,40.3303,-75.1228,DOYLESTOWN AP,25.0,103.43386119040929,Inland
USW00054787,40.7344,-73.4164,FARMINGDALE REPUBLIC AP,0.0,49.333599624464526,Coastal
USW00054788,41.5097,-72.8278,MERIDEN MARKHAM MUNI AP,0.0,133.23505191651438,Inland
USW00054789,41.1369,-75.3772,MT POCONO POCONO MOUNTAINS MUN,0.0,125.49953492481846,Inland
USW00054790,40.8211,-72.8675,SHIRLEY BROOKHAVEN AP,0.0,96.3288014515776,Inland
USW00054793,41.1992,-74.6258,SUSSEX AP,25.0,76.44203378648042,Inland
USW00064756,41.7858,-73.7422,MILLBROOK 3 W,0.0,122.64421955961002,Inland
USW00093780,39.9408,-74.8408,S JERSEY RGNL AP,0.0,110.48757492623203,Inland
USW00094702,41.1642,-73.1267,IGOR I SIKORSKY MEM AP,0.0,89.70074514427193,Inland
USW00094728,40.7789,-73.9692,NY CITY CNTRL PARK,0.0,9.148992224818281,Coastal
USW00094732,40.0789,-75.0133,NE PHILA AP,0.0,110.15575887388815,Inland
USW00094741,40.8589,-74.0561,TETERBORO AP,0.0,18.289386967786967,Coastal
USW00094745,41.0622,-73.7044,WESTCHESTER CO AP,0.0,47.32488896411525,Coastal
USW00094789,40.6392,-73.7639,JFK INTL AP,0.0,21.028853215340266,Coastal
