ID,Distance_to_Coast_km,Region
BF1FP000001,171.00357137606392,Rural
US1FLAL0002,131.08593923790494,Rural
US1FLAL0004,101.56899452692505,Rural
US1FLAL0007,126.86243853679181,Rural
US1FLAL0010,118.33162536624025,Rural
US1FLAL0017,131.21504678339846,Rural
US1FLAL0026,113.7481540867862,Rural
US1FLAL0031,116.09233371354578,Rural
US1FLAL0048,120.65605091302221,Rural
US1FLAL0050,117.65164517574867,Rural
US1FLAL0051,119.32878051068894,Rural
US1FLAL0054,123.55096776703775,Rural
US1FLAL0055,124.91340906041259,Rural
US1FLAL0058,120.48993904018965,Rural
US1FLAL0060,125.01660203194967,Rural
US1FLAL0061,122.88347880709041,Rural
US1FLAL0062,91.82791019925484,Rural
US1FLAL0063,116.95364370607017,Rural
US1FLAL0071,105.92765676447185,Rural
US1FLAL0072,112.93242279961859,Rural
US1FLAL0075,115.25750268541897,Rural
US1FLAL0078,119.75360167873893,Rural
US1FLAL0079,118.26361214212527,Rural
US1FLAL0080,116.16721177093572,Rural
US1FLAL0081,126.63843212009499,Rural
US1FLAL0085,114.17155269912853,Rural
US1FLAL0086,127.3993238859354,Rural
US1FLAL0095,114.17746456510687,Rural
US1FLAL0096,126.39113735478362,Rural
US1FLAL0097,117.06723516835437,Rural
US1FLAL0098,127.10508756391354,Rural
US1FLAL0102,134.21740632243677,Rural
US1FLBK0003,84.09550469316936,Rural
US1FLBK0005,78.95511498007046,Rural
US1FLBK0006,73.19498068023653,Rural
US1FLBK0007,73.64592302921965,Rural
US1FLBV0001,193.18735174712833,Rural
US1FLBV0002,193.34306994110318,Rural
US1FLBV0005,189.49707655551154,Rural
US1FLBV0006,195.6343461267445,Rural
US1FLBV0011,204.50869857240315,Rural
US1FLBV0012,206.69857937486287,Rural
US1FLBV0013,190.6708217371559,Rural
US1FLBV0014,193.48276039507684,Rural
US1FLBV0020,194.42078233556126,Rural
US1FLBV0023,189.78424263681194,Rural
US1FLBV0028,203.9159440908623,Rural
US1FLBV0032,200.51211423931105,Rural
US1FLBV0036,200.18040583218723,Rural
US1FLBV0038,193.17958400229003,Rural
US1FLBV0047,193.99820535130846,Rural
US1FLBV0050,195.89966038712976,Rural
US1FLBV0052,201.27417702872296,Rural
US1FLBV0054,199.9887895735765,Rural
US1FLBV0055,195.63486287257626,Rural
US1FLBV0059,193.1679282585669,Rural
US1FLBV0063,192.83890379123304,Rural
US1FLBV0067,191.89858881004668,Rural
US1FLBV0072,190.43708012727058,Rural
US1FLBV0073,193.88323214548217,Rural
US1FLBV0078,188.0013660820849,Rural
US1FLBV0085,189.54536968472357,Rural
US1FLBV0089,201.31750523622037,Rural
US1FLBV0092,201.32244511789213,Rural
US1FLBV0095,199.48198070687306,Rural
US1FLBV0099,189.3226014683255,Rural
US1FLBV0102,188.94717479795872,Rural
US1FLBV0107,201.43361569788723,Rural
US1FLBV0109,200.41119913540385,Rural
US1FLBV0110,196.3845971846124,Rural
US1FLBV0111,188.97349848449693,Rural
US1FLBV0113,201.42274053255716,Rural
US1FLBV0118,204.42380244836056,Rural
US1FLBV0123,187.87367132170527,Rural
US1FLBV0124,192.9486654536821,Rural
US1FLBV0125,195.67550246894308,Rural
US1FLBV0126,191.7030555926345,Rural
US1FLBV0133,196.0426271394359,Rural
US1FLBV0134,191.2446326274173,Rural
US1FLBV0136,191.14952557246218,Rural
US1FLBV0137,189.69344854522066,Rural
US1FLBV0143,196.8697221571831,Rural
US1FLBV0144,188.10404260887464,Rural
US1FLBV0145,195.49091178778798,Rural
US1FLBV0146,196.76691404612612,Rural
US1FLBW0004,26.952747815945166,Coastal
US1FLBW0007,54.90273945604239,Rural
US1FLBW0016,35.671774645684316,Coastal
US1FLBW0026,57.26121280583571,Rural
US1FLBW0067,31.980619104400823,Coastal
US1FLBW0076,35.38837778849869,Coastal
US1FLBW0079,49.61442897375325,Coastal
US1FLBW0095,34.352330033770144,Coastal
US1FLBW0099,34.59248886667358,Coastal
US1FLBW0116,38.89110974677506,Coastal
US1FLBW0121,53.411333673627425,Rural
US1FLBW0137,50.86566569625572,Rural
US1FLBW0139,43.612600241858814,Coastal
US1FLBW0145,42.438480891627,Coastal
US1FLBW0148,51.84401246451635,Rural
US1FLBW0151,40.84095185545805,Coastal
US1FLBW0153,23.296486844558853,Coastal
US1FLBW0155,29.638015274292705,Coastal
US1FLBW0159,44.13805834889501,Coastal
US1FLBW0160,42.24724018471629,Coastal
US1FLBW0161,28.20748015917919,Coastal
US1FLBW0162,50.75949979693627,Rural
US1FLBW0165,49.95740431956695,Coastal
US1FLBW0166,41.58594114747916,Coastal
US1FLBW0167,57.63853329442268,Rural
US1FLBW0168,28.185682972358677,Coastal
US1FLBW0170,23.88498940828798,Coastal
US1FLBW0174,23.457022193649152,Coastal
US1FLCB0010,130.02233927167495,Rural
US1FLCB0012,124.55697437203231,Rural
US1FLCB0014,129.99323947665343,Rural
US1FLCB0019,120.25334102587965,Rural
US1FLCB0024,137.93944871614005,Rural
US1FLCB0025,116.51926856228916,Rural
US1FLCB0026,129.85165385691107,Rural
US1FLCH0013,98.9481479065742,Rural
US1FLCH0015,105.59378487145842,Rural
US1FLCH0017,111.21925340162855,Rural
US1FLCH0019,111.45599544208748,Rural
US1FLCH0023,111.26683375598626,Rural
US1FLCH0029,107.1630912576882,Rural
US1FLCH0030,102.33820967744818,Rural
US1FLCH0034,99.88466276660172,Rural
US1FLCH0035,94.46274433088801,Rural
US1FLCH0036,100.40427131567125,Rural
US1FLCH0037,101.18324200672296,Rural
US1FLCH0038,100.33634062857209,Rural
US1FLCH0039,101.59345167914628,Rural
US1FLCH0040,96.91465967688269,Rural
US1FLCH0044,110.0565553626084,Rural
US1FLCH0046,102.01894302424911,Rural
US1FLCH0047,102.29696347062344,Rural
US1FLCH0050,104.69592075403278,Rural
US1FLCH0051,101.99119541572162,Rural
US1FLCR0012,155.742006817882,Rural
US1FLCR0013,164.57173320595817,Rural
US1FLCR0038,152.2859979724729,Rural
US1FLCR0041,157.46058673664226,Rural
US1FLCR0052,143.13354054542614,Rural
US1FLCR0053,145.5249445992319,Rural
US1FLCR0057,136.75145507498118,Rural
US1FLCR0059,150.39377368215466,Rural
US1FLCR0060,136.3501493689377,Rural
US1FLCR0061,165.34089948394043,Rural
US1FLCR0062,158.4491278008611,Rural
US1FLCR0063,151.2742462597536,Rural
US1FLCR0066,158.80586750461794,Rural
US1FLCR0067,136.9960701741799,Rural
US1FLCR0071,151.78471063714716,Rural
US1FLCT0008,119.3021251013148,Rural
US1FLCT0011,127.6207457117985,Rural
US1FLCT0015,121.14318602934503,Rural
US1FLCT0024,125.11848388755143,Rural
US1FLCT0029,103.61643461008946,Rural
US1FLCT0030,120.44265226413748,Rural
US1FLCT0031,121.89660882323004,Rural
US1FLCT0034,126.79005232687562,Rural
US1FLCT0035,120.58863254456082,Rural
US1FLCT0036,117.47885053105794,Rural
US1FLCT0037,134.4916666108272,Rural
US1FLCT0038,121.50206770637855,Rural
US1FLCT0039,121.49179283236133,Rural
US1FLCT0041,117.08538774684747,Rural
US1FLCT0042,131.4257278365301,Rural
US1FLCT0043,116.67529618836485,Rural
US1FLCT0046,119.80860891977628,Rural
US1FLCY0001,37.600683221089845,Coastal
US1FLCY0003,73.88721545976814,Rural
US1FLCY0007,78.85503629326995,Rural
US1FLCY0024,83.30479979918029,Rural
US1FLCY0025,39.240975759146956,Coastal
US1FLCY0037,40.12736192942759,Coastal
US1FLCY0038,68.10869966335873,Rural
US1FLCY0039,36.798620212878504,Coastal
US1FLCY0041,53.04830162183815,Rural
US1FLCY0042,44.77250197043153,Coastal
US1FLCY0051,33.38550368787238,Coastal
US1FLCY0054,69.02954532171455,Rural
US1FLCY0055,38.397014026980315,Coastal
US1FLCY0057,36.25502951570077,Coastal
US1FLDS0003,100.29112627393145,Rural
US1FLDV0003,31.831345728245303,Coastal
US1FLDV0013,2.438666656520261,Coastal
US1FLDV0026,33.35680428426365,Coastal
US1FLDV0028,19.135306094332186,Coastal
US1FLDV0033,40.573815757268484,Coastal
US1FLDV0034,31.083076814851058,Coastal
US1FLDV0042,37.853129502197994,Coastal
US1FLDV0047,22.635980629125104,Coastal
US1FLDV0050,14.957992057629749,Coastal
US1FLDV0059,21.37647118954563,Coastal
US1FLDV0063,34.37942107878874,Coastal
US1FLDV0069,34.899218937930286,Coastal
US1FLDV0071,42.62438200816519,Coastal
US1FLDV0079,17.061106831777742,Coastal
US1FLDV0091,35.425658131952574,Coastal
US1FLDV0094,30.011522171149444,Coastal
US1FLDV0098,23.62561040204136,Coastal
US1FLDV0106,26.472073359601463,Coastal
US1FLDV0112,30.57264814273373,Coastal
US1FLDV0117,24.220577411909627,Coastal
US1FLDV0118,15.919884880745347,Coastal
US1FLDV0120,23.8171174266548,Coastal
US1FLDV0122,0.528229881824205,Coastal
US1FLDV0126,33.669888767119964,Coastal
US1FLDX0003,172.74882093332744,Rural
US1FLFL0019,93.26924876228922,Rural
US1FLFL0021,83.71102489776253,Rural
US1FLFL0024,80.12397070980305,Rural
US1FLFL0027,78.87214680013349,Rural
US1FLFL0030,88.43672719223208,Rural
US1FLFL0032,80.92962401811987,Rural
US1FLFL0033,97.71060897086961,Rural
US1FLFL0036,81.45993813085364,Rural
US1FLFL0037,88.42960512411355,Rural
US1FLFL0038,89.42747861228456,Rural
US1FLFL0039,99.42358368441391,Rural
US1FLFL0040,81.81418601723075,Rural
US1FLFL0043,96.12965747210886,Rural
US1FLFL0047,88.63086521576176,Rural
US1FLFL0049,85.90134161567919,Rural
US1FLFL0050,85.45838275846585,Rural
US1FLFL0053,77.31571505758397,Rural
US1FLGC0003,140.48464477633408,Rural
US1FLGC0008,158.0313698863946,Rural
US1FLGL0007,157.41781924094963,Rural
US1FLGL0013,159.16747667124034,Rural
US1FLHB0001,48.431419993567815,Coastal
US1FLHB0004,38.828357458028556,Coastal
US1FLHB0005,31.782967606997865,Coastal
US1FLHB0010,14.466271530965386,Coastal
US1FLHB0014,36.14929167059936,Coastal
US1FLHB0016,56.8064744889843,Rural
US1FLHB0017,26.874542747644284,Coastal
US1FLHB0027,38.6848396859118,Coastal
US1FLHB0029,31.894240208510485,Coastal
US1FLHB0033,44.4958877805951,Coastal
US1FLHB0036,14.165111575532624,Coastal
US1FLHB0037,40.885772721751145,Coastal
US1FLHB0040,34.125222287871715,Coastal
US1FLHB0044,22.256357919997537,Coastal
US1FLHB0048,35.19615612253488,Coastal
US1FLHB0051,37.69400123681081,Coastal
US1FLHB0055,29.791620911503344,Coastal
US1FLHB0060,37.194064227763214,Coastal
US1FLHB0068,52.44551231885135,Rural
US1FLHB0069,25.58254033771128,Coastal
US1FLHB0098,25.48028190723572,Coastal
US1FLHB0107,26.771939030351636,Coastal
US1FLHB0114,30.33483158711405,Coastal
US1FLHB0116,39.222571929192455,Coastal
US1FLHB0120,31.555344007257716,Coastal
US1FLHB0123,47.00116277762735,Coastal
US1FLHB0128,21.84253253693176,Coastal
US1FLHB0130,23.250288608784253,Coastal
US1FLHB0136,29.23554030703723,Coastal
US1FLHB0138,17.99736306276675,Coastal
US1FLHB0139,26.258659547406413,Coastal
US1FLHB0140,32.91266767867919,Coastal
US1FLHB0141,31.560767938537374,Coastal
US1FLHB0142,50.33488524479691,Inland
US1FLHB0143,15.212729613695624,Coastal
US1FLHB0150,29.278234145746005,Coastal
US1FLHB0152,22.18346485114873,Coastal
US1FLHB0153,25.58257202485155,Coastal
US1FLHB0154,39.04347161611141,Coastal
US1FLHB0156,30.86155360728061,Coastal
US1FLHB0160,38.65078336041163,Coastal
US1FLHB0162,35.338110135532496,Coastal
US1FLHB0163,34.20712804414047,Coastal
US1FLHB0166,26.87876884514182,Coastal
US1FLHB0167,14.834269811361025,Coastal
US1FLHB0168,30.295536458331508,Coastal
US1FLHB0169,48.936850977488895,Coastal
US1FLHB0172,28.686789439073642,Coastal
US1FLHB0173,18.252355132976717,Coastal
US1FLHB0177,54.87416289979394,Rural
US1FLHB0178,15.556693192993237,Coastal
US1FLHB0180,43.339046237034395,Coastal
US1FLHB0181,23.525472189183525,Coastal
US1FLHD0003,77.57988820423554,Rural
US1FLHL0001,126.13928771228963,Rural
US1FLHL0003,132.61622694232895,Rural
US1FLHL0012,140.4550410928586,Rural
US1FLHL0013,110.48454244673654,Rural
US1FLHL0024,132.79715140266447,Rural
US1FLHL0030,113.569381439169,Rural
US1FLHL0032,113.30003865657952,Rural
US1FLHL0038,122.22111382928546,Rural
US1FLHL0043,130.5969375384191,Rural
US1FLHM0005,130.79027682465207,Rural
US1FLHN0007,72.38748445814014,Rural
US1FLHN0008,84.37977793830868,Rural
US1FLHN0011,96.81106231139775,Rural
US1FLHN0014,77.33627283867948,Rural
US1FLHN0022,84.33413904940547,Rural
US1FLHN0024,90.34759043432825,Rural
US1FLHN0026,74.66743444702601,Rural
US1FLHN0030,77.10511697020783,Rural
US1FLHN0035,75.93618584289005,Rural
US1FLHN0039,82.47468958592712,Rural
US1FLHN0040,82.04384709657154,Rural
US1FLHN0041,74.05650672715043,Rural
US1FLHN0043,86.59136881793962,Rural
US1FLHY0003,160.11747963139842,Rural
US1FLHY0005,130.79698674721274,Rural
US1FLHY0008,162.75425179387588,Rural
US1FLHY0011,162.05251327747018,Rural
US1FLHY0012,128.16037998548498,Rural
US1FLIR0006,206.33293869951422,Rural
US1FLIR0015,205.88951591835126,Rural
US1FLIR0019,207.3599243412632,Rural
US1FLIR0024,206.41256061033698,Rural
US1FLIR0026,201.25970742843256,Rural
US1FLIR0027,202.19585640892913,Rural
US1FLIR0036,206.58424404284386,Rural
US1FLIR0041,207.76900888484872,Rural
US1FLIR0047,196.54540856590714,Rural
US1FLIR0048,212.50924727344983,Rural
US1FLIR0050,205.05737606367933,Rural
US1FLIR0051,197.3929806571469,Rural
US1FLIR0052,214.1364523244941,Rural
US1FLIR0054,203.25295219090788,Rural
US1FLIR0055,206.0206195317207,Rural
US1FLIR0061,208.24778694313486,Rural
US1FLJF0007,239.75958677897276,Rural
US1FLJF0009,232.0339672806965,Rural
US1FLJF0010,242.58413507563702,Rural
US1FLLE0006,154.22412973868543,Rural
US1FLLE0022,154.08839265761446,Rural
US1FLLE0037,148.6218443265671,Rural
US1FLLE0055,150.74181556021847,Rural
US1FLLE0057,149.43809374220913,Rural
US1FLLE0059,136.22819503732572,Rural
US1FLLE0062,149.4728048363935,Rural
US1FLLE0065,157.12479302286312,Rural
US1FLLE0068,167.0995870946547,Rural
US1FLLE0072,147.7353956897423,Rural
US1FLLE0074,144.31846855594395,Rural
US1FLLE0075,169.53509579443434,Rural
US1FLLE0076,148.49817923392766,Rural
US1FLLE0078,145.80105214606718,Rural
US1FLLK0003,114.10740729580682,Rural
US1FLLK0016,137.5642783065921,Rural
US1FLLK0017,127.6377395373252,Rural
US1FLLK0021,141.58676272346,Rural
US1FLLK0022,143.77148524414815,Rural
US1FLLK0023,147.65592160206262,Rural
US1FLLK0027,122.01921021330547,Rural
US1FLLK0028,136.35361248019922,Rural
US1FLLK0030,133.37416710837596,Rural
US1FLLK0031,133.20759622589236,Rural
US1FLLK0036,117.58839072918641,Rural
US1FLLK0041,124.5878543546974,Rural
US1FLLK0042,112.23575282627581,Rural
US1FLLK0043,142.96070545311449,Rural
US1FLLK0044,146.58583231276916,Rural
US1FLLK0045,149.166087166052,Rural
US1FLLK0046,111.06395426184582,Rural
US1FLLK0048,139.84845219783668,Rural
US1FLLK0049,113.14739878687676,Rural
US1FLLK0050,147.276957015677,Rural
US1FLLK0051,117.56106713834706,Rural
US1FLLK0052,120.23655883698969,Rural
US1FLLV0001,150.92828912489358,Rural
US1FLLV0004,151.59599856928628,Rural
US1FLLV0014,145.25756384556038,Rural
US1FLLV0015,138.10564829673166,Rural
US1FLLV0017,167.08182180048144,Rural
US1FLLV0018,138.23510027890774,Rural
US1FLLV0019,148.15748194496817,Rural
US1FLMA0006,33.80972195717818,Coastal
US1FLMA0010,44.89960040776275,Coastal
US1FLMA0017,31.7363159285764,Coastal
US1FLMA0018,38.23752445791271,Coastal
US1FLMA0020,32.390009010355,Coastal
US1FLMA0022,28.842950949541223,Coastal
US1FLMA0028,32.51060577850045,Coastal
US1FLMA0029,48.69406634942564,Coastal
US1FLMA0032,45.86450805041622,Coastal
US1FLMA0034,40.493988678039265,Coastal
US1FLMA0037,46.41045193698138,Coastal
US1FLMA0038,36.07254344744722,Coastal
US1FLMA0040,37.96663177545422,Coastal
US1FLMA0041,45.39403237107967,Coastal
US1FLMA0042,35.551210305566265,Coastal
US1FLMA0043,43.57308457395469,Coastal
US1FLMA0044,44.03365299054244,Coastal
US1FLMR0003,142.5111531476762,Rural
US1FLMR0004,141.8896248454246,Rural
US1FLMR0012,148.35740969026486,Rural
US1FLMR0013,127.71306991988311,Rural
US1FLMR0018,148.58951728721692,Rural
US1FLMR0020,143.22695782802637,Rural
US1FLMR0032,150.1161938220872,Rural
US1FLMR0033,134.26832537799496,Rural
US1FLMR0036,137.2266970525634,Rural
US1FLMR0042,125.445000562321,Rural
US1FLMR0054,142.64156076321424,Rural
US1FLMR0056,149.07360424272312,Rural
US1FLMR0057,135.79988781263614,Rural
US1FLMR0059,144.8844912061257,Rural
US1FLMR0065,144.67272069881298,Rural
US1FLMR0066,142.8548413760288,Rural
US1FLMR0068,138.31593469175877,Rural
US1FLMR0071,148.9402561256666,Rural
US1FLMR0074,150.41168164652677,Rural
US1FLMR0079,150.29098295283012,Rural
US1FLMR0085,145.31372570666943,Rural
US1FLMR0086,149.76325919699923,Rural
US1FLMR0087,150.8188138312197,Rural
US1FLMR0088,141.57535122224766,Rural
US1FLMR0089,151.8593796301638,Rural
US1FLMS0003,192.35818505664233,Rural
US1FLMT0001,147.48171277788643,Rural
US1FLMT0016,137.78353221717015,Rural
US1FLMT0018,154.39688182509718,Rural
US1FLMT0019,161.80015762563315,Rural
US1FLMT0021,155.72365346785858,Rural
US1FLMT0026,139.73287480889718,Rural
US1FLMT0028,162.0792498885493,Rural
US1FLMT0031,153.1823648197934,Rural
US1FLMT0035,141.64788447892144,Rural
US1FLMT0036,161.93746511140185,Rural
US1FLMT0037,146.86697291849845,Rural
US1FLMT0038,147.30762506524897,Rural
US1FLMT0039,150.47752582411272,Rural
US1FLMT0041,139.64097440496235,Rural
US1FLMT0042,142.0666015340907,Rural
US1FLMT0043,156.2563190866808,Rural
US1FLMT0045,149.1129019024301,Rural
US1FLMT0046,146.7621619906018,Rural
US1FLNS0012,39.071064634190314,Coastal
US1FLNS0014,35.337757339860914,Coastal
US1FLNS0017,36.29201318437295,Coastal
US1FLNS0021,36.24339090304437,Coastal
US1FLNS0022,37.6996110744612,Coastal
US1FLNS0023,46.37231958540644,Coastal
US1FLNS0024,37.33681712987364,Coastal
US1FLOB0002,154.90337762656029,Rural
US1FLOR0015,164.41079198430006,Rural
US1FLOR0019,159.75252496360318,Rural
US1FLOR0025,138.04894781483333,Rural
US1FLOR0026,145.95068088416926,Rural
US1FLOR0027,146.9357161127221,Rural
US1FLOR0030,132.15035335213284,Rural
US1FLOR0033,138.53197857115074,Rural
US1FLOR0034,137.09643851310918,Rural
US1FLOR0035,113.24587053577122,Rural
US1FLOR0043,147.4670397503691,Rural
US1FLOR0046,141.1397296003678,Rural
US1FLOR0047,129.96283428921734,Rural
US1FLOR0048,159.9977426779524,Rural
US1FLOR0049,129.9577914782359,Rural
US1FLOR0050,145.64216450232615,Rural
US1FLOR0054,146.12079718818921,Rural
US1FLOR0055,135.95615199315435,Rural
US1FLOR0059,142.79417082981354,Rural
US1FLOR0061,124.76847410876812,Rural
US1FLOR0062,126.19353983539636,Rural
US1FLOR0065,151.92581808868135,Rural
US1FLOR0068,125.03609425694698,Rural
US1FLOR0071,165.3629959708151,Rural
US1FLOR0072,160.47446191154856,Rural
US1FLOR0073,145.10221721944797,Rural
US1FLOR0074,137.46459183506045,Rural
US1FLOR0080,164.3764989418983,Rural
US1FLOR0081,149.01390246503533,Rural
US1FLOS0001,116.53331171222872,Rural
US1FLOS0027,136.5728724119842,Rural
US1FLOS0029,141.26282580401232,Rural
US1FLOS0031,123.25127418898138,Rural
US1FLOS0033,124.34846267214328,Rural
US1FLOS0036,149.9956396615834,Rural
US1FLOS0037,142.50154123331944,Rural
US1FLOS0038,144.99350857789992,Rural
US1FLPB0002,86.2320558547017,Rural
US1FLPB0007,80.02644127575186,Rural
US1FLPB0009,127.4419601876835,Rural
US1FLPB0012,89.77746585287957,Rural
US1FLPB0013,93.59451955975122,Rural
US1FLPB0029,132.145097277841,Rural
US1FLPB0031,102.19073330943485,Rural
US1FLPB0034,123.66131155548351,Rural
US1FLPB0037,94.7454243984036,Rural
US1FLPB0043,122.76689515153113,Rural
US1FLPB0044,67.73650390347211,Rural
US1FLPB0061,71.94418800356205,Rural
US1FLPB0063,70.81373738916577,Rural
US1FLPB0070,82.41500026425075,Rural
US1FLPB0072,83.50341371082507,Rural
US1FLPB0077,84.71066428638731,Rural
US1FLPB0080,61.74891776188932,Rural
US1FLPB0081,112.07483386702093,Rural
US1FLPB0087,96.47431507332132,Rural
US1FLPB0095,92.14503042292382,Rural
US1FLPB0096,112.73329890582396,Rural
US1FLPB0098,106.10767203181415,Rural
US1FLPB0108,128.68982776059502,Rural
US1FLPB0116,128.5993874579436,Rural
US1FLPB0117,89.35286865424024,Rural
US1FLPB0118,96.16112996227315,Rural
US1FLPB0122,114.1283418076134,Rural
US1FLPB0124,113.86580142512794,Rural
US1FLPK0013,88.26367637054015,Rural
US1FLPK0018,66.60980409029668,Rural
US1FLPK0032,62.21002369150112,Rural
US1FLPK0035,100.07363885611645,Rural
US1FLPK0039,84.3141500228209,Rural
US1FLPK0048,67.98669215232174,Rural
US1FLPK0055,84.54478484819046,Rural
US1FLPK0060,99.7596833147616,Rural
US1FLPK0067,104.8268763722147,Rural
US1FLPK0071,82.28584461211263,Rural
US1FLPK0073,62.547245356211114,Rural
US1FLPK0076,87.14126743666733,Rural
US1FLPK0078,113.73285240255562,Rural
US1FLPK0081,79.33712468604473,Rural
US1FLPK0084,73.07383093663331,Rural
US1FLPK0087,77.08342508720764,Rural
US1FLPK0090,65.94514247728891,Rural
US1FLPK0091,92.80051761061246,Rural
US1FLPK0096,91.18208410790216,Rural
US1FLPN0004,13.329139751653285,Coastal
US1FLPN0006,13.558347142958603,Coastal
US1FLPN0009,8.879814319870421,Coastal
US1FLPN0017,13.889895916141304,Coastal
US1FLPN0034,5.382945868228368,Coastal
US1FLPN0035,12.333765359758624,Coastal
US1FLPN0036,30.697138761517444,Coastal
US1FLPN0049,4.41130263230551,Coastal
US1FLPN0053,13.250783335180905,Coastal
US1FLPN0060,9.513763353061194,Coastal
US1FLPN0071,34.42143334197488,Coastal
US1FLPN0072,20.74976930486251,Coastal
US1FLPN0074,7.384691659070771,Coastal
US1FLPN0077,24.089504249381996,Coastal
US1FLPN0079,4.442859729384701,Coastal
US1FLPN0081,9.845532816945676,Coastal
US1FLPN0083,27.63519916158932,Coastal
US1FLPN0087,12.389296544362058,Coastal
US1FLPN0090,10.97228856176664,Coastal
US1FLPN0091,30.417651774853127,Coastal
US1FLPN0094,16.601540641467153,Coastal
US1FLPN0096,21.16128306910684,Coastal
US1FLPN0097,13.902740089039625,Coastal
US1FLPN0099,11.912818354493632,Coastal
US1FLPN0104,21.482444873318574,Coastal
US1FLPN0105,11.60229608339849,Coastal
US1FLPN0108,2.89865343308445,Coastal
US1FLPN0111,35.0317171464662,Coastal
US1FLPN0112,22.60492800704931,Coastal
US1FLPN0115,36.69016728964428,Coastal
US1FLPN0116,40.5300820698014,Coastal
US1FLPN0119,14.482505047059298,Coastal
US1FLPN0120,14.247369191646138,Coastal
US1FLPN0121,26.894872732338758,Coastal
US1FLPN0122,7.288935947024378,Coastal
US1FLPN0123,8.940923018962268,Coastal
US1FLPS0001,61.759860905113875,Rural
US1FLPS0004,56.87604335600429,Rural
US1FLPS0006,44.83264057880288,Coastal
US1FLPS0007,65.69631367232196,Rural
US1FLPS0010,71.70680272625368,Rural
US1FLPS0015,79.274665030355,Rural
US1FLPS0018,68.90600877264254,Rural
US1FLPS0043,47.453573835136446,Coastal
US1FLPS0049,86.76297128894842,Rural
US1FLPS0051,44.99782795118301,Coastal
US1FLPS0053,47.64845598829447,Coastal
US1FLPS0065,43.104307471789504,Coastal
US1FLPS0068,48.90423359667023,Coastal
US1FLPS0072,51.98905296642504,Rural
US1FLPS0073,49.02551200381478,Coastal
US1FLPS0074,71.0830111402187,Rural
US1FLPS0075,46.06000827299692,Coastal
US1FLPS0081,68.76848669071434,Rural
US1FLPT0004,86.8396248854444,Rural
US1FLPT0007,81.31511167019767,Rural
US1FLPT0008,70.59064413507569,Rural
US1FLPT0009,85.36013209594903,Rural
US1FLPT0010,91.83818752736552,Rural
US1FLPT0012,71.8866487343135,Rural
US1FLPT0021,93.45637054626495,Rural
US1FLPT0024,80.38013664709013,Rural
US1FLPT0026,84.13593944465785,Rural
US1FLPT0027,84.95169315943562,Rural
US1FLPT0029,79.28103558431643,Rural
US1FLSJ0004,54.55815264776965,Rural
US1FLSJ0016,40.868767622930996,Coastal
US1FLSJ0020,51.137022192372136,Rural
US1FLSJ0023,41.7461445790442,Coastal
US1FLSJ0028,50.12083079008037,Rural
US1FLSJ0029,12.291424068175424,Coastal
US1FLSJ0030,28.441192771526758,Coastal
US1FLSJ0031,20.089506436541985,Coastal
US1FLSJ0033,15.747167918842823,Coastal
US1FLSJ0034,42.28703499672884,Coastal
US1FLSJ0036,30.61370849878892,Coastal
US1FLSJ0039,32.90695353183235,Coastal
US1FLSJ0045,39.8008165576651,Coastal
US1FLSJ0046,27.708038077025016,Coastal
US1FLSL0011,176.8624203235899,Rural
US1FLSL0013,162.0696845665592,Rural
US1FLSL0015,187.91204682188518,Rural
US1FLSL0017,165.0604686552821,Rural
US1FLSL0019,169.78761816554663,Rural
US1FLSL0022,169.04316994381705,Rural
US1FLSL0031,172.11324830400312,Rural
US1FLSL0033,175.19684718950737,Rural
US1FLSL0043,161.86470063580396,Rural
US1FLSL0048,174.32352866286934,Rural
US1FLSL0050,163.58090470896096,Rural
US1FLSL0051,164.46874949442784,Rural
US1FLSL0052,166.70101496684845,Rural
US1FLSL0053,157.52029663029444,Rural
US1FLSL0054,166.14260007458634,Rural
US1FLSM0004,168.33021855661985,Rural
US1FLSM0008,173.12887053955455,Rural
US1FLSM0018,167.36677249647914,Rural
US1FLSM0026,153.18874794567844,Rural
US1FLSM0027,152.08086827045224,Rural
US1FLSM0030,165.2733330687051,Rural
US1FLSM0034,170.39326139584585,Rural
US1FLSM0035,159.97992456791692,Rural
US1FLSM0037,171.57441504813826,Rural
US1FLSM0038,162.10570112966016,Rural
US1FLSM0039,157.6351199108573,Rural
US1FLSM0043,162.14479002344908,Rural
US1FLSM0044,154.084530478492,Rural
US1FLSM0047,167.03142904276092,Rural
US1FLSM0048,165.80906775220276,Rural
US1FLSM0049,163.53126598260485,Rural
US1FLSM0050,160.08277639376715,Rural
US1FLSM0051,156.12719906639484,Rural
US1FLSM0052,160.25036100131427,Rural
US1FLSM0055,173.09402516257927,Rural
US1FLSS0014,92.39395930438897,Rural
US1FLSS0015,87.56973401309432,Rural
US1FLSS0022,93.3751011517762,Rural
US1FLSS0034,93.91808327687204,Rural
US1FLSS0040,87.44281941248254,Rural
US1FLSS0047,51.69148016496453,Rural
US1FLSS0052,58.26296994265451,Rural
US1FLSS0053,89.16563038767205,Rural
US1FLSS0056,96.39374269115726,Rural
US1FLSS0059,96.42020972320664,Rural
US1FLSS0062,64.98001196002049,Rural
US1FLSS0063,50.225512480490536,Rural
US1FLSS0065,77.85236599454255,Rural
US1FLSS0067,92.41504952654206,Rural
US1FLSS0069,58.39972541607422,Rural
US1FLSS0071,95.51490641778331,Rural
US1FLSS0073,56.68368812353685,Rural
US1FLSS0075,89.10027104979385,Rural
US1FLSS0077,58.339025851223155,Rural
US1FLSS0079,53.86802847624079,Rural
US1FLSS0080,51.092227188243214,Rural
US1FLSS0081,66.04469282663764,Rural
US1FLSS0082,96.4852099343313,Rural
US1FLSS0084,87.43165493693182,Rural
US1FLSS0089,94.232775667942,Rural
US1FLSS0091,54.969219882785104,Rural
US1FLST0007,137.68403022614805,Rural
US1FLST0008,138.5410042711596,Rural
US1FLST0009,134.7054379990889,Rural
US1FLST0012,133.24344062915645,Rural
US1FLST0014,135.94117387209585,Rural
US1FLST0026,137.48471021201144,Rural
US1FLST0032,137.6729729296715,Rural
US1FLST0035,135.90317848713937,Rural
US1FLST0037,131.35244545050006,Rural
US1FLST0038,133.20141584561696,Rural
US1FLSW0001,151.8610586798984,Rural
US1FLSW0008,168.3201508222139,Rural
US1FLSW0011,147.97937359738475,Rural
US1FLSW0014,147.72829916290746,Rural
US1FLVL0001,149.27114270765472,Rural
US1FLVL0003,134.9878614330395,Rural
US1FLVL0005,120.0173487359603,Rural
US1FLVL0006,151.91576639523268,Rural
US1FLVL0009,133.55440032674608,Rural
US1FLVL0024,129.65911682174334,Rural
US1FLVL0029,144.97151196031373,Rural
US1FLVL0030,153.50795820444637,Rural
US1FLVL0037,141.88386818851592,Rural
US1FLVL0038,168.02353825637394,Rural
US1FLVL0040,155.80710966433875,Rural
US1FLVL0042,134.5216310569137,Rural
US1FLVL0044,137.58318633602303,Rural
US1FLVL0051,155.77365972388046,Rural
US1FLVL0059,145.641340086736,Rural
US1FLVL0060,134.20306813098526,Rural
US1FLVL0061,108.88846974309628,Rural
US1FLVL0062,137.42277255862604,Rural
US1FLVL0063,111.24964968732885,Rural
US1FLVL0070,141.67662133276883,Rural
US1FLVL0071,130.69710047961465,Rural
US1FLVL0073,119.52372816992757,Rural
US1FLVL0075,156.03330769560964,Rural
US1FLVL0077,146.63333323493933,Rural
US1FLVL0081,112.39271451595833,Rural
US1FLVL0082,119.94190896500724,Rural
US1FLVL0083,147.03519072424697,Rural
US1FLVL0084,147.75940975364213,Rural
US1FLVL0086,132.78974086815344,Rural
US1FLVL0087,136.40187838885026,Rural
US1FLVL0089,142.7740525821737,Rural
US1FLVL0090,148.6784653571825,Rural
US1FLVL0091,136.06333417662324,Rural
US1FLVL0099,115.13856636295851,Rural
US1FLVL0100,162.43885843832263,Rural
US1FLVL0101,146.75005368805515,Rural
US1FLVL0103,151.06704135034363,Rural
US1FLVL0104,117.89427715744489,Rural
US1FLVL0105,117.83549782557914,Rural
US1GAAP0005,187.10113448823407,Rural
US1GAAP0007,169.8807417750172,Rural
US1GAAT0002,177.87815889295467,Rural
US1GABB0006,363.0854591296773,Rural
US1GABB0016,347.946606480771,Rural
US1GABB0019,355.3251673426441,Rural
US1GABB0022,354.69272907318975,Rural
US1GABD0001,344.9078200697997,Rural
US1GABD0005,356.4223062079614,Rural
US1GABK0001,313.14558798873935,Rural
US1GABR0002,183.21767048750624,Rural
US1GABR0005,177.451431018275,Rural
US1GABR0009,172.3766730311047,Rural
US1GABR0012,210.84847977595155,Rural
US1GABU0013,247.89521692817112,Rural
US1GABU0015,231.78594089556037,Rural
US1GABU0016,222.9270257315605,Rural
US1GABU0018,223.18506940769467,Rural
US1GABU0021,216.2414898997927,Rural
US1GABW0007,463.2543517415356,Rural
US1GABY0001,104.31195661471463,Rural
US1GACD0002,251.9888421647619,Rural
US1GACF0001,194.36294176301791,Rural
US1GACH0003,82.79961100047609,Rural
US1GACH0006,86.8352543674859,Rural
US1GACI0003,153.02532164872179,Rural
US1GACK0006,441.1315380342637,Rural
US1GACK0010,440.7534473082126,Rural
US1GACK0011,435.0194159132254,Rural
US1GACK0012,447.8045816692702,Rural
US1GACK0017,452.32572217795615,Rural
US1GACK0027,452.89987699949614,Rural
US1GACK0030,437.4284940356932,Rural
US1GACK0038,441.86843562512996,Rural
US1GACK0040,438.8795328589026,Rural
US1GACM0004,61.672078939192524,Rural
US1GACM0014,61.3640919495555,Rural
US1GACM0018,60.464032601340236,Rural
US1GACM0019,49.17832777222277,Coastal
US1GACM0020,52.13511597768666,Rural
US1GACO0003,212.5239913179996,Rural
US1GACP0002,296.29763388396174,Rural
US1GACQ0002,251.86681445597029,Rural
US1GACQ0012,259.7850334033446,Rural
US1GACQ0013,245.93282279170688,Rural
US1GACT0001,203.06707929823816,Rural
US1GACT0003,187.13736125227396,Rural
US1GACT0015,184.1644457708145,Rural
US1GACT0017,186.0819942648146,Rural
US1GACT0019,185.9135591176844,Rural
US1GACT0028,203.49134840820952,Rural
US1GACT0036,184.06552766004845,Rural
US1GACT0037,198.1457417687393,Rural
US1GACT0038,186.26149271794563,Rural
US1GACT0040,182.2722735655132,Rural
US1GACT0055,193.58401903944576,Rural
US1GACT0057,191.89568419617797,Rural
US1GACT0060,189.86801971914446,Rural
US1GACT0061,197.9429790242271,Rural
US1GACT0064,195.45990332085645,Rural
US1GACT0067,196.18117956692274,Rural
US1GACT0077,194.87999207510177,Rural
US1GACT0079,196.64289544476586,Rural
US1GACT0080,194.07889658216666,Rural
US1GACT0089,183.6528129340785,Rural
US1GACT0096,202.51029903748994,Rural
US1GACT0099,184.60837938307583,Rural
US1GACT0100,198.81190881328607,Rural
US1GACU0001,363.5446838368057,Rural
US1GACU0003,367.49809072573936,Rural
US1GACU0006,365.06866072948964,Rural
US1GACU0009,368.7674720334199,Rural
US1GACU0011,355.3797185458322,Rural
US1GACU0013,368.72189794275596,Rural
US1GACU0018,368.9983256500228,Rural
US1GACU0021,366.63818887080095,Rural
US1GACU0026,363.4893628855668,Rural
US1GACU0029,369.83805275354007,Rural
US1GADG0004,255.19321303218646,Rural
US1GADG0005,269.1404117715285,Rural
US1GADG0009,275.272917010416,Rural
US1GAEF0013,219.09976928558766,Rural
US1GAEF0017,230.1851398239211,Rural
US1GAEF0018,230.31953127086098,Rural
US1GAEF0021,210.96927423349027,Rural
US1GAEF0022,212.2971958603178,Rural
US1GAEL0006,429.1853117763838,Rural
US1GAEM0004,269.9111804595307,Rural
US1GAEM0005,264.57873758076175,Rural
US1GAEV0001,217.3372278562024,Rural
US1GAEV0005,212.29283779268303,Rural
US1GAGE0001,386.47286990872226,Rural
US1GAGE0005,398.3094410636069,Rural
US1GAGE0006,400.6509760592625,Rural
US1GAGN0005,96.084152192888,Rural
US1GAGN0007,85.64810643565644,Rural
US1GAGW0023,469.9545169657717,Rural
US1GAGW0050,461.6814130468641,Rural
US1GAGW0065,471.996171040759,Rural
US1GAHS0003,333.2428922919152,Rural
US1GAHS0005,328.32259240312754,Rural
US1GAHS0011,310.0921047069004,Rural
US1GAHS0015,322.73261136908604,Rural
US1GAHS0016,325.6723975351511,Rural
US1GAHS0024,341.70436035649357,Rural
US1GAHS0027,333.79422848681463,Rural
US1GAJK0004,284.98103807573915,Rural
US1GAJN0006,351.4400306876179,Rural
US1GAJN0007,362.59383576329964,Rural
US1GALB0004,168.81150950646187,Rural
US1GALB0006,170.6675964197858,Rural
US1GALB0010,156.38668927771266,Rural
US1GALB0011,174.8340242446412,Rural
US1GALC0002,424.7135037661881,Rural
US1GALN0003,186.8716846664065,Rural
US1GALR0001,283.8584054364967,Rural
US1GALW0004,180.99930170944666,Rural
US1GALW0007,196.2695492185846,Rural
US1GALW0008,192.9868842984148,Rural
US1GALW0010,191.25564925115606,Rural
US1GALW0013,189.74147478112528,Rural
US1GALW0014,189.50581076640142,Rural
US1GALW0015,193.33969418299318,Rural
US1GALW0016,194.01286424890165,Rural
US1GALW0017,188.2869916763074,Rural
US1GALW0018,189.97118076916544,Rural
US1GALW0019,194.46202385275745,Rural
US1GALW0024,191.92135821566012,Rural
US1GAMD0001,363.200005151277,Rural
US1GAMD0005,363.2629516021098,Rural
US1GAMD0006,370.4828753719641,Rural
US1GAMG0003,415.13302748688193,Rural
US1GAMI0001,146.14374459559937,Rural
US1GAMI0002,125.92586416332885,Rural
US1GAMI0005,141.5232000853718,Rural
US1GAMN0004,391.48170297399236,Rural
US1GAMN0007,388.86229083694866,Rural
US1GAMN0010,377.3759268433978,Rural
US1GANW0001,432.6883854961487,Rural
US1GANW0007,421.86408992622586,Rural
US1GAOC0001,440.4797772260027,Rural
US1GAOC0002,443.70867020957434,Rural
US1GAOC0007,439.5981523814069,Rural
US1GAOC0009,438.6826332470279,Rural
US1GAOC0012,446.89513029559805,Rural
US1GAOC0014,435.57407941952755,Rural
US1GAOC0015,445.03975138646035,Rural
US1GAOC0016,435.8550439232434,Rural
US1GAOC0018,433.43752272705916,Rural
US1GAOG0002,424.7051071275363,Rural
US1GAOG0004,434.3022068539663,Rural
US1GAOG0005,435.92853825338926,Rural
US1GAOG0007,434.11149739671487,Rural
US1GAOG0010,422.65387072451966,Rural
US1GAOG0012,432.20258796422905,Rural
US1GAOG0015,444.3310775506193,Rural
US1GAOG0029,427.8754563334438,Rural
US1GAPE0001,343.3626512654783,Rural
US1GAPE0003,340.32952207309364,Rural
US1GAPR0003,137.41511654766222,Rural
US1GAPT0006,372.3405394592131,Rural
US1GARC0009,360.8538766004849,Rural
US1GARC0012,357.5015046962127,Rural
US1GARC0015,358.5099388520601,Rural
US1GARC0016,345.1904358694051,Rural
US1GARC0019,345.52894971828863,Rural
US1GASV0001,270.4412330069079,Rural
US1GASV0003,273.408359003986,Rural
US1GASV0005,253.9689089165831,Rural
US1GASV0007,275.05330826846404,Rural
US1GASV0008,272.50401347029,Rural
US1GATE0004,232.0101026843385,Rural
US1GATF0003,238.32364652943554,Rural
US1GATF0007,237.67293714154036,Rural
US1GATG0001,313.17937892021473,Rural
US1GATH0002,249.60604841679384,Rural
US1GATH0004,245.86669622433115,Rural
US1GATN0004,227.32998100313418,Rural
US1GATR0001,261.6817276537232,Rural
US1GAWG0005,326.9505623754071,Rural
US1GAWG0006,304.9801810721459,Rural
US1GAWL0001,457.59466816104197,Rural
US1GAWL0012,454.6963202771982,Rural
US1GAWL0013,447.6448011489637,Rural
US1GAWL0018,447.45960762595803,Rural
US1GAWL0022,438.5009002463641,Rural
US1GAWL0024,444.85545774754655,Rural
US1GAWN0001,366.41713580585696,Rural
US1GAWR0001,127.00730559429941,Rural
US1GAWR0005,148.1272461532442,Rural
US1GAWR0007,140.7258089060042,Rural
US1GAWS0001,396.55072263771615,Rural
US1GAWT0003,273.7690123990748,Rural
US1GAWT0007,269.4887416581927,Rural
US1GAWY0002,162.7476829871989,Rural
US1GAWY0004,167.8685580192384,Rural
US1GAWY0007,144.37209843410574,Rural
US1GAWY0008,158.39463845545686,Rural
US1NCBR0001,401.10089482184713,Rural
US1NCBR0006,403.13401732041615,Rural
US1NCBR0104,400.9467161059391,Rural
US1NCBR0105,399.91583275736707,Rural
US1NCBR0106,404.5256347837294,Rural
US1NCBR0109,402.89783384743623,Rural
US1SCAK0004,365.4879901692776,Rural
US1SCAK0014,350.42471648005244,Rural
US1SCAK0020,359.86577382431267,Rural
US1SCAK0023,360.32646135308454,Rural
US1SCAK0027,351.34288567021855,Rural
US1SCAK0031,356.1660963046457,Rural
US1SCAK0032,363.96161722342055,Rural
US1SCAK0033,362.5280414066017,Rural
US1SCAK0039,360.7965656825596,Rural
US1SCAK0046,355.7555476340775,Rural
US1SCAK0047,355.0133728349836,Rural
US1SCAK0051,349.88645776033195,Rural
US1SCAK0053,355.45051262285693,Rural
US1SCAK0057,357.16718824898356,Rural
US1SCAK0059,350.5593817338062,Rural
US1SCAK0060,370.42749841698196,Rural
US1SCAK0067,350.8742976273305,Rural
US1SCAK0069,364.10748177375075,Rural
US1SCAK0071,363.9524344259836,Rural
US1SCAK0073,370.87664532439925,Rural
US1SCAK0074,363.45054769048807,Rural
US1SCAK0077,365.3669900378255,Rural
US1SCAK0078,359.64768821200965,Rural
US1SCAK0083,358.2912197787652,Rural
US1SCAK0096,351.07872259832646,Rural
US1SCAK0097,373.2364707438678,Rural
US1SCAK0101,362.26883070924225,Rural
US1SCAK0103,344.44192832032405,Rural
US1SCAK0105,390.02620596802416,Rural
US1SCAK0109,369.3072100502735,Rural
US1SCAL0002,299.17749701629685,Rural
US1SCBF0002,226.1602385169729,Rural
US1SCBF0010,222.56707795862621,Rural
US1SCBF0015,223.00340435513715,Rural
US1SCBF0022,223.61342633910587,Rural
US1SCBF0032,233.29095584803576,Rural
US1SCBF0036,235.56298204852322,Rural
US1SCBF0037,254.56749332275848,Rural
US1SCBF0050,216.90641976443644,Rural
US1SCBF0053,238.0362074004151,Rural
US1SCBF0055,219.606203681579,Rural
US1SCBF0059,224.17882407006945,Rural
US1SCBF0065,227.79372581729257,Rural
US1SCBF0066,225.83661653870573,Rural
US1SCBF0067,226.8323911859708,Rural
US1SCBF0068,247.42878688084085,Rural
US1SCBF0080,243.35804510831605,Rural
US1SCBF0091,247.3785818146551,Rural
US1SCBF0092,221.99406253788663,Rural
US1SCBF0093,242.69335759342877,Rural
US1SCBF0094,251.37619994710144,Rural
US1SCBF0096,248.3612349397268,Rural
US1SCBF0097,251.86327317287288,Rural
US1SCBF0098,247.37243388780513,Rural
US1SCBF0099,218.43546175604976,Rural
US1SCBF0100,222.91239297701122,Rural
US1SCBF0104,223.37748795601826,Rural
US1SCBF0111,239.92801802101113,Rural
US1SCBF0112,248.58576700939125,Rural
US1SCBF0113,217.13035414360382,Rural
US1SCBF0114,218.679782527949,Rural
US1SCBF0116,223.03964106211458,Rural
US1SCBF0117,224.81841698031585,Rural
US1SCBF0119,241.0341852108795,Rural
US1SCBF0120,254.25286919008016,Rural
US1SCBF0122,250.4403803867077,Rural
US1SCBF0123,231.24787982530825,Rural
US1SCBF0124,241.10756531591898,Rural
US1SCBF0126,223.13948933430132,Rural
US1SCBK0008,322.35773110939533,Rural
US1SCBK0017,325.4150870471017,Rural
US1SCBK0029,370.8758121403462,Rural
US1SCBK0038,350.7132614859283,Rural
US1SCBK0046,328.471013810103,Rural
US1SCBK0048,316.74632468609,Rural
US1SCBK0055,335.98603211758206,Rural
US1SCBK0056,348.26525529827086,Rural
US1SCBK0059,372.6290972123719,Rural
US1SCBK0061,316.768308880389,Rural
US1SCBK0063,333.1694152100132,Rural
US1SCBK0065,328.30993657279413,Rural
US1SCBK0067,315.88650603128264,Rural
US1SCBK0068,326.59489978599726,Rural
US1SCBK0071,326.2032477159839,Rural
US1SCBK0077,330.2073205012143,Rural
US1SCBK0079,321.00161680337675,Rural
US1SCBK0081,348.6813342605109,Rural
US1SCBK0082,339.9710526345971,Rural
US1SCBK0085,320.2312237600012,Rural
US1SCBK0086,334.6963183183363,Rural
US1SCBK0087,325.58031889694513,Rural
US1SCBK0088,346.9322692206589,Rural
US1SCBK0091,329.00545425461144,Rural
US1SCBK0094,330.5176571858365,Rural
US1SCBK0097,322.7119169112846,Rural
US1SCBM0001,338.5790702508764,Rural
US1SCBM0006,313.0729599972968,Rural
US1SCBM0009,339.6956365490196,Rural
US1SCBW0003,326.54893803911267,Rural
US1SCBW0006,319.7173567118287,Rural
US1SCCA0001,381.91959398426803,Rural
US1SCCA0002,391.9954328791577,Rural
US1SCCA0016,382.8715792473182,Rural
US1SCCA0019,378.53170301100886,Rural
US1SCCA0020,382.51232501467496,Rural
US1SCCA0021,365.8818568421313,Rural
US1SCCD0002,380.718992900725,Rural
US1SCCD0006,391.42706098460366,Rural
US1SCCD0017,368.66888963757447,Rural
US1SCCD0019,377.9848817601314,Rural
US1SCCL0003,301.76061880944593,Rural
US1SCCL0005,315.03746072593566,Rural
US1SCCL0009,305.7462764323442,Rural
US1SCCL0014,278.6426252186615,Rural
US1SCCL0016,299.1282523814826,Rural
US1SCCL0017,310.0657151252849,Rural
US1SCCL0027,277.97420051797343,Rural
US1SCCL0028,318.1927726668008,Rural
US1SCCL0031,262.7281375421561,Rural
US1SCCL0037,309.2019842398867,Rural
US1SCCR0004,316.2636328098528,Rural
US1SCCR0010,359.7455445155129,Rural
US1SCCR0013,302.41563466644163,Rural
US1SCCR0022,305.38549984506795,Rural
US1SCCR0026,321.90056870772634,Rural
US1SCCR0030,321.7148620477071,Rural
US1SCCR0032,286.8474707140912,Rural
US1SCCR0033,359.8287377138245,Rural
US1SCCR0034,318.4881949904374,Rural
US1SCCR0036,304.9134811440648,Rural
US1SCCR0042,310.8147145819197,Rural
US1SCCR0049,316.4665445710927,Rural
US1SCCR0057,316.3790270697029,Rural
US1SCCR0060,302.1246908189163,Rural
US1SCCR0063,317.85479772402937,Rural
US1SCCR0069,326.222530469404,Rural
US1SCCR0074,299.8226576828016,Rural
US1SCCR0078,317.615860221654,Rural
US1SCCR0083,289.2647087367574,Rural
US1SCCR0085,314.4426603439451,Rural
US1SCCR0087,311.25386177285606,Rural
US1SCCR0089,305.4922253243587,Rural
US1SCCR0092,297.15316771914297,Rural
US1SCCR0096,305.97107722630784,Rural
US1SCCR0097,306.0133348888517,Rural
US1SCCR0098,283.15096398362965,Rural
US1SCCR0099,314.95447649476085,Rural
US1SCCR0105,293.99737573428354,Rural
US1SCCR0112,327.114505780231,Rural
US1SCCR0113,323.3973426223961,Rural
US1SCCR0114,307.4506177200857,Rural
US1SCCR0115,272.7428452339474,Rural
US1SCCR0116,304.9019194922421,Rural
US1SCCR0123,311.3797540155308,Rural
US1SCCR0131,317.9462979283736,Rural
US1SCCR0138,306.8601908107079,Rural
US1SCCR0142,311.8320729925948,Rural
US1SCCR0144,318.307495889132,Rural
US1SCCR0146,328.295185803766,Rural
US1SCCR0148,316.2495762071999,Rural
US1SCCR0149,323.678839548472,Rural
US1SCCR0151,307.4681004449405,Rural
US1SCCR0152,309.52435558682447,Rural
US1SCCR0153,268.29838034987415,Rural
US1SCCR0154,285.5210200631847,Rural
US1SCCR0155,269.21517449347357,Rural
US1SCCR0159,311.8832877333882,Rural
US1SCCR0161,313.6665530753481,Rural
US1SCCR0162,289.1076646874013,Rural
US1SCCR0164,309.8704319772605,Rural
US1SCCR0166,318.76485224911653,Rural
US1SCCR0173,308.77022225186874,Rural
US1SCCR0178,305.00015997264245,Rural
US1SCCR0179,325.9371743049752,Rural
US1SCCR0180,313.1517301130437,Rural
US1SCCR0183,309.84689441356664,Rural
US1SCCR0187,293.6129017229592,Rural
US1SCCR0189,285.6209882718707,Rural
US1SCCR0192,327.33586100636046,Rural
US1SCCR0194,304.1988079719236,Rural
US1SCCR0197,314.54666374898466,Rural
US1SCCR0199,283.24515455590745,Rural
US1SCCR0204,319.0471260842142,Rural
US1SCCR0205,305.2509191567354,Rural
US1SCCR0206,317.7438679890253,Rural
US1SCCR0208,320.06025804729234,Rural
US1SCCR0210,307.9779673235264,Rural
US1SCCR0212,318.3998664300639,Rural
US1SCCR0214,270.76004686260853,Rural
US1SCCR0217,291.06334140208,Rural
US1SCCR0218,295.92337479685744,Rural
US1SCCR0220,304.4967275372498,Rural
US1SCCR0221,278.62109017456595,Rural
US1SCCR0225,328.41838432370116,Rural
US1SCCR0226,309.6244742629573,Rural
US1SCCR0227,308.0560678738884,Rural
US1SCCR0228,292.94506194594743,Rural
US1SCCR0229,312.6066980432861,Rural
US1SCCR0231,275.72681558498016,Rural
US1SCCR0232,302.7519892985439,Rural
US1SCCR0238,270.9552708296237,Rural
US1SCCR0241,276.3737996879931,Rural
US1SCCR0242,305.56987912482555,Rural
US1SCCR0243,318.89621429402223,Rural
US1SCCR0248,328.9076429045202,Rural
US1SCCR0249,273.32154756269614,Rural
US1SCCR0251,298.516792112386,Rural
US1SCCR0252,320.41852427783374,Rural
US1SCCR0253,296.22964335349144,Rural
US1SCCR0254,323.2050060586925,Rural
US1SCCR0256,306.13006126812587,Rural
US1SCDC0003,317.4891357481381,Rural
US1SCDC0018,329.283368061314,Rural
US1SCDC0021,317.4121248822144,Rural
US1SCDC0033,321.94867099139776,Rural
US1SCDC0036,319.9591205593426,Rural
US1SCDC0041,325.10776547934387,Rural
US1SCDC0042,317.271211745345,Rural
US1SCDC0054,322.8770598013816,Rural
US1SCDC0055,316.80816555920654,Rural
US1SCDC0056,322.64761783678534,Rural
US1SCDC0057,314.9686720124466,Rural
US1SCDC0062,320.17425925880264,Rural
US1SCDC0066,324.97786368020803,Rural
US1SCDC0067,317.35998483985924,Rural
US1SCDC0069,323.9423591611996,Rural
US1SCDC0073,317.4200553115044,Rural
US1SCDC0075,322.4204129989534,Rural
US1SCDC0076,319.02966901121624,Rural
US1SCDC0078,319.1127964806477,Rural
US1SCDC0084,322.07951406549654,Rural
US1SCDC0086,320.17609852270317,Rural
US1SCDC0087,321.1835565472536,Rural
US1SCDC0089,317.8694006792616,Rural
US1SCED0002,375.2535944444804,Rural
US1SCED0005,408.1542035754123,Rural
US1SCED0013,375.87478534459854,Rural
US1SCED0016,396.52243097008824,Rural
US1SCED0017,371.53983485419616,Rural
US1SCED0018,403.43790607123674,Rural
US1SCGT0001,402.7880004811272,Rural
US1SCGT0004,386.1917666739526,Rural
US1SCGT0009,417.094586062356,Rural
US1SCGT0011,427.10592799828197,Rural
US1SCGT0015,421.61757654265097,Rural
US1SCGT0019,425.7694356528968,Rural
US1SCGT0024,412.0358109046221,Rural
US1SCGT0027,395.4038634276751,Rural
US1SCGT0033,406.7641450999774,Rural
US1SCGT0036,407.9725857159922,Rural
US1SCGT0038,376.33003299088,Rural
US1SCGT0042,408.33825591076294,Rural
US1SCGT0044,403.38436586023886,Rural
US1SCGT0046,412.8486025075289,Rural
US1SCGT0049,397.7058716474513,Rural
US1SCHM0006,276.3543492993579,Rural
US1SCHM0007,285.64583545049044,Rural
US1SCHM0015,286.5770221302727,Rural
US1SCHM0016,294.58798456835336,Rural
US1SCHM0018,286.5518513703826,Rural
US1SCHM0021,287.37366032858154,Rural
US1SCHR0014,430.7806342195296,Rural
US1SCHR0020,433.82426205759106,Rural
US1SCHR0027,440.60580600328353,Rural
US1SCHR0039,434.71563389642955,Rural
US1SCHR0046,440.8560112411961,Rural
US1SCHR0061,430.66027473742895,Rural
US1SCHR0063,426.89647389757397,Rural
US1SCHR0064,435.37061870545847,Rural
US1SCHR0065,408.1954764738937,Rural
US1SCHR0066,432.10336646467584,Rural
US1SCHR0067,441.7199673067992,Rural
US1SCHR0071,422.5262128672037,Rural
US1SCHR0073,437.5143131669871,Rural
US1SCHR0075,434.3379436587056,Rural
US1SCHR0087,425.9099336562321,Rural
US1SCHR0106,434.5842105257672,Rural
US1SCHR0116,406.7042609682802,Rural
US1SCHR0119,433.7067126908228,Rural
US1SCHR0122,427.2406037932076,Rural
US1SCHR0123,435.73553519653086,Rural
US1SCHR0124,408.68821654142357,Rural
US1SCHR0125,435.9117456986962,Rural
US1SCHR0126,421.0142623838913,Rural
US1SCHR0132,429.28067679708084,Rural
US1SCHR0134,435.66190730271563,Rural
US1SCHR0136,423.05225351853665,Rural
US1SCHR0137,409.7960599527799,Rural
US1SCHR0138,423.28336614461216,Rural
US1SCHR0139,430.23106478487654,Rural
US1SCHR0140,432.30237193839946,Rural
US1SCHR0142,426.24222782312205,Rural
US1SCHR0143,413.45440026140324,Rural
US1SCJS0003,243.8571745169577,Rural
US1SCJS0009,227.36049038004737,Rural
US1SCJS0013,227.14006745786813,Rural
US1SCJS0015,228.62762239345014,Rural
US1SCLX0002,410.5067311203899,Rural
US1SCLX0005,410.4380972147172,Rural
US1SCLX0031,409.1585379719715,Rural
US1SCLX0036,410.8254923108492,Rural
US1SCLX0069,407.635258364486,Rural
US1SCLX0093,401.9735157922103,Rural
US1SCLX0097,411.8780081636699,Rural
US1SCLX0098,406.8870089720971,Rural
US1SCLX0122,387.7048249701746,Rural
US1SCLX0134,397.01867058524823,Rural
US1SCLX0137,411.2572194927376,Rural
US1SCLX0145,379.10324655377525,Rural
US1SCLX0154,386.30373034421035,Rural
US1SCLX0169,402.4238687232145,Rural
US1SCLX0173,410.03910975597194,Rural
US1SCLX0184,401.2928957809826,Rural
US1SCLX0185,405.9611690382181,Rural
US1SCLX0192,376.72910353584086,Rural
US1SCLX0195,404.55665019310504,Rural
US1SCLX0211,409.8710914559834,Rural
US1SCMC0005,410.8209750749765,Rural
US1SCMC0008,410.80740122908304,Rural
US1SCMC0009,411.4751199840218,Rural
US1SCMC0010,411.3010202332564,Rural
US1SCOR0011,353.6378406545587,Rural
US1SCOR0017,361.0776089240127,Rural
US1SCOR0022,356.0211527303092,Rural
US1SCOR0025,350.1876543719099,Rural
US1SCOR0027,360.64530828017075,Rural
US1SCOR0036,370.6645656187124,Rural
US1SCOR0037,359.273214632655,Rural
US1SCOR0041,365.2861511266443,Rural
US1SCOR0049,365.5381210956369,Rural
US1SCOR0051,349.2041445227128,Rural
US1SCOR0052,371.10805386058576,Rural
US1SCRC0030,409.8743730922195,Rural
US1SCRC0042,413.1348226798131,Rural
US1SCRC0064,411.2772747971582,Rural
US1SCRC0122,410.9849736560793,Rural
US1SCRC0123,410.0533118895573,Rural
US1SCRC0144,413.5618927726597,Rural
US1SCSL0002,407.7362482841028,Rural
US1SCSL0010,394.4284568778286,Rural
US1SCSM0010,416.4161314215321,Rural
US1SCSM0013,416.5331526497932,Rural
US1SCSM0020,410.4433157097528,Rural
US1SCSM0026,415.2348016844424,Rural
US1SCSM0030,414.4384642113808,Rural
US1SCSM0035,404.61308808777153,Rural
US1SCSM0039,417.78669031821573,Rural
US1SCSM0040,411.2874001509648,Rural
US1SCSM0041,412.21330222639415,Rural
US1SCSM0045,416.82026192786674,Rural
US1SCWL0002,406.66195840008817,Rural
US1SCWL0004,406.36731218865054,Rural
USC00080236,141.0647494754809,Rural
USC00080369,108.10761806959133,Rural
USC00080478,76.07093871332292,Rural
USC00080598,156.48465274504048,Rural
USC00080737,98.84041601543122,Rural
USC00080945,41.85020399556729,Coastal
USC00081276,125.67348063425094,Rural
USC00081641,112.73183110910823,Rural
USC00082008,180.22159299707533,Rural
USC00082150,128.37681722032397,Rural
USC00082229,143.80897789045721,Rural
USC00082288,117.2739907162426,Rural
USC00082298,130.79698674721274,Rural
USC00082944,41.10642659937838,Coastal
USC00083153,51.93125275054738,Rural
USC00083163,33.56992851342298,Coastal
USC00083168,39.040506286542715,Coastal
USC00083207,183.1852698360346,Rural
USC00083209,182.08371240431117,Rural
USC00083470,75.49802864634978,Rural
USC00083874,59.8333283702964,Rural
USC00083986,53.160721524995125,Rural
USC00084050,26.203416624716446,Coastal
USC00084289,114.99662321309006,Rural
USC00084366,1.5523510745172664,Coastal
USC00084394,150.32238795199828,Rural
USC00084461,118.74546477589959,Rural
USC00084500,153.23785247246207,Rural
USC00084621,153.84357772137082,Rural
USC00084625,127.00187681766374,Rural
USC00084731,115.42266969417496,Rural
USC00084802,61.52028474295246,Rural
USC00085076,143.53233187070413,Rural
USC00085099,152.98906006171973,Rural
USC00085184,77.69739591503019,Rural
USC00085539,172.39555469467652,Rural
USC00085612,194.2955880452953,Rural
USC00085880,248.55873875764084,Inland
USC00085895,145.57411995935126,Rural
USC00085973,99.56294276390342,Rural
USC00086048,154.02275901748604,Rural
USC00086065,68.30557562085045,Rural
USC00086078,153.81397019042305,Rural
USC00086092,165.44950577448793,Rural
USC00086414,142.27371003040557,Rural
USC00086634,129.86978108831755,Rural
USC00086657,155.67210954895117,Rural
USC00086761,192.54006833253058,Rural
USC00086764,114.21073570124311,Rural
USC00086767,76.6014590682543,Rural
USC00087025,209.8968966745504,Rural
USC00087205,51.50665582511452,Rural
USC00087228,152.22045588310706,Rural
USC00087261,148.0505598515716,Rural
USC00087304,144.65520879462292,Rural
USC00087397,115.05660552012014,Rural
USC00087826,47.89147498635432,Coastal
USC00087851,68.49077865637817,Rural
USC00087982,165.5801833075152,Rural
USC00088051,181.6980816944483,Rural
USC00088368,86.49975810178023,Rural
USC00088620,154.57808220104107,Rural
USC00088782,22.251368635543095,Coastal
USC00088824,41.97778941796121,Coastal
USC00088942,194.681701644542,Rural
USC00089120,168.99427998455968,Rural
USC00089176,79.42752887904079,Rural
USC00089219,207.00689004486793,Rural
USC00089401,83.67776199780609,Rural
USC00090311,372.8140479548615,Rural
USC00091266,232.37873715355084,Rural
USC00091340,97.0212663494044,Rural
USC00092266,293.5496604996563,Rural
USC00092361,296.7700912312032,Rural
USC00092844,288.5516305585973,Rural
USC00092966,272.2331949273062,Rural
USC00093325,109.0191259227839,Rural
USC00093465,85.16975800599693,Rural
USC00093538,175.8033918732251,Rural
USC00093754,194.92469644758353,Rural
USC00094170,297.72269567120117,Rural
USC00094429,159.3345145084391,Rural
USC00094623,407.49903264364514,Rural
USC00094862,289.2840877598328,Rural
USC00095204,399.52359252674177,Rural
USC00095205,393.84535154998474,Rural
USC00095314,315.87031829673015,Rural
USC00095331,160.53845601388073,Rural
USC00095811,241.5066562981369,Rural
USC00095863,296.59434192542494,Rural
USC00095988,401.030332418269,Rural
USC00096087,244.49815829772356,Rural
USC00096126,237.35204810435633,Rural
USC00096219,119.12912512031629,Rural
USC00097171,212.52488275592665,Rural
USC00097528,261.68667088604104,Rural
USC00097777,325.7406365203057,Rural
USC00097808,122.63220326657635,Rural
USC00098677,364.92239000414025,Rural
USC00098703,235.62684128120472,Rural
USC00099124,331.85587608539043,Rural
USC00099194,313.47339727798646,Rural
USC00099486,444.80620242767696,Rural
USC00099502,78.97331024257673,Rural
USC00380072,362.53404622835615,Rural
USC00380184,389.7526482808716,Rural
USC00380448,333.7980903038748,Rural
USC00380490,328.9125651278751,Rural
USC00380506,400.51534571733464,Rural
USC00381093,418.94501260064607,Rural
USC00381241,416.31906448924576,Rural
USC00381726,381.3222078835859,Rural
USC00381944,412.0150490186322,Rural
USC00382711,390.8238760261277,Rural
USC00382730,265.4889788309279,Rural
USC00383470,388.6433153952761,Rural
USC00383665,364.8261266500469,Rural
USC00384205,348.0798656394335,Rural
USC00384449,369.4548949698447,Rural
USC00384607,388.9726572503536,Rural
USC00384886,426.3993544471827,Rural
USC00384940,359.98843677964146,Rural
USC00385493,394.5284853832915,Rural
USC00385660,410.29697684728126,Rural
USC00385946,353.3980837280443,Rural
USC00386153,430.05751913915117,Rural
USC00386527,358.04522985297825,Rural
USC00386775,386.26693127656864,Rural
USC00387590,372.18124306603306,Rural
USC00387631,412.0059018575713,Rural
USC00388405,310.3244388588843,Rural
USC00388426,323.7372455670488,Rural
USC00388440,416.15468661685605,Rural
USC00388474,385.80547481880666,Rural
USC00388879,371.36694970130145,Rural
USC00388922,295.50038045384576,Rural
USC00389469,272.0894486516665,Rural
USW00003728,371.13214311236976,Rural
USW00003813,340.85510374326174,Rural
USW00003820,344.9772019592311,Rural
USW00003822,204.50911359679117,Rural
USW00003853,11.234367886216384,Coastal
USW00012812,114.86790114623452,Rural
USW00012815,142.7722459662619,Rural
USW00012816,108.1353839019451,Rural
USW00012818,76.29684849497622,Rural
USW00012819,137.42046109893406,Rural
USW00012833,180.22159299707533,Rural
USW00012834,129.19376995412756,Rural
USW00012835,153.58593980439983,Rural
USW00012838,195.80730187676764,Rural
USW00012841,149.177240467247,Rural
USW00012842,19.091747922839318,Coastal
USW00012843,207.3936928095929,Rural
USW00012844,98.91967149255068,Rural
USW00012849,31.241748924909253,Coastal
USW00012854,169.75854291561032,Rural
USW00012861,149.51131166185402,Rural
USW00012871,44.5096503503873,Coastal
USW00012873,15.076590861095356,Coastal
USW00012876,87.77985936064962,Rural
USW00012883,58.44499613805966,Rural
USW00012885,44.444428744143984,Coastal
USW00012894,163.2418870121444,Rural
USW00012895,189.63209797607928,Rural
USW00012897,162.33873071159684,Rural
USW00013717,442.2781231558401,Rural
USW00013782,308.71033596465776,Rural
USW00013837,357.23845849287915,Rural
USW00013870,173.68264039670268,Rural
USW00013873,444.3390175242238,Rural
USW00013878,94.8312898887842,Rural
USW00013880,316.3993805661436,Rural
USW00013883,406.5715327857676,Rural
USW00013889,35.50045018204898,Coastal
USW00053854,355.57432597420404,Rural
USW00053860,11.57872335466812,Coastal
USW00053867,410.081930113074,Rural
USW00063803,474.9912827241868,Rural
USW00063826,339.76894279963466,Rural
USW00063850,430.34122163614285,Rural
USW00063856,56.75342304530701,Rural
USW00063890,46.037330935479574,Coastal
USW00092805,50.4259905169867,Rural
USW00092806,4.3321062829780725,Coastal
USW00092814,38.3363856210321,Coastal
USW00092821,199.3973174553496,Rural
USW00092827,141.1869028806718,Rural
USW00093718,419.01562799306873,Rural
USW00093831,251.2840475961742,Rural
USW00093837,26.665479154444977,Coastal
USW00093845,187.11741795935131,Rural
