Date,ID,Value,Neighbor_Estimate,Residual,Robust_Z,Suspect
2017-10-07,US1ALCF0004,0,21.57,-21.57,-1.92,False
2017-10-07,US1ALCS0007,0,8.67,-8.67,-0.18,False
2017-10-07,US1ALDL0011,0,23.69,-23.69,-2.2,False
2017-10-07,US1ALEL0004,0,9.15,-9.15,-0.25,False
2017-10-07,US1ALEL0018,0,10.88,-10.88,-0.48,False
2017-10-07,US1ALEL0022,0,11.73,-11.73,-0.59,False
2017-10-07,US1ALEL0024,0,9.81,-9.81,-0.34,False
2017-10-07,US1ALHS0013,0,25.09,-25.09,-2.39,False
2017-10-07,US1ALLE0007,0,25.86,-25.86,-2.49,False
2017-10-07,US1ALMC0003,0,16.17,-16.17,-1.19,False
2017-10-07,US1ALMY0006,0,20.32,-20.32,-1.75,False
2017-10-07,US1ALMY0011,0,18.98,-18.98,-1.57,False
2017-10-07,US1ALRS0001,0,22.92,-22.92,-2.1,False
2017-10-07,US1ALRS0003,0,17.46,-17.46,-1.36,False
2017-10-07,US1ALTP0007,0,8.07,-8.07,-0.1,False
2017-10-07,US1FLBY0007,0,4.2,-4.2,0.42,False
2017-10-07,US1FLBY0010,0,7.19,-7.19,0.02,False
2017-10-07,US1FLBY0011,0,4.27,-4.27,0.41,False
2017-10-07,US1FLBY0013,5,5.85,-0.85,0.87,False
2017-10-07,US1FLBY0015,0,9.0,-9.0,-0.23,False
2017-10-07,US1FLBY0016,18,6.41,11.59,2.54,False
2017-10-07,US1FLDX0002,0,21.07,-21.07,-1.85,False
2017-10-07,US1FLFR0002,0,23.66,-23.66,-2.2,False
2017-10-07,US1FLFR0003,0,7.82,-7.82,-0.07,False
2017-10-07,US1FLFR0006,0,8.61,-8.61,-0.18,False
2017-10-07,US1FLGD0002,0,3.59,-3.59,0.5,False
2017-10-07,US1FLGD0004,0,4.57,-4.57,0.37,False
2017-10-07,US1FLGD0007,0,3.49,-3.49,0.51,False
2017-10-07,US1FLJF0003,0,7.94,-7.94,-0.09,False
2017-10-07,US1FLJF0005,0,5.34,-5.34,0.26,False
2017-10-07,US1FLJF0007,0,9.24,-9.24,-0.26,False
2017-10-07,US1FLJF0009,0,11.68,-11.68,-0.59,False
2017-10-07,US1FLJF0010,0,5.39,-5.39,0.26,False
2017-10-07,US1FLJK0002,0,15.87,-15.87,-1.15,False
2017-10-07,US1FLJK0003,0,11.58,-11.58,-0.57,False
2017-10-07,US1FLLB0003,0,6.24,-6.24,0.14,False
2017-10-07,US1FLLN0004,3,5.44,-2.44,0.65,False
2017-10-07,US1FLLN0010,3,6.58,-3.58,0.5,False
2017-10-07,US1FLLN0018,3,4.58,-1.58,0.77,False
2017-10-07,US1FLLN0025,0,6.86,-6.86,0.06,False
2017-10-07,US1FLLN0028,0,6.22,-6.22,0.15,False
2017-10-07,US1FLLN0031,0,7.93,-7.93,-0.08,False
2017-10-07,US1FLLN0041,0,7.99,-7.99,-0.09,False
2017-10-07,US1FLLN0045,0,7.31,-7.31,-0.0,False
2017-10-07,US1FLLN0047,3,5.63,-2.63,0.63,False
2017-10-07,US1FLLN0051,23,5.28,17.72,3.36,False
2017-10-07,US1FLLN0055,0,6.8,-6.8,0.07,False
2017-10-07,US1FLLN0060,0,6.03,-6.03,0.17,False
2017-10-07,US1FLLN0063,5,5.28,-0.28,0.94,False
2017-10-07,US1FLLN0065,0,6.89,-6.89,0.06,False
2017-10-07,US1FLLN0066,18,4.53,13.47,2.79,False
2017-10-07,US1FLOK0001,0,5.8,-5.8,0.2,False
2017-10-07,US1FLOK0002,0,4.97,-4.97,0.31,False
2017-10-07,US1FLOK0015,0,7.3,-7.3,0.0,False
2017-10-07,US1FLOK0020,0,6.57,-6.57,0.1,False
2017-10-07,US1FLOK0033,0,23.99,-23.99,-2.24,False
2017-10-07,US1FLOK0037,0,6.23,-6.23,0.14,False
2017-10-07,US1FLSW0008,0,23.94,-23.94,-2.24,False
2017-10-07,US1FLWK0009,0,4.54,-4.54,0.37,False
2017-10-07,US1FLWK0010,0,4.69,-4.69,0.35,False
2017-10-07,US1FLWS0001,0,16.82,-16.82,-1.28,False
2017-10-07,US1FLWT0003,0,10.83,-10.83,-0.47,False
2017-10-07,US1FLWT0005,0,24.72,-24.72,-2.34,False
2017-10-07,US1FLWT0006,0,14.29,-14.29,-0.94,False
2017-10-07,US1FLWT0013,0,14.56,-14.56,-0.97,False
2017-10-07,US1FLWT0014,0,7.89,-7.89,-0.08,False
2017-10-07,US1GABB0016,0,2.11,-2.11,0.7,False
2017-10-07,US1GABB0019,0,2.23,-2.23,0.68,False
2017-10-07,US1GABD0001,0,3.5,-3.5,0.51,False
2017-10-07,US1GABH0002,0,17.25,-17.25,-1.34,False
2017-10-07,US1GABL0001,0,9.0,-9.0,-0.23,False
2017-10-07,US1GACQ0001,30,34.48,-4.48,0.38,False
2017-10-07,US1GACQ0002,0,20.41,-20.41,-1.76,False
2017-10-07,US1GACQ0009,145,16.42,128.58,18.25,True
2017-10-07,US1GACR0002,0,2.58,-2.58,0.63,False
2017-10-07,US1GACY0002,0,12.28,-12.28,-0.67,False
2017-10-07,US1GADG0004,5,7.36,-2.36,0.66,False
2017-10-07,US1GADG0005,0,6.3,-6.3,0.13,False
2017-10-07,US1GADH0001,0,16.38,-16.38,-1.22,False
2017-10-07,US1GAGY0002,0,11.82,-11.82,-0.61,False
2017-10-07,US1GAGY0003,0,10.62,-10.62,-0.45,False
2017-10-07,US1GAHR0005,0,18.88,-18.88,-1.55,False
2017-10-07,US1GAHS0003,0,3.9,-3.9,0.46,False
2017-10-07,US1GAHS0011,28,6.93,21.07,3.81,True
2017-10-07,US1GAHS0016,3,5.06,-2.06,0.7,False
2017-10-07,US1GAHS0017,3,6.81,-3.81,0.47,False
2017-10-07,US1GAJN0006,0,1.81,-1.81,0.74,False
2017-10-07,US1GALW0004,10,54.46,-44.46,-4.99,True
2017-10-07,US1GALW0007,94,43.79,50.21,7.73,True
2017-10-07,US1GAMN0010,0,2.15,-2.15,0.69,False
2017-10-07,US1GAMT0005,0,14.27,-14.27,-0.94,False
2017-10-07,US1GAPE0001,0,4.43,-4.43,0.39,False
2017-10-07,US1GAPE0003,0,3.12,-3.12,0.56,False
2017-10-07,US1GASM0002,0,7.98,-7.98,-0.09,False
2017-10-07,US1GASR0005,0,7.53,-7.53,-0.03,False
2017-10-07,US1GASY0003,0,7.15,-7.15,0.02,False
2017-10-07,US1GATF0006,0,23.08,-23.08,-2.12,False
2017-10-07,US1GATG0001,0,4.6,-4.6,0.36,False
2017-10-07,US1GATH0004,48,12.75,35.25,5.72,True
2017-10-07,US1GATH0008,10,19.68,-9.68,-0.32,False
2017-10-07,US1GATL0001,0,12.03,-12.03,-0.63,False
2017-10-07,US1GATP0001,0,11.36,-11.36,-0.54,False
2017-10-07,US1GATP0002,0,11.5,-11.5,-0.56,False
2017-10-07,US1GATR0001,81,13.21,67.79,10.09,True
2017-10-07,US1GATY0001,0,4.64,-4.64,0.36,False
2017-10-07,US1GATY0002,0,4.41,-4.41,0.39,False
2017-10-07,US1GAUP0001,0,3.34,-3.34,0.53,False
2017-10-07,US1GAWT0003,0,21.64,-21.64,-1.93,False
2017-10-07,USC00010160,0,7.77,-7.77,-0.06,False
2017-10-07,USC00010425,86,37.82,48.18,7.45,True
2017-10-07,USC00012377,0,25.29,-25.29,-2.42,False
2017-10-07,USC00012675,0,22.32,-22.32,-2.02,False
2017-10-07,USC00012730,0,22.34,-22.34,-2.02,False
2017-10-07,USC00013251,0,25.68,-25.68,-2.47,False
2017-10-07,USC00014080,0,17.39,-17.39,-1.35,False
2017-10-07,USC00014502,0,16.88,-16.88,-1.29,False
2017-10-07,USC00015172,0,14.49,-14.49,-0.96,False
2017-10-07,USC00015553,8,13.78,-5.78,0.2,False
2017-10-07,USC00016129,0,43.79,-43.79,-4.9,True
2017-10-07,USC00017020,0,9.17,-9.17,-0.25,False
2017-10-07,USC00018038,56,8.76,47.24,7.33,True
2017-10-07,USC00018323,0,31.26,-31.26,-3.22,False
2017-10-07,USC00018653,0,12.74,-12.74,-0.73,False
2017-10-07,USC00081544,0,35.41,-35.41,-3.77,True
2017-10-07,USC00082008,48,0.0,48.0,7.43,True
2017-10-07,USC00085539,0,20.95,-20.95,-1.83,False
2017-10-07,USC00085880,0,7.59,-7.59,-0.04,False
2017-10-07,USC00086240,0,5.05,-5.05,0.3,False
2017-10-07,USC00086842,0,7.04,-7.04,0.03,False
2017-10-07,USC00087025,0,12.67,-12.67,-0.72,False
2017-10-07,USC00088756,0,11.02,-11.02,-0.5,False
2017-10-07,USC00089566,0,8.59,-8.59,-0.17,False
2017-10-07,USC00090140,0,24.89,-24.89,-2.36,False
2017-10-07,USC00090253,0,7.3,-7.3,0.0,False
2017-10-07,USC00091463,0,9.95,-9.95,-0.35,False
2017-10-07,USC00091500,0,13.31,-13.31,-0.81,False
2017-10-07,USC00092159,0,86.03,-86.03,-10.57,True
2017-10-07,USC00092266,20,10.59,9.41,2.25,False
2017-10-07,USC00092361,0,12.09,-12.09,-0.64,False
2017-10-07,USC00092738,0,9.55,-9.55,-0.3,False
2017-10-07,USC00092966,0,6.4,-6.4,0.12,False
2017-10-07,USC00093658,0,18.49,-18.49,-1.5,False
2017-10-07,USC00094170,46,5.63,40.37,6.4,True
2017-10-07,USC00095061,0,12.17,-12.17,-0.65,False
2017-10-07,USC00095979,0,6.89,-6.89,0.06,False
2017-10-07,USC00096087,0,30.34,-30.34,-3.09,False
2017-10-07,USC00096148,0,18.32,-18.32,-1.48,False
2017-10-07,USC00097087,0,7.96,-7.96,-0.09,False
2017-10-07,USC00098535,0,9.12,-9.12,-0.24,False
2017-10-07,USC00098661,0,3.99,-3.99,0.45,False
2017-10-07,USC00098703,0,22.19,-22.19,-2.0,False
2017-10-07,USC00099124,5,2.14,2.86,1.37,False
2017-10-07,USC00099291,0,14.43,-14.43,-0.96,False
2017-10-07,USC00099506,0,8.88,-8.88,-0.21,False
2017-10-07,USW00003813,0,2.93,-2.93,0.59,False
2017-10-07,USW00003818,20,8.53,11.47,2.52,False
2017-10-07,USW00003878,36,20.99,15.01,3.0,False
2017-10-07,USW00003892,127,26.03,100.97,14.54,True
2017-10-07,USW00012832,36,0.61,35.39,5.73,True
2017-10-07,USW00012833,0,43.18,-43.18,-4.82,True
2017-10-07,USW00013839,46,20.59,25.41,4.39,True
2017-10-07,USW00013869,74,6.9,67.1,9.99,True
2017-10-07,USW00013895,25,12.08,12.92,2.72,False
2017-10-07,USW00023801,43,16.37,26.63,4.56,True
2017-10-07,USW00053843,272,24.9,247.1,34.17,True
2017-10-07,USW00053853,58,3.73,54.27,8.27,True
2017-10-07,USW00063828,18,10.75,7.25,1.96,False
2017-10-07,USW00063829,8,9.71,-1.71,0.75,False
2017-10-07,USW00063870,163,26.85,136.15,19.27,True
2017-10-07,USW00063871,173,10.24,162.76,22.84,True
2017-10-07,USW00063872,53,10.83,42.17,6.65,True
2017-10-07,USW00073802,18,23.24,-5.24,0.28,False
2017-10-07,USW00073805,5,8.81,-3.81,0.47,False
2017-10-07,USW00093805,41,2.69,38.31,6.13,True
2017-10-07,USW00093842,114,1.92,112.08,16.04,True
2017-10-07,USW00093845,216,24.52,191.48,26.7,True
2017-10-08,US1ALAT0014,673,521.45,151.55,2.26,False
2017-10-08,US1ALCF0004,559,375.94,183.06,2.67,False
2017-10-08,US1ALCS0003,165,505.32,-340.32,-4.17,True
2017-10-08,US1ALEL0004,612,503.92,108.08,1.69,False
2017-10-08,US1ALEL0018,711,480.02,230.98,3.3,False
2017-10-08,US1ALEL0022,445,533.97,-88.97,-0.88,False
2017-10-08,US1ALEL0024,450,552.77,-102.77,-1.07,False
2017-10-08,US1ALHS0013,104,254.68,-150.68,-1.69,False
2017-10-08,US1ALLE0007,229,405.6,-176.6,-2.03,False
2017-10-08,US1ALMC0003,638,439.42,198.58,2.88,False
2017-10-08,US1ALMY0006,831,547.17,283.83,3.99,True
2017-10-08,US1ALMY0009,229,553.69,-324.69,-3.97,True
2017-10-08,US1ALMY0011,447,563.02,-116.02,-1.24,False
2017-10-08,US1ALRS0001,297,203.21,93.79,1.51,False
2017-10-08,US1ALRS0003,307,272.42,34.58,0.73,False
2017-10-08,US1ALTP0007,442,386.96,55.04,1.0,False
2017-10-08,US1FLBY0007,155,245.3,-90.3,-0.9,False
2017-10-08,US1FLBY0010,485,298.36,186.64,2.72,False
2017-10-08,US1FLBY0011,180,224.01,-44.01,-0.3,False
2017-10-08,US1FLBY0013,69,180.54,-111.54,-1.18,False
2017-10-08,US1FLBY0014,122,230.33,-108.33,-1.14,False
2017-10-08,US1FLBY0015,137,181.38,-44.38,-0.3,False
2017-10-08,US1FLBY0016,0,204.43,-204.43,-2.39,False
2017-10-08,US1FLDX0002,119,46.32,72.68,1.23,False
2017-10-08,US1FLFR0002,61,35.78,25.22,0.61,False
2017-10-08,US1FLFR0003,25,65.67,-40.67,-0.25,False
2017-10-08,US1FLFR0006,20,65.24,-45.24,-0.31,False
2017-10-08,US1FLGD0001,157,123.94,33.06,0.71,False
2017-10-08,US1FLGD0002,127,72.09,54.91,1.0,False
2017-10-08,US1FLGD0003,152,126.91,25.09,0.61,False
2017-10-08,US1FLGD0004,99,103.03,-4.03,0.23,False
2017-10-08,US1FLGD0007,0,99.87,-99.87,-1.03,False
2017-10-08,US1FLJF0003,41,84.19,-43.19,-0.29,False
2017-10-08,US1FLJF0005,64,70.07,-6.07,0.2,False
2017-10-08,US1FLJF0007,89,81.24,7.76,0.38,False
2017-10-08,US1FLJF0009,10,83.15,-73.15,-0.68,False
2017-10-08,US1FLJF0010,53,74.32,-21.32,0.0,False
2017-10-08,US1FLJK0002,145,199.46,-54.46,-0.43,False
2017-10-08,US1FLJK0003,38,146.6,-108.6,-1.14,False
2017-10-08,US1FLLB0003,102,96.8,5.2,0.35,False
2017-10-08,US1FLLN0004,69,77.57,-8.57,0.17,False
2017-10-08,US1FLLN0010,74,82.14,-8.14,0.17,False
2017-10-08,US1FLLN0017,76,79.64,-3.64,0.23,False
2017-10-08,US1FLLN0018,185,88.62,96.38,1.54,False
2017-10-08,US1FLLN0025,71,80.65,-9.65,0.15,False
2017-10-08,US1FLLN0028,58,79.77,-21.77,-0.01,False
2017-10-08,US1FLLN0031,99,80.84,18.16,0.52,False
2017-10-08,US1FLLN0034,117,85.23,31.77,0.69,False
2017-10-08,US1FLLN0041,102,88.81,13.19,0.45,False
2017-10-08,US1FLLN0045,46,84.06,-38.06,-0.22,False
2017-10-08,US1FLLN0047,33,70.61,-37.61,-0.21,False
2017-10-08,US1FLLN0055,69,77.65,-8.65,0.17,False
2017-10-08,US1FLLN0060,97,70.54,26.46,0.62,False
2017-10-08,US1FLLN0063,30,70.46,-40.46,-0.25,False
2017-10-08,US1FLLN0064,79,84.96,-5.96,0.2,False
2017-10-08,US1FLLN0065,89,79.02,9.98,0.41,False
2017-10-08,US1FLLN0066,84,81.44,2.56,0.31,False
2017-10-08,US1FLLN0068,64,79.42,-15.42,0.08,False
2017-10-08,US1FLOK0001,0,473.95,-473.95,-5.92,True
2017-10-08,US1FLOK0002,610,480.2,129.8,1.98,False
2017-10-08,US1FLOK0015,480,325.44,154.56,2.3,False
2017-10-08,US1FLOK0020,419,375.06,43.94,0.85,False
2017-10-08,US1FLOK0033,290,487.45,-197.45,-2.3,False
2017-10-08,US1FLOK0037,554,381.29,172.71,2.54,False
2017-10-08,US1FLSW0008,66,93.85,-27.85,-0.09,False
2017-10-08,US1FLTY0004,178,78.64,99.36,1.58,False
2017-10-08,US1FLWK0009,132,88.27,43.73,0.85,False
2017-10-08,US1FLWK0010,132,88.72,43.28,0.84,False
2017-10-08,US1FLWS0001,663,296.95,366.05,5.07,True
2017-10-08,US1FLWS0003,48,265.09,-217.09,-2.56,False
2017-10-08,US1FLWT0003,152,376.83,-224.83,-2.66,False
2017-10-08,US1FLWT0005,536,405.3,130.7,1.99,False
2017-10-08,US1FLWT0006,368,444.28,-76.28,-0.72,False
2017-10-08,US1FLWT0012,737,356.41,380.59,5.26,True
2017-10-08,US1FLWT0013,338,424.03,-86.03,-0.85,False
2017-10-08,US1FLWT0014,538,311.3,226.7,3.24,False
2017-10-08,US1GABB0016,3,29.99,-26.99,-0.07,False
2017-10-08,US1GABB0019,0,34.47,-34.47,-0.17,False
2017-10-08,US1GABD0001,0,26.57,-26.57,-0.07,False
2017-10-08,US1GABH0002,15,39.07,-24.07,-0.04,False
2017-10-08,US1GABL0001,0,30.2,-30.2,-0.12,False
2017-10-08,US1GACQ0001,41,78.33,-37.33,-0.21,False
2017-10-08,US1GACQ0002,28,81.24,-53.24,-0.42,False
2017-10-08,US1GACY0002,257,170.71,86.29,1.41,False
2017-10-08,US1GADC0003,64,92.47,-28.47,-0.09,False
2017-10-08,US1GADG0004,0,34.6,-34.6,-0.17,False
2017-10-08,US1GADG0005,0,47.43,-47.43,-0.34,False
2017-10-08,US1GADH0001,53,67.32,-14.32,0.09,False
2017-10-08,US1GAGY0002,51,82.37,-31.37,-0.13,False
2017-10-08,US1GAGY0003,99,78.72,20.28,0.54,False
2017-10-08,US1GAHR0002,76,143.7,-67.7,-0.61,False
2017-10-08,US1GAHS0003,3,82.72,-79.72,-0.76,False
2017-10-08,US1GAHS0011,25,34.62,-9.62,0.15,False
2017-10-08,US1GAHS0016,0,44.95,-44.95,-0.31,False
2017-10-08,US1GAHS0017,8,37.98,-29.98,-0.11,False
2017-10-08,US1GAJN0006,0,28.77,-28.77,-0.1,False
2017-10-08,US1GALW0004,305,87.47,217.53,3.12,False
2017-10-08,US1GALW0007,56,106.17,-50.17,-0.38,False
2017-10-08,US1GAMN0010,5,46.04,-41.04,-0.26,False
2017-10-08,US1GAMN0015,3,41.9,-38.9,-0.23,False
2017-10-08,US1GAMT0005,127,78.52,48.48,0.91,False
2017-10-08,US1GAPE0001,0,45.7,-45.7,-0.32,False
2017-10-08,US1GAPE0003,5,46.82,-41.82,-0.27,False
2017-10-08,US1GASM0002,191,102.12,88.88,1.44,False
2017-10-08,US1GASR0005,64,81.76,-17.76,0.05,False
2017-10-08,US1GASY0003,30,77.15,-47.15,-0.34,False
2017-10-08,US1GATF0006,3,52.06,-49.06,-0.36,False
2017-10-08,US1GATG0001,0,32.12,-32.12,-0.14,False
2017-10-08,US1GATH0004,25,79.23,-54.23,-0.43,False
2017-10-08,US1GATH0008,46,76.03,-30.03,-0.11,False
2017-10-08,US1GATL0001,196,72.27,123.73,1.9,False
2017-10-08,US1GATP0001,99,141.3,-42.3,-0.27,False
2017-10-08,US1GATP0002,117,179.04,-62.04,-0.53,False
2017-10-08,US1GATR0001,137,40.89,96.11,1.54,False
2017-10-08,US1GATY0001,28,89.65,-61.65,-0.53,False
2017-10-08,US1GATY0002,36,75.41,-39.41,-0.24,False
2017-10-08,US1GAUP0001,0,84.35,-84.35,-0.82,False
2017-10-08,USC00010160,216,450.79,-234.79,-2.79,False
2017-10-08,USC00010425,533,322.75,210.25,3.03,False
2017-10-08,USC00012730,0,238.22,-238.22,-2.84,False
2017-10-08,USC00013251,318,346.89,-28.89,-0.1,False
2017-10-08,USC00014080,396,358.27,37.73,0.77,False
2017-10-08,USC00014502,178,322.63,-144.63,-1.61,False
2017-10-08,USC00015172,709,486.86,222.14,3.18,False
2017-10-08,USC00015553,541,524.68,16.32,0.49,False
2017-10-08,USC00016129,254,370.92,-116.92,-1.25,False
2017-10-08,USC00017020,711,438.05,272.95,3.85,True
2017-10-08,USC00018038,610,480.55,129.45,1.97,False
2017-10-08,USC00018323,0,778.29,-778.29,-9.9,True
2017-10-08,USC00018653,701,423.46,277.54,3.91,True
2017-10-08,USC00081544,241,233.19,7.81,0.38,False
2017-10-08,USC00082008,20,61.98,-41.98,-0.27,False
2017-10-08,USC00085539,64,94.82,-30.82,-0.12,False
2017-10-08,USC00085880,99,78.43,20.57,0.55,False
2017-10-08,USC00086240,572,501.86,70.14,1.2,False
2017-10-08,USC00086842,38,196.38,-158.38,-1.79,False
2017-10-08,USC00087025,76,125.74,-49.74,-0.37,False
2017-10-08,USC00088756,97,89.91,7.09,0.37,False
2017-10-08,USC00089566,102,127.4,-25.4,-0.05,False
2017-10-08,USC00090140,61,63.81,-2.81,0.24,False
2017-10-08,USC00090253,30,83.46,-53.46,-0.42,False
2017-10-08,USC00091372,102,112.43,-10.43,0.14,False
2017-10-08,USC00091463,51,84.91,-33.91,-0.16,False
2017-10-08,USC00091500,127,81.2,45.8,0.88,False
2017-10-08,USC00092159,51,276.99,-225.99,-2.68,False
2017-10-08,USC00092266,13,46.11,-33.11,-0.15,False
2017-10-08,USC00092361,15,55.43,-40.43,-0.25,False
2017-10-08,USC00092450,122,141.26,-19.26,0.03,False
2017-10-08,USC00092738,236,107.56,128.44,1.96,False
2017-10-08,USC00092966,114,15.37,98.63,1.57,False
2017-10-08,USC00093658,302,188.72,113.28,1.76,False
2017-10-08,USC00094170,0,32.52,-32.52,-0.15,False
2017-10-08,USC00095061,0,72.89,-72.89,-0.67,False
2017-10-08,USC00095979,13,59.27,-46.27,-0.33,False
2017-10-08,USC00096087,165,64.36,100.64,1.59,False
2017-10-08,USC00097087,76,88.07,-12.07,0.12,False
2017-10-08,USC00098535,391,95.68,295.32,4.14,True
2017-10-08,USC00098661,178,63.55,114.45,1.78,False
2017-10-08,USC00098703,0,54.17,-54.17,-0.43,False
2017-10-08,USC00099124,152,26.85,125.15,1.92,False
2017-10-08,USC00099291,25,244.0,-219.0,-2.59,False
2017-10-08,USC00099506,0,121.25,-121.25,-1.31,False
2017-10-08,USW00003813,198,33.26,164.74,2.43,False
2017-10-08,USW00003818,33,150.3,-117.3,-1.26,False
2017-10-08,USW00012832,10,66.65,-56.65,-0.46,False
2017-10-08,USW00012833,56,29.81,26.19,0.62,False
2017-10-08,USW00013829,239,212.69,26.31,0.62,False
2017-10-08,USW00013839,150,270.6,-120.6,-1.3,False
2017-10-08,USW00013869,25,74.85,-49.85,-0.37,False
2017-10-08,USW00013895,561,532.01,28.99,0.66,False
2017-10-08,USW00023801,1142,280.45,861.55,11.55,True
2017-10-08,USW00053843,404,506.0,-102.0,-1.06,False
2017-10-08,USW00053853,678,353.2,324.8,4.53,True
2017-10-08,USW00063828,41,92.67,-51.67,-0.4,False
2017-10-08,USW00063829,76,86.49,-10.49,0.14,False
2017-10-08,USW00063870,851,421.07,429.93,5.9,True
2017-10-08,USW00063871,69,275.24,-206.24,-2.42,False
2017-10-08,USW00063872,208,212.44,-4.44,0.22,False
2017-10-08,USW00073802,804,593.75,210.25,3.03,False
2017-10-08,USW00073805,315,267.96,47.04,0.89,False
2017-10-08,USW00093805,132,82.17,49.83,0.93,False
2017-10-08,USW00093842,300,89.96,210.04,3.03,False
2017-10-08,USW00093845,196,101.0,95.0,1.52,False
2017-10-09,US1ALCF0004,56,291.73,-235.73,-2.08,False
2017-10-09,US1ALCS0003,5,377.66,-372.66,-3.44,False
2017-10-09,US1ALCS0007,483,283.0,200.0,2.26,False
2017-10-09,US1ALEL0004,142,264.92,-122.92,-0.95,False
2017-10-09,US1ALEL0018,69,346.22,-277.22,-2.49,False
2017-10-09,US1ALEL0022,79,293.98,-214.98,-1.87,False
2017-10-09,US1ALEL0024,180,260.59,-80.59,-0.53,False
2017-10-09,US1ALHS0013,193,147.59,45.41,0.72,False
2017-10-09,US1ALLE0007,625,498.97,126.03,1.52,False
2017-10-09,US1ALLE0014,864,432.5,431.5,4.57,True
2017-10-09,US1ALMC0003,97,418.31,-321.31,-2.93,False
2017-10-09,US1ALMY0006,102,379.92,-277.92,-2.5,False
2017-10-09,US1ALMY0009,521,323.28,197.72,2.24,False
2017-10-09,US1ALMY0011,218,343.76,-125.76,-0.98,False
2017-10-09,US1ALRS0001,655,388.51,266.49,2.92,False
2017-10-09,US1ALRS0003,549,396.52,152.48,1.79,False
2017-10-09,US1FLBY0007,221,127.49,93.51,1.2,False
2017-10-09,US1FLBY0010,48,169.7,-121.7,-0.94,False
2017-10-09,US1FLBY0011,94,176.36,-82.36,-0.55,False
2017-10-09,US1FLBY0013,0,109.76,-109.76,-0.82,False
2017-10-09,US1FLBY0015,15,106.95,-91.95,-0.65,False
2017-10-09,US1FLBY0016,41,114.57,-73.57,-0.46,False
2017-10-09,US1FLDX0002,43,67.78,-24.78,0.02,False
2017-10-09,US1FLFR0002,3,14.46,-11.46,0.16,False
2017-10-09,US1FLFR0003,10,32.61,-22.61,0.04,False
2017-10-09,US1FLFR0006,0,23.27,-23.27,0.04,False
2017-10-09,US1FLGD0001,25,44.7,-19.7,0.07,False
2017-10-09,US1FLGD0002,25,78.24,-53.24,-0.26,False
2017-10-09,US1FLGD0003,20,47.23,-27.23,-0.0,False
2017-10-09,US1FLGD0004,33,65.53,-32.53,-0.05,False
2017-10-09,US1FLHM0004,523,169.97,353.03,3.78,True
2017-10-09,US1FLJF0003,152,111.04,40.96,0.68,False
2017-10-09,US1FLJF0005,97,88.66,8.34,0.35,False
2017-10-09,US1FLJF0007,46,119.64,-73.64,-0.46,False
2017-10-09,US1FLJF0009,69,119.38,-50.38,-0.23,False
2017-10-09,US1FLJF0010,43,109.64,-66.64,-0.39,False
2017-10-09,US1FLJK0002,25,98.45,-73.45,-0.46,False
2017-10-09,US1FLJK0003,23,63.47,-40.47,-0.13,False
2017-10-09,US1FLLB0003,43,61.75,-18.75,0.08,False
2017-10-09,US1FLLN0004,168,93.39,74.61,1.01,False
2017-10-09,US1FLLN0010,102,82.88,19.12,0.46,False
2017-10-09,US1FLLN0017,48,84.05,-36.05,-0.09,False
2017-10-09,US1FLLN0018,5,72.44,-67.44,-0.4,False
2017-10-09,US1FLLN0025,56,82.15,-26.15,0.01,False
2017-10-09,US1FLLN0028,15,100.5,-85.5,-0.58,False
2017-10-09,US1FLLN0031,211,104.77,106.23,1.33,False
2017-10-09,US1FLLN0034,25,109.34,-84.34,-0.57,False
2017-10-09,US1FLLN0037,112,79.97,32.03,0.59,False
2017-10-09,US1FLLN0041,178,79.5,98.5,1.25,False
2017-10-09,US1FLLN0045,147,106.64,40.36,0.67,False
2017-10-09,US1FLLN0047,142,115.7,26.3,0.53,False
2017-10-09,US1FLLN0051,79,98.07,-19.07,0.08,False
2017-10-09,US1FLLN0055,56,113.35,-57.35,-0.3,False
2017-10-09,US1FLLN0060,196,103.16,92.84,1.19,False
2017-10-09,US1FLLN0063,140,112.52,27.48,0.54,False
2017-10-09,US1FLLN0065,147,110.78,36.22,0.63,False
2017-10-09,US1FLLN0066,188,89.84,98.16,1.25,False
2017-10-09,US1FLOK0001,668,450.43,217.57,2.44,False
2017-10-09,US1FLOK0002,632,533.83,98.17,1.25,False
2017-10-09,US1FLOK0015,442,494.64,-52.64,-0.25,False
2017-10-09,US1FLOK0020,483,498.6,-15.6,0.11,False
2017-10-09,US1FLOK0033,267,313.64,-46.64,-0.19,False
2017-10-09,US1FLOK0037,597,488.94,108.06,1.35,False
2017-10-09,US1FLSW0008,231,181.68,49.32,0.76,False
2017-10-09,US1FLTY0004,10,81.07,-71.07,-0.44,False
2017-10-09,US1FLWK0009,152,86.48,65.52,0.92,False
2017-10-09,US1FLWK0010,114,90.68,23.32,0.5,False
2017-10-09,US1FLWS0001,142,214.66,-72.66,-0.45,False
2017-10-09,US1FLWS0003,102,152.94,-50.94,-0.24,False
2017-10-09,US1FLWT0003,274,281.32,-7.32,0.2,False
2017-10-09,US1FLWT0005,439,338.95,100.05,1.27,False
2017-10-09,US1FLWT0006,577,386.22,190.78,2.17,False
2017-10-09,US1FLWT0013,610,377.99,232.01,2.58,False
2017-10-09,US1FLWT0014,13,191.8,-178.8,-1.51,False
2017-10-09,US1GABB0006,320,152.63,167.37,1.94,False
2017-10-09,US1GABB0016,201,168.79,32.21,0.59,False
2017-10-09,US1GABB0019,325,159.56,165.44,1.92,False
2017-10-09,US1GABD0001,165,153.67,11.33,0.38,False
2017-10-09,US1GABH0002,297,92.42,204.58,2.31,False
2017-10-09,US1GABL0001,127,125.14,1.86,0.29,False
2017-10-09,US1GACQ0001,0,126.47,-126.47,-0.99,False
2017-10-09,US1GACQ0002,411,93.59,317.41,3.43,False
2017-10-09,US1GACQ0009,58,110.86,-52.86,-0.26,False
2017-10-09,US1GACY0002,168,149.57,18.43,0.45,False
2017-10-09,US1GADC0003,10,69.41,-59.41,-0.32,False
2017-10-09,US1GADG0004,142,99.84,42.16,0.69,False
2017-10-09,US1GADG0005,30,104.29,-74.29,-0.47,False
2017-10-09,US1GADH0001,0,44.77,-44.77,-0.18,False
2017-10-09,US1GAGY0002,13,83.29,-70.29,-0.43,False
2017-10-09,US1GAGY0003,10,89.82,-79.82,-0.52,False
2017-10-09,US1GAHR0002,508,463.2,44.8,0.72,False
2017-10-09,US1GAHS0003,112,94.36,17.64,0.45,False
2017-10-09,US1GAHS0005,127,122.38,4.62,0.32,False
2017-10-09,US1GAHS0011,140,126.79,13.21,0.4,False
2017-10-09,US1GAHS0015,188,124.44,63.56,0.9,False
2017-10-09,US1GAHS0016,114,126.08,-12.08,0.15,False
2017-10-09,US1GAHS0017,130,146.22,-16.22,0.11,False
2017-10-09,US1GAJN0006,188,178.58,9.42,0.36,False
2017-10-09,US1GALW0004,122,198.81,-76.81,-0.49,False
2017-10-09,US1GALW0007,38,230.43,-192.43,-1.65,False
2017-10-09,US1GALW0013,381,223.74,157.26,1.84,False
2017-10-09,US1GALW0014,254,237.61,16.39,0.43,False
2017-10-09,US1GALW0015,279,231.92,47.08,0.74,False
2017-10-09,US1GALW0016,254,221.32,32.68,0.6,False
2017-10-09,US1GALW0017,508,175.86,332.14,3.58,True
2017-10-09,US1GALW0018,279,223.11,55.89,0.83,False
2017-10-09,US1GALW0019,279,221.8,57.2,0.84,False
2017-10-09,US1GAMN0010,76,183.93,-107.93,-0.8,False
2017-10-09,US1GAMN0015,86,183.46,-97.46,-0.7,False
2017-10-09,US1GAMS0004,409,330.58,78.42,1.05,False
2017-10-09,US1GAMT0005,10,82.45,-72.45,-0.45,False
2017-10-09,US1GAPE0001,56,146.38,-90.38,-0.63,False
2017-10-09,US1GAPE0003,325,114.25,210.75,2.37,False
2017-10-09,US1GASM0002,0,70.0,-70.0,-0.43,False
2017-10-09,US1GASR0005,18,79.52,-61.52,-0.34,False
2017-10-09,US1GASY0003,0,140.65,-140.65,-1.13,False
2017-10-09,US1GATF0006,58,118.7,-60.7,-0.33,False
2017-10-09,US1GATG0001,165,135.05,29.95,0.57,False
2017-10-09,US1GATH0004,203,112.35,90.65,1.17,False
2017-10-09,US1GATH0008,145,120.9,24.1,0.51,False
2017-10-09,US1GATL0001,13,41.48,-28.48,-0.01,False
2017-10-09,US1GATP0001,554,537.25,16.75,0.44,False
2017-10-09,US1GATP0002,699,565.31,133.69,1.6,False
2017-10-09,US1GATY0001,104,227.58,-123.58,-0.96,False
2017-10-09,US1GATY0002,122,161.69,-39.69,-0.13,False
2017-10-09,US1GAUP0001,257,240.78,16.22,0.43,False
2017-10-09,USC00010160,333,379.89,-46.89,-0.2,False
2017-10-09,USC00010425,686,566.69,119.31,1.46,False
2017-10-09,USC00012730,0,285.27,-285.27,-2.57,False
2017-10-09,USC00013251,572,233.71,338.29,3.64,True
2017-10-09,USC00013818,762,232.07,529.93,5.55,True
2017-10-09,USC00014080,117,426.64,-309.64,-2.81,False
2017-10-09,USC00014502,1092,543.25,548.75,5.73,True
2017-10-09,USC00015172,157,370.38,-213.38,-1.85,False
2017-10-09,USC00015553,549,316.73,232.27,2.58,False
2017-10-09,USC00016129,1176,493.32,682.68,7.07,True
2017-10-09,USC00017020,76,328.27,-252.27,-2.24,False
2017-10-09,USC00018038,330,344.63,-14.63,0.12,False
2017-10-09,USC00018323,1224,276.22,947.78,9.71,True
2017-10-09,USC00018653,348,398.48,-50.48,-0.23,False
2017-10-09,USC00081544,117,147.26,-30.26,-0.03,False
2017-10-09,USC00082008,94,11.16,82.84,1.09,False
2017-10-09,USC00085539,140,156.6,-16.6,0.1,False
2017-10-09,USC00085880,155,110.41,44.59,0.71,False
2017-10-09,USC00086240,635,532.51,102.49,1.29,False
2017-10-09,USC00086842,0,112.22,-112.22,-0.85,False
2017-10-09,USC00087025,3,85.41,-82.41,-0.55,False
2017-10-09,USC00087429,140,59.44,80.56,1.07,False
2017-10-09,USC00088756,43,75.85,-32.85,-0.06,False
2017-10-09,USC00089566,0,49.45,-49.45,-0.22,False
2017-10-09,USC00090140,0,40.37,-40.37,-0.13,False
2017-10-09,USC00090253,38,80.58,-42.58,-0.15,False
2017-10-09,USC00091372,30,220.94,-190.94,-1.63,False
2017-10-09,USC00091463,0,86.09,-86.09,-0.59,False
2017-10-09,USC00091500,18,79.4,-61.4,-0.34,False
2017-10-09,USC00092159,361,269.2,91.8,1.18,False
2017-10-09,USC00092266,8,84.49,-76.49,-0.49,False
2017-10-09,USC00092361,38,63.13,-25.13,0.02,False
2017-10-09,USC00092450,43,124.08,-81.08,-0.54,False
2017-10-09,USC00092738,0,70.67,-70.67,-0.43,False
2017-10-09,USC00092966,0,110.44,-110.44,-0.83,False
2017-10-09,USC00093658,114,212.2,-98.2,-0.71,False
2017-10-09,USC00094170,224,111.89,112.11,1.39,False
2017-10-09,USC00095061,28,49.44,-21.44,0.06,False
2017-10-09,USC00095979,0,127.91,-127.91,-1.0,False
2017-10-09,USC00096087,0,125.3,-125.3,-0.98,False
2017-10-09,USC00097087,0,105.16,-105.16,-0.78,False
2017-10-09,USC00098535,130,304.13,-174.13,-1.46,False
2017-10-09,USC00098661,213,239.95,-26.95,0.0,False
2017-10-09,USC00098703,81,103.32,-22.32,0.05,False
2017-10-09,USC00099124,0,128.59,-128.59,-1.01,False
2017-10-09,USC00099291,1582,504.8,1077.2,10.99,True
2017-10-09,USC00099506,490,390.56,99.44,1.26,False
2017-10-09,USW00003813,0,143.1,-143.1,-1.15,False
2017-10-09,USW00003818,0,69.71,-69.71,-0.42,False
2017-10-09,USW00012832,0,16.52,-16.52,0.11,False
2017-10-09,USW00012833,3,92.1,-89.1,-0.62,False
2017-10-09,USW00013829,267,390.98,-123.98,-0.96,False
2017-10-09,USW00013839,81,184.96,-103.96,-0.77,False
2017-10-09,USW00013869,36,32.78,3.22,0.3,False
2017-10-09,USW00013895,145,331.53,-186.53,-1.59,False
2017-10-09,USW00023801,312,665.85,-353.85,-3.25,False
2017-10-09,USW00053843,201,381.36,-180.36,-1.53,False
2017-10-09,USW00053853,79,373.35,-294.35,-2.66,False
2017-10-09,USW00063828,0,54.8,-54.8,-0.28,False
2017-10-09,USW00063829,0,58.71,-58.71,-0.31,False
2017-10-09,USW00063870,46,359.25,-313.25,-2.85,False
2017-10-09,USW00063871,36,177.69,-141.69,-1.14,False
2017-10-09,USW00063872,224,207.0,17.0,0.44,False
2017-10-09,USW00073802,130,486.75,-356.75,-3.28,False
2017-10-09,USW00073805,0,171.57,-171.57,-1.44,False
2017-10-09,USW00093805,3,85.07,-82.07,-0.55,False
2017-10-09,USW00093842,160,388.31,-228.31,-2.0,False
2017-10-09,USW00093845,0,262.61,-262.61,-2.34,False
2017-10-10,US1ALAT0013,33,56.41,-23.41,-0.84,False
2017-10-10,US1ALAT0014,51,54.64,-3.64,0.31,False
2017-10-10,US1ALCF0004,0,194.02,-194.02,-10.78,True
2017-10-10,US1ALCS0003,20,59.09,-39.09,-1.75,False
2017-10-10,US1ALCS0007,38,62.02,-24.02,-0.88,False
2017-10-10,US1ALEL0004,69,48.05,20.95,1.75,False
2017-10-10,US1ALEL0018,46,60.64,-14.64,-0.33,False
2017-10-10,US1ALEL0022,61,54.99,6.01,0.87,False
2017-10-10,US1ALEL0024,23,59.66,-36.66,-1.61,False
2017-10-10,US1ALHS0013,53,30.11,22.89,1.86,False
2017-10-10,US1ALLE0007,114,55.45,58.55,3.94,True
2017-10-10,US1ALMC0003,25,60.86,-35.86,-1.57,False
2017-10-10,US1ALMY0006,56,70.19,-14.19,-0.3,False
2017-10-10,US1ALMY0009,193,41.61,151.39,9.35,True
2017-10-10,US1ALMY0011,165,49.28,115.72,7.27,True
2017-10-10,US1ALRS0001,13,60.93,-47.93,-2.27,False
2017-10-10,US1ALRS0003,13,53.02,-40.02,-1.81,False
2017-10-10,US1ALTP0007,0,51.42,-51.42,-2.47,False
2017-10-10,US1FLBY0007,48,21.66,26.34,2.06,False
2017-10-10,US1FLBY0010,0,11.79,-11.79,-0.16,False
2017-10-10,US1FLBY0011,53,19.78,33.22,2.46,False
2017-10-10,US1FLBY0013,0,6.43,-6.43,0.15,False
2017-10-10,US1FLBY0015,0,7.91,-7.91,0.06,False
2017-10-10,US1FLBY0016,0,6.14,-6.14,0.17,False
2017-10-10,US1FLDX0002,0,18.88,-18.88,-0.58,False
2017-10-10,US1FLFR0002,0,2.0,-2.0,0.41,False
2017-10-10,US1FLFR0003,0,5.1,-5.1,0.23,False
2017-10-10,US1FLFR0006,0,2.1,-2.1,0.4,False
2017-10-10,US1FLGD0001,8,8.6,-0.6,0.49,False
2017-10-10,US1FLGD0002,145,5.64,139.36,8.65,True
2017-10-10,US1FLGD0003,8,8.64,-0.64,0.49,False
2017-10-10,US1FLGD0004,0,9.97,-9.97,-0.06,False
2017-10-10,US1FLJF0003,0,6.44,-6.44,0.15,False
2017-10-10,US1FLJF0005,0,4.24,-4.24,0.28,False
2017-10-10,US1FLJF0007,0,7.03,-7.03,0.11,False
2017-10-10,US1FLJF0009,10,7.0,3.0,0.7,False
2017-10-10,US1FLJF0010,0,4.27,-4.27,0.28,False
2017-10-10,US1FLJK0002,0,17.96,-17.96,-0.52,False
2017-10-10,US1FLJK0003,10,16.05,-6.05,0.17,False
2017-10-10,US1FLLB0003,0,7.24,-7.24,0.1,False
2017-10-10,US1FLLN0004,0,7.14,-7.14,0.11,False
2017-10-10,US1FLLN0010,8,10.42,-2.42,0.38,False
2017-10-10,US1FLLN0018,0,10.46,-10.46,-0.09,False
2017-10-10,US1FLLN0025,0,8.99,-8.99,0.0,False
2017-10-10,US1FLLN0031,0,7.49,-7.49,0.09,False
2017-10-10,US1FLLN0041,0,9.21,-9.21,-0.01,False
2017-10-10,US1FLLN0045,0,6.96,-6.96,0.12,False
2017-10-10,US1FLLN0047,0,5.04,-5.04,0.23,False
2017-10-10,US1FLLN0055,3,5.9,-2.9,0.36,False
2017-10-10,US1FLLN0059,3,5.66,-2.66,0.37,False
2017-10-10,US1FLLN0060,0,5.66,-5.66,0.19,False
2017-10-10,US1FLLN0063,3,4.33,-1.33,0.45,False
2017-10-10,US1FLLN0064,0,8.61,-8.61,0.02,False
2017-10-10,US1FLLN0065,0,6.38,-6.38,0.15,False
2017-10-10,US1FLLN0066,0,7.09,-7.09,0.11,False
2017-10-10,US1FLOK0001,0,2.72,-2.72,0.37,False
2017-10-10,US1FLOK0002,8,1.73,6.27,0.89,False
2017-10-10,US1FLOK0003,0,5.69,-5.69,0.19,False
2017-10-10,US1FLOK0015,0,2.6,-2.6,0.37,False
2017-10-10,US1FLOK0020,0,3.18,-3.18,0.34,False
2017-10-10,US1FLOK0033,0,2.52,-2.52,0.38,False
2017-10-10,US1FLOK0037,10,1.1,8.9,1.04,False
2017-10-10,US1FLSW0008,13,10.64,2.36,0.66,False
2017-10-10,US1FLTY0004,0,3.73,-3.73,0.31,False
2017-10-10,US1FLWK0009,0,5.81,-5.81,0.19,False
2017-10-10,US1FLWK0010,0,6.21,-6.21,0.16,False
2017-10-10,US1FLWS0001,0,15.11,-15.11,-0.36,False
2017-10-10,US1FLWT0003,0,5.16,-5.16,0.22,False
2017-10-10,US1FLWT0005,0,16.97,-16.97,-0.47,False
2017-10-10,US1FLWT0006,0,12.38,-12.38,-0.2,False
2017-10-10,US1FLWT0013,3,11.26,-8.26,0.04,False
2017-10-10,US1FLWT0014,0,8.32,-8.32,0.04,False
2017-10-10,US1GABB0016,8,45.56,-37.56,-1.66,False
2017-10-10,US1GABB0019,46,50.8,-4.8,0.24,False
2017-10-10,US1GABD0001,0,43.48,-43.48,-2.01,False
2017-10-10,US1GABL0001,0,20.73,-20.73,-0.68,False
2017-10-10,US1GACQ0001,135,9.13,125.87,7.86,True
2017-10-10,US1GACQ0002,3,15.28,-12.28,-0.19,False
2017-10-10,US1GACY0002,10,27.67,-17.67,-0.51,False
2017-10-10,US1GADG0004,0,11.73,-11.73,-0.16,False
2017-10-10,US1GADG0005,18,7.44,10.56,1.14,False
2017-10-10,US1GADH0001,69,16.32,52.68,3.59,True
2017-10-10,US1GAGY0002,0,11.13,-11.13,-0.12,False
2017-10-10,US1GAGY0003,0,9.64,-9.64,-0.04,False
2017-10-10,US1GAHS0003,5,25.71,-20.71,-0.68,False
2017-10-10,US1GAHS0005,0,27.5,-27.5,-1.08,False
2017-10-10,US1GAHS0011,20,37.43,-17.43,-0.49,False
2017-10-10,US1GAHS0016,3,26.67,-23.67,-0.86,False
2017-10-10,US1GAHS0017,0,37.23,-37.23,-1.65,False
2017-10-10,US1GAJN0006,10,46.28,-36.28,-1.59,False
2017-10-10,US1GALE0002,0,26.03,-26.03,-0.99,False
2017-10-10,US1GALW0004,36,6.48,29.52,2.24,False
2017-10-10,US1GALW0007,0,7.09,-7.09,0.11,False
2017-10-10,US1GALW0008,0,13.81,-13.81,-0.28,False
2017-10-10,US1GALW0013,0,7.18,-7.18,0.11,False
2017-10-10,US1GALW0014,0,9.26,-9.26,-0.02,False
2017-10-10,US1GALW0015,0,6.14,-6.14,0.17,False
2017-10-10,US1GALW0016,53,3.28,49.72,3.42,False
2017-10-10,US1GALW0017,3,6.27,-3.27,0.33,False
2017-10-10,US1GALW0018,0,10.48,-10.48,-0.09,False
2017-10-10,US1GALW0019,3,5.25,-2.25,0.39,False
2017-10-10,US1GAMN0010,119,108.59,10.41,1.13,False
2017-10-10,US1GAMN0015,23,92.68,-69.68,-3.54,True
2017-10-10,US1GAMS0004,41,29.35,11.65,1.2,False
2017-10-10,US1GAMT0005,0,15.37,-15.37,-0.37,False
2017-10-10,US1GAPE0001,3,55.57,-52.57,-2.54,False
2017-10-10,US1GAPE0003,20,43.14,-23.14,-0.82,False
2017-10-10,US1GASM0002,0,9.6,-9.6,-0.04,False
2017-10-10,US1GASR0005,18,35.79,-17.79,-0.51,False
2017-10-10,US1GASY0003,5,57.9,-52.9,-2.56,False
2017-10-10,US1GATF0006,0,12.78,-12.78,-0.22,False
2017-10-10,US1GATG0001,0,43.93,-43.93,-2.04,False
2017-10-10,US1GATH0004,0,9.52,-9.52,-0.03,False
2017-10-10,US1GATH0008,3,9.5,-6.5,0.15,False
2017-10-10,US1GATL0001,33,23.14,9.86,1.1,False
2017-10-10,US1GATP0001,274,130.38,143.62,8.9,True
2017-10-10,US1GATP0002,206,127.15,78.85,5.12,True
2017-10-10,US1GATY0001,320,97.66,222.34,13.48,True
2017-10-10,US1GATY0002,38,77.36,-39.36,-1.77,False
2017-10-10,US1GAUP0001,470,298.23,171.77,10.54,True
2017-10-10,USC00010160,3,51.95,-48.95,-2.33,False
2017-10-10,USC00010425,0,55.09,-55.09,-2.69,False
2017-10-10,USC00012377,8,35.74,-27.74,-1.09,False
2017-10-10,USC00012675,508,13.08,494.92,29.37,True
2017-10-10,USC00012730,0,31.96,-31.96,-1.34,False
2017-10-10,USC00013251,13,36.8,-23.8,-0.86,False
2017-10-10,USC00013761,20,36.79,-16.79,-0.45,False
2017-10-10,USC00013818,147,45.57,101.43,6.44,True
2017-10-10,USC00014080,13,50.51,-37.51,-1.66,False
2017-10-10,USC00014502,13,71.37,-58.37,-2.88,False
2017-10-10,USC00015172,0,58.64,-58.64,-2.89,False
2017-10-10,USC00015553,0,69.73,-69.73,-3.54,True
2017-10-10,USC00016129,109,44.19,64.81,4.3,True
2017-10-10,USC00017020,13,55.43,-42.43,-1.95,False
2017-10-10,USC00018038,0,74.28,-74.28,-3.81,True
2017-10-10,USC00018323,140,34.78,105.22,6.66,True
2017-10-10,USC00018653,391,42.43,348.57,20.84,True
2017-10-10,USC00081544,0,17.32,-17.32,-0.49,False
2017-10-10,USC00082008,41,0.39,40.61,2.89,False
2017-10-10,USC00082391,13,7.5,5.5,0.84,False
2017-10-10,USC00085377,0,10.33,-10.33,-0.08,False
2017-10-10,USC00085539,25,8.09,16.91,1.51,False
2017-10-10,USC00085880,0,6.1,-6.1,0.17,False
2017-10-10,USC00086240,0,5.54,-5.54,0.2,False
2017-10-10,USC00086842,0,6.71,-6.71,0.13,False
2017-10-10,USC00087025,0,3.81,-3.81,0.3,False
2017-10-10,USC00087429,0,12.05,-12.05,-0.18,False
2017-10-10,USC00088756,3,16.67,-13.67,-0.27,False
2017-10-10,USC00089566,0,8.34,-8.34,0.04,False
2017-10-10,USC00090140,8,21.44,-13.44,-0.26,False
2017-10-10,USC00090253,43,31.43,11.57,1.2,False
2017-10-10,USC00091463,0,9.93,-9.93,-0.05,False
2017-10-10,USC00091500,0,14.48,-14.48,-0.32,False
2017-10-10,USC00092159,0,25.29,-25.29,-0.95,False
2017-10-10,USC00092266,102,21.67,80.33,5.21,True
2017-10-10,USC00092361,0,28.79,-28.79,-1.15,False
2017-10-10,USC00092450,0,27.51,-27.51,-1.08,False
2017-10-10,USC00092738,0,20.65,-20.65,-0.68,False
2017-10-10,USC00092966,0,13.97,-13.97,-0.29,False
2017-10-10,USC00093658,124,19.01,104.99,6.64,True
2017-10-10,USC00094170,25,25.91,-0.91,0.47,False
2017-10-10,USC00095061,0,25.84,-25.84,-0.98,False
2017-10-10,USC00095979,33,53.57,-20.57,-0.67,False
2017-10-10,USC00096087,0,19.3,-19.3,-0.6,False
2017-10-10,USC00096148,36,72.15,-36.15,-1.58,False
2017-10-10,USC00097087,38,34.38,3.62,0.74,False
2017-10-10,USC00098535,0,115.17,-115.17,-6.19,True
2017-10-10,USC00098657,470,297.72,172.28,10.57,True
2017-10-10,USC00098661,447,160.08,286.92,17.25,True
2017-10-10,USC00098703,0,15.22,-15.22,-0.36,False
2017-10-10,USC00099124,0,26.08,-26.08,-1.0,False
2017-10-10,USC00099291,102,102.79,-0.79,0.48,False
2017-10-10,USC00099506,198,143.14,54.86,3.72,True
2017-10-10,USW00003813,3,42.37,-39.37,-1.77,False
2017-10-10,USW00003818,3,18.46,-15.46,-0.38,False
2017-10-10,USW00003878,0,68.93,-68.93,-3.49,False
2017-10-10,USW00003892,0,57.04,-57.04,-2.8,False
2017-10-10,USW00012832,0,1.39,-1.39,0.44,False
2017-10-10,USW00012833,0,36.8,-36.8,-1.62,False
2017-10-10,USW00013829,51,64.84,-13.84,-0.28,False
2017-10-10,USW00013839,0,38.96,-38.96,-1.75,False
2017-10-10,USW00013869,0,22.24,-22.24,-0.77,False
2017-10-10,USW00013895,0,64.83,-64.83,-3.25,False
2017-10-10,USW00023801,0,79.29,-79.29,-4.1,True
2017-10-10,USW00053843,18,48.8,-30.8,-1.27,False
2017-10-10,USW00053853,0,2.52,-2.52,0.38,False
2017-10-10,USW00063828,141,13.98,127.02,7.93,True
2017-10-10,USW00063829,5,22.4,-17.4,-0.49,False
2017-10-10,USW00063870,0,27.59,-27.59,-1.08,False
2017-10-10,USW00063872,0,33.05,-33.05,-1.4,False
2017-10-10,USW00073802,0,98.59,-98.59,-5.22,True
2017-10-10,USW00073805,0,9.32,-9.32,-0.02,False
2017-10-10,USW00093805,61,4.84,56.16,3.8,True
2017-10-10,USW00093842,0,24.8,-24.8,-0.92,False
2017-10-10,USW00093845,0,7.62,-7.62,0.08,False
2017-10-11,US1ALCF0004,5,22.1,-17.1,-0.41,False
2017-10-11,US1ALCS0007,5,0.81,4.19,1.09,False
2017-10-11,US1ALEL0004,0,1.16,-1.16,0.71,False
2017-10-11,US1ALEL0018,0,1.35,-1.35,0.7,False
2017-10-11,US1ALEL0022,0,1.22,-1.22,0.71,False
2017-10-11,US1ALEL0024,0,1.29,-1.29,0.7,False
2017-10-11,US1ALHS0013,0,27.0,-27.0,-1.1,False
2017-10-11,US1ALLE0007,3,0.87,2.13,0.94,False
2017-10-11,US1ALMC0003,0,1.25,-1.25,0.71,False
2017-10-11,US1ALMY0006,0,1.81,-1.81,0.67,False
2017-10-11,US1ALMY0007,0,1.98,-1.98,0.66,False
2017-10-11,US1ALMY0011,5,1.81,3.19,1.02,False
2017-10-11,US1ALRS0001,0,3.16,-3.16,0.57,False
2017-10-11,US1ALRS0003,10,2.82,7.18,1.3,False
2017-10-11,US1ALTP0007,0,0.95,-0.95,0.73,False
2017-10-11,US1FLBY0007,0,11.9,-11.9,-0.04,False
2017-10-11,US1FLBY0010,0,14.56,-14.56,-0.23,False
2017-10-11,US1FLBY0011,0,11.93,-11.93,-0.04,False
2017-10-11,US1FLBY0013,0,15.32,-15.32,-0.28,False
2017-10-11,US1FLBY0015,8,24.52,-16.52,-0.37,False
2017-10-11,US1FLBY0016,15,12.87,2.13,0.94,False
2017-10-11,US1FLDX0002,0,19.9,-19.9,-0.6,False
2017-10-11,US1FLFR0002,0,126.66,-126.66,-8.1,True
2017-10-11,US1FLFR0003,0,39.26,-39.26,-1.96,False
2017-10-11,US1FLFR0006,0,44.37,-44.37,-2.32,False
2017-10-11,US1FLGD0002,0,22.49,-22.49,-0.79,False
2017-10-11,US1FLGD0004,0,21.75,-21.75,-0.73,False
2017-10-11,US1FLJF0003,0,23.85,-23.85,-0.88,False
2017-10-11,US1FLJF0005,0,15.21,-15.21,-0.27,False
2017-10-11,US1FLJF0007,0,21.29,-21.29,-0.7,False
2017-10-11,US1FLJF0009,0,20.42,-20.42,-0.64,False
2017-10-11,US1FLJF0010,0,14.78,-14.78,-0.24,False
2017-10-11,US1FLJK0002,0,29.47,-29.47,-1.28,False
2017-10-11,US1FLJK0003,15,25.98,-10.98,0.02,False
2017-10-11,US1FLLB0003,0,23.82,-23.82,-0.88,False
2017-10-11,US1FLLN0004,0,24.06,-24.06,-0.9,False
2017-10-11,US1FLLN0010,0,34.44,-34.44,-1.63,False
2017-10-11,US1FLLN0017,5,33.09,-28.09,-1.18,False
2017-10-11,US1FLLN0018,0,24.75,-24.75,-0.94,False
2017-10-11,US1FLLN0025,66,18.0,48.0,4.17,True
2017-10-11,US1FLLN0028,10,27.45,-17.45,-0.43,False
2017-10-11,US1FLLN0031,18,29.25,-11.25,0.0,False
2017-10-11,US1FLLN0041,10,24.01,-14.01,-0.19,False
2017-10-11,US1FLLN0045,165,17.9,147.1,11.13,True
2017-10-11,US1FLLN0047,0,16.11,-16.11,-0.34,False
2017-10-11,US1FLLN0051,3,25.3,-22.3,-0.77,False
2017-10-11,US1FLLN0055,0,21.7,-21.7,-0.73,False
2017-10-11,US1FLLN0060,0,19.87,-19.87,-0.6,False
2017-10-11,US1FLLN0063,0,16.74,-16.74,-0.38,False
2017-10-11,US1FLLN0064,3,25.51,-22.51,-0.79,False
2017-10-11,US1FLLN0065,53,24.08,28.92,2.83,False
2017-10-11,US1FLLN0066,0,27.64,-27.64,-1.15,False
2017-10-11,US1FLOK0001,0,6.68,-6.68,0.33,False
2017-10-11,US1FLOK0002,0,6.71,-6.71,0.32,False
2017-10-11,US1FLOK0003,0,4.74,-4.74,0.46,False
2017-10-11,US1FLOK0015,0,8.12,-8.12,0.22,False
2017-10-11,US1FLOK0020,0,8.48,-8.48,0.2,False
2017-10-11,US1FLOK0033,0,11.38,-11.38,-0.0,False
2017-10-11,US1FLOK0037,0,4.84,-4.84,0.46,False
2017-10-11,US1FLSW0008,51,17.72,33.28,3.13,False
2017-10-11,US1FLTY0004,0,12.79,-12.79,-0.1,False
2017-10-11,US1FLWK0009,0,22.19,-22.19,-0.76,False
2017-10-11,US1FLWK0010,0,23.1,-23.1,-0.83,False
2017-10-11,US1FLWS0001,0,29.03,-29.03,-1.24,False
2017-10-11,US1FLWT0003,0,21.82,-21.82,-0.74,False
2017-10-11,US1FLWT0005,462,28.37,433.63,31.26,True
2017-10-11,US1FLWT0006,84,82.65,1.35,0.89,False
2017-10-11,US1FLWT0013,137,71.06,65.94,5.43,True
2017-10-11,US1FLWT0014,0,16.51,-16.51,-0.37,False
2017-10-11,US1GABB0016,0,14.72,-14.72,-0.24,False
2017-10-11,US1GABD0001,30,9.51,20.49,2.23,False
2017-10-11,US1GABH0002,0,21.01,-21.01,-0.68,False
2017-10-11,US1GABL0001,0,23.88,-23.88,-0.88,False
2017-10-11,US1GACQ0001,0,14.68,-14.68,-0.24,False
2017-10-11,US1GACQ0002,0,17.82,-17.82,-0.46,False
2017-10-11,US1GACQ0009,0,14.05,-14.05,-0.19,False
2017-10-11,US1GACY0002,8,11.1,-3.1,0.58,False
2017-10-11,US1GADC0003,5,21.23,-16.23,-0.35,False
2017-10-11,US1GADG0004,165,17.5,147.5,11.16,True
2017-10-11,US1GADG0005,46,27.1,18.9,2.12,False
2017-10-11,US1GADH0001,3,19.87,-16.87,-0.39,False
2017-10-11,US1GAGY0002,0,19.47,-19.47,-0.57,False
2017-10-11,US1GAGY0003,0,18.65,-18.65,-0.52,False
2017-10-11,US1GAHR0005,0,3.62,-3.62,0.54,False
2017-10-11,US1GAHS0003,0,16.29,-16.29,-0.35,False
2017-10-11,US1GAHS0005,0,12.15,-12.15,-0.06,False
2017-10-11,US1GAHS0011,0,17.49,-17.49,-0.43,False
2017-10-11,US1GAHS0016,3,11.24,-8.24,0.22,False
2017-10-11,US1GAHS0017,0,14.71,-14.71,-0.24,False
2017-10-11,US1GAJN0006,0,12.66,-12.66,-0.09,False
2017-10-11,US1GALW0004,0,23.41,-23.41,-0.85,False
2017-10-11,US1GALW0007,64,10.84,53.16,4.53,True
2017-10-11,US1GALW0008,0,10.3,-10.3,0.07,False
2017-10-11,US1GALW0013,0,15.06,-15.06,-0.26,False
2017-10-11,US1GALW0014,0,11.0,-11.0,0.02,False
2017-10-11,US1GALW0015,0,13.68,-13.68,-0.17,False
2017-10-11,US1GALW0016,0,10.18,-10.18,0.08,False
2017-10-11,US1GALW0017,0,31.24,-31.24,-1.4,False
2017-10-11,US1GALW0018,0,11.02,-11.02,0.02,False
2017-10-11,US1GALW0019,0,14.9,-14.9,-0.25,False
2017-10-11,US1GAMN0010,0,13.09,-13.09,-0.12,False
2017-10-11,US1GAMN0015,25,9.76,15.24,1.87,False
2017-10-11,US1GAMS0004,3,1.98,1.02,0.87,False
2017-10-11,US1GAMT0005,0,16.96,-16.96,-0.4,False
2017-10-11,US1GAPE0001,0,15.49,-15.49,-0.29,False
2017-10-11,US1GAPE0003,0,15.93,-15.93,-0.32,False
2017-10-11,US1GASM0002,0,21.1,-21.1,-0.69,False
2017-10-11,US1GASR0005,3,18.91,-15.91,-0.32,False
2017-10-11,US1GASY0003,30,14.13,15.87,1.91,False
2017-10-11,US1GATF0006,0,15.99,-15.99,-0.33,False
2017-10-11,US1GATG0001,10,19.43,-9.43,0.13,False
2017-10-11,US1GATH0004,0,17.84,-17.84,-0.46,False
2017-10-11,US1GATL0001,221,9.05,211.95,15.69,True
2017-10-11,US1GATP0001,0,5.0,-5.0,0.44,False
2017-10-11,US1GATP0002,0,3.28,-3.28,0.56,False
2017-10-11,US1GATY0001,112,6.87,105.13,8.18,True
2017-10-11,US1GATY0002,0,17.43,-17.43,-0.43,False
2017-10-11,US1GAUP0001,0,5.11,-5.11,0.44,False
2017-10-11,US1GAWT0003,0,17.67,-17.67,-0.45,False
2017-10-11,USC00010160,0,1.03,-1.03,0.72,False
2017-10-11,USC00010425,0,0.87,-0.87,0.73,False
2017-10-11,USC00012124,0,1.17,-1.17,0.71,False
2017-10-11,USC00012377,0,23.23,-23.23,-0.84,False
2017-10-11,USC00012675,3,24.7,-21.7,-0.73,False
2017-10-11,USC00012730,0,5.97,-5.97,0.38,False
2017-10-11,USC00013251,0,32.14,-32.14,-1.46,False
2017-10-11,USC00013761,0,9.47,-9.47,0.13,False
2017-10-11,USC00013818,0,1.22,-1.22,0.71,False
2017-10-11,USC00014080,3,1.44,1.56,0.9,False
2017-10-11,USC00014502,0,0.68,-0.68,0.75,False
2017-10-11,USC00015172,0,1.45,-1.45,0.69,False
2017-10-11,USC00015553,0,2.35,-2.35,0.63,False
2017-10-11,USC00016129,0,0.86,-0.86,0.73,False
2017-10-11,USC00017020,0,1.35,-1.35,0.7,False
2017-10-11,USC00018038,0,1.58,-1.58,0.68,False
2017-10-11,USC00018323,0,0.88,-0.88,0.73,False
2017-10-11,USC00018653,0,1.31,-1.31,0.7,False
2017-10-11,USC00081544,102,19.89,82.11,6.56,True
2017-10-11,USC00082008,43,0.3,42.7,3.79,True
2017-10-11,USC00085377,36,18.8,17.2,2.0,False
2017-10-11,USC00085539,0,18.22,-18.22,-0.49,False
2017-10-11,USC00085880,99,18.63,80.37,6.44,True
2017-10-11,USC00086240,0,7.08,-7.08,0.3,False
2017-10-11,USC00086842,0,15.2,-15.2,-0.27,False
2017-10-11,USC00087025,0,12.91,-12.91,-0.11,False
2017-10-11,USC00087429,0,21.61,-21.61,-0.72,False
2017-10-11,USC00088756,64,57.76,6.24,1.23,False
2017-10-11,USC00090140,0,15.98,-15.98,-0.33,False
2017-10-11,USC00090253,0,18.26,-18.26,-0.49,False
2017-10-11,USC00091463,0,18.68,-18.68,-0.52,False
2017-10-11,USC00091500,0,19.71,-19.71,-0.59,False
2017-10-11,USC00092266,152,17.31,134.69,10.26,True
2017-10-11,USC00092361,18,27.39,-9.39,0.13,False
2017-10-11,USC00092450,0,17.06,-17.06,-0.4,False
2017-10-11,USC00092738,0,22.48,-22.48,-0.78,False
2017-10-11,USC00092966,0,36.34,-36.34,-1.76,False
2017-10-11,USC00093658,0,8.36,-8.36,0.21,False
2017-10-11,USC00094170,25,17.7,7.3,1.31,False
2017-10-11,USC00095061,0,28.54,-28.54,-1.21,False
2017-10-11,USC00095979,0,19.7,-19.7,-0.59,False
2017-10-11,USC00096087,0,14.16,-14.16,-0.2,False
2017-10-11,USC00096148,0,3.14,-3.14,0.57,False
2017-10-11,USC00097087,0,18.86,-18.86,-0.53,False
2017-10-11,USC00098535,0,11.15,-11.15,0.01,False
2017-10-11,USC00098657,0,5.19,-5.19,0.43,False
2017-10-11,USC00098661,0,10.57,-10.57,0.05,False
2017-10-11,USC00098703,0,16.34,-16.34,-0.35,False
2017-10-11,USC00099124,15,10.92,4.08,1.08,False
2017-10-11,USC00099291,0,2.86,-2.86,0.59,False
2017-10-11,USC00099506,0,7.95,-7.95,0.24,False
2017-10-11,USW00003813,66,10.98,55.02,4.66,True
2017-10-11,USW00003818,58,18.97,39.03,3.54,True
2017-10-11,USW00003878,0,1.08,-1.08,0.72,False
2017-10-11,USW00003892,0,0.79,-0.79,0.74,False
2017-10-11,USW00012832,193,1.11,191.89,14.28,True
2017-10-11,USW00012833,0,38.73,-38.73,-1.93,False
2017-10-11,USW00013829,0,7.07,-7.07,0.3,False
2017-10-11,USW00013839,0,21.03,-21.03,-0.68,False
2017-10-11,USW00013869,0,16.99,-16.99,-0.4,False
2017-10-11,USW00013895,20,0.66,19.34,2.15,False
2017-10-11,USW00023801,0,0.9,-0.9,0.73,False
2017-10-11,USW00053843,0,35.74,-35.74,-1.72,False
2017-10-11,USW00053853,0,11.54,-11.54,-0.02,False
2017-10-11,USW00063828,18,23.42,-5.42,0.41,False
2017-10-11,USW00063829,106,16.41,89.59,7.09,True
2017-10-11,USW00063870,0,55.81,-55.81,-3.13,False
2017-10-11,USW00063872,0,5.97,-5.97,0.38,False
2017-10-11,USW00073802,0,1.08,-1.08,0.72,False
2017-10-11,USW00073805,0,18.58,-18.58,-0.51,False
2017-10-11,USW00093805,246,21.61,224.39,16.56,True
2017-10-11,USW00093842,0,3.25,-3.25,0.57,False
2017-10-11,USW00093845,140,7.36,132.64,10.11,True
2017-10-12,US1ALAT0013,0,0.06,-0.06,0.55,False
2017-10-12,US1ALCF0004,0,5.75,-5.75,0.26,False
2017-10-12,US1ALCS0007,0,0.12,-0.12,0.55,False
2017-10-12,US1ALEL0004,0,0.05,-0.05,0.55,False
2017-10-12,US1ALEL0018,0,0.12,-0.12,0.55,False
2017-10-12,US1ALEL0022,0,0.06,-0.06,0.55,False
2017-10-12,US1ALEL0024,0,0.05,-0.05,0.55,False
2017-10-12,US1ALHS0013,0,32.28,-32.28,-1.12,False
2017-10-12,US1ALLE0007,0,0.2,-0.2,0.55,False
2017-10-12,US1ALMC0003,0,0.16,-0.16,0.55,False
2017-10-12,US1ALMY0006,3,0.0,3.0,0.71,False
2017-10-12,US1ALMY0007,0,0.09,-0.09,0.55,False
2017-10-12,US1ALMY0011,0,0.21,-0.21,0.55,False
2017-10-12,US1ALRS0001,0,2.72,-2.72,0.41,False
2017-10-12,US1ALRS0003,0,3.54,-3.54,0.37,False
2017-10-12,US1ALTP0007,0,0.08,-0.08,0.55,False
2017-10-12,US1FLBY0007,0,16.69,-16.69,-0.31,False
2017-10-12,US1FLBY0010,0,20.33,-20.33,-0.5,False
2017-10-12,US1FLBY0011,0,18.55,-18.55,-0.41,False
2017-10-12,US1FLBY0013,15,32.05,-17.05,-0.33,False
2017-10-12,US1FLBY0015,297,37.49,259.51,14.04,True
2017-10-12,US1FLBY0016,10,39.14,-29.14,-0.96,False
2017-10-12,US1FLDX0002,0,24.33,-24.33,-0.71,False
2017-10-12,US1FLFR0002,46,14.79,31.21,2.18,False
2017-10-12,US1FLFR0003,18,73.11,-55.11,-2.31,False
2017-10-12,US1FLFR0006,25,39.03,-14.03,-0.17,False
2017-10-12,US1FLGD0002,10,142.58,-132.58,-6.33,True
2017-10-12,US1FLGD0004,0,131.31,-131.31,-6.27,True
2017-10-12,US1FLJF0003,69,178.55,-109.55,-5.14,True
2017-10-12,US1FLJF0005,605,285.12,319.88,17.18,True
2017-10-12,US1FLJF0007,30,170.73,-140.73,-6.76,True
2017-10-12,US1FLJF0009,574,169.86,404.14,21.56,True
2017-10-12,US1FLJF0010,493,330.8,162.2,8.99,True
2017-10-12,US1FLJK0002,81,46.19,34.81,2.37,False
2017-10-12,US1FLJK0003,0,64.03,-64.03,-2.77,False
2017-10-12,US1FLLB0003,173,122.08,50.92,3.2,False
2017-10-12,US1FLLN0004,284,206.28,77.72,4.6,True
2017-10-12,US1FLLN0010,38,187.7,-149.7,-7.22,True
2017-10-12,US1FLLN0017,41,141.26,-100.26,-4.65,True
2017-10-12,US1FLLN0018,112,135.26,-23.26,-0.65,False
2017-10-12,US1FLLN0025,43,146.17,-103.17,-4.81,True
2017-10-12,US1FLLN0028,442,177.14,264.86,14.32,True
2017-10-12,US1FLLN0029,208,152.66,55.34,3.43,False
2017-10-12,US1FLLN0031,23,163.77,-140.77,-6.76,True
2017-10-12,US1FLLN0034,99,123.1,-24.1,-0.7,False
2017-10-12,US1FLLN0037,434,138.6,295.4,15.91,True
2017-10-12,US1FLLN0041,10,139.35,-129.35,-6.17,True
2017-10-12,US1FLLN0045,18,178.25,-160.25,-7.77,True
2017-10-12,US1FLLN0047,391,243.35,147.65,8.23,True
2017-10-12,US1FLLN0051,23,180.09,-157.09,-7.61,True
2017-10-12,US1FLLN0055,206,217.34,-11.34,-0.03,False
2017-10-12,US1FLLN0060,503,210.07,292.93,15.78,True
2017-10-12,US1FLLN0063,328,250.8,77.2,4.57,True
2017-10-12,US1FLLN0064,99,138.61,-39.61,-1.5,False
2017-10-12,US1FLLN0065,645,174.57,470.43,25.0,True
2017-10-12,US1FLLN0066,84,181.0,-97.0,-4.48,True
2017-10-12,US1FLOK0001,0,19.29,-19.29,-0.45,False
2017-10-12,US1FLOK0002,0,11.3,-11.3,-0.03,False
2017-10-12,US1FLOK0003,30,29.42,0.58,0.59,False
2017-10-12,US1FLOK0015,0,15.92,-15.92,-0.27,False
2017-10-12,US1FLOK0020,20,17.28,2.72,0.7,False
2017-10-12,US1FLOK0033,0,9.47,-9.47,0.06,False
2017-10-12,US1FLOK0037,58,16.81,41.19,2.7,False
2017-10-12,US1FLSW0008,71,128.78,-57.78,-2.45,False
2017-10-12,US1FLTY0004,112,151.88,-39.88,-1.52,False
2017-10-12,US1FLWK0009,25,153.16,-128.16,-6.1,True
2017-10-12,US1FLWK0010,74,145.81,-71.81,-3.18,False
2017-10-12,US1FLWS0001,0,30.24,-30.24,-1.02,False
2017-10-12,US1FLWS0003,46,41.74,4.26,0.78,False
2017-10-12,US1FLWT0003,0,19.36,-19.36,-0.45,False
2017-10-12,US1FLWT0005,0,14.29,-14.29,-0.19,False
2017-10-12,US1FLWT0006,0,11.36,-11.36,-0.03,False
2017-10-12,US1FLWT0013,0,10.94,-10.94,-0.01,False
2017-10-12,US1FLWT0014,0,19.91,-19.91,-0.48,False
2017-10-12,US1GABB0016,0,18.04,-18.04,-0.38,False
2017-10-12,US1GABD0001,84,23.72,60.28,3.69,True
2017-10-12,US1GABH0002,0,27.25,-27.25,-0.86,False
2017-10-12,US1GABL0001,0,24.67,-24.67,-0.73,False
2017-10-12,US1GACQ0001,0,88.83,-88.83,-4.06,True
2017-10-12,US1GACQ0002,0,88.98,-88.98,-4.07,True
2017-10-12,US1GACQ0009,0,74.46,-74.46,-3.31,False
2017-10-12,US1GACY0002,109,2.37,106.63,6.1,True
2017-10-12,US1GADC0003,180,112.3,67.7,4.07,True
2017-10-12,US1GADG0004,0,17.33,-17.33,-0.34,False
2017-10-12,US1GADG0005,0,16.23,-16.23,-0.29,False
2017-10-12,US1GADH0001,0,10.78,-10.78,-0.0,False
2017-10-12,US1GAGY0002,15,107.84,-92.84,-4.27,True
2017-10-12,US1GAGY0003,13,127.95,-114.95,-5.42,True
2017-10-12,US1GAHR0002,3,1.83,1.17,0.62,False
2017-10-12,US1GAHR0005,0,2.87,-2.87,0.41,False
2017-10-12,US1GAHS0003,0,25.24,-25.24,-0.76,False
2017-10-12,US1GAHS0005,127,36.05,90.95,5.28,True
2017-10-12,US1GAHS0011,0,22.49,-22.49,-0.61,False
2017-10-12,US1GAHS0016,112,41.39,70.61,4.23,True
2017-10-12,US1GAHS0017,0,30.79,-30.79,-1.04,False
2017-10-12,US1GAJN0006,0,17.83,-17.83,-0.37,False
2017-10-12,US1GALE0002,0,10.79,-10.79,-0.0,False
2017-10-12,US1GALW0004,10,117.38,-107.38,-5.02,True
2017-10-12,US1GALW0007,254,86.76,167.24,9.25,True
2017-10-12,US1GALW0008,74,113.74,-39.74,-1.51,False
2017-10-12,US1GALW0013,84,96.29,-12.29,-0.08,False
2017-10-12,US1GALW0014,114,107.03,6.97,0.92,False
2017-10-12,US1GALW0015,38,97.62,-59.62,-2.54,False
2017-10-12,US1GALW0016,160,98.23,61.77,3.77,True
2017-10-12,US1GALW0017,38,92.18,-54.18,-2.26,False
2017-10-12,US1GALW0018,173,98.59,74.41,4.42,True
2017-10-12,US1GALW0019,51,98.09,-47.09,-1.89,False
2017-10-12,US1GAMN0010,0,17.11,-17.11,-0.33,False
2017-10-12,US1GAMS0004,0,1.79,-1.79,0.46,False
2017-10-12,US1GAMT0005,0,80.42,-80.42,-3.62,True
2017-10-12,US1GAPE0001,0,19.81,-19.81,-0.47,False
2017-10-12,US1GAPE0003,0,25.29,-25.29,-0.76,False
2017-10-12,US1GASM0002,378,98.24,279.76,15.09,True
2017-10-12,US1GASR0005,0,8.47,-8.47,0.12,False
2017-10-12,US1GASY0003,0,10.92,-10.92,-0.01,False
2017-10-12,US1GATF0006,23,31.71,-8.71,0.1,False
2017-10-12,US1GATG0001,150,17.58,132.42,7.44,True
2017-10-12,US1GATH0004,3,120.1,-117.1,-5.53,True
2017-10-12,US1GATH0008,8,112.36,-104.36,-4.87,True
2017-10-12,US1GATL0001,0,13.08,-13.08,-0.12,False
2017-10-12,US1GATP0001,0,2.0,-2.0,0.45,False
2017-10-12,US1GATP0002,0,1.61,-1.61,0.47,False
2017-10-12,US1GATY0001,51,8.77,42.23,2.75,False
2017-10-12,US1GATY0002,0,11.82,-11.82,-0.06,False
2017-10-12,US1GAUP0001,0,6.38,-6.38,0.22,False
2017-10-12,US1GAWT0003,0,25.99,-25.99,-0.79,False
2017-10-12,USC00010160,0,0.08,-0.08,0.55,False
2017-10-12,USC00010425,0,0.19,-0.19,0.55,False
2017-10-12,USC00012124,0,0.16,-0.16,0.55,False
2017-10-12,USC00012377,0,28.22,-28.22,-0.91,False
2017-10-12,USC00012675,0,4.17,-4.17,0.34,False
2017-10-12,USC00012730,0,5.23,-5.23,0.28,False
2017-10-12,USC00013251,0,22.3,-22.3,-0.6,False
2017-10-12,USC00013761,0,22.28,-22.28,-0.6,False
2017-10-12,USC00013818,0,0.27,-0.27,0.54,False
2017-10-12,USC00013931,0,0.14,-0.14,0.55,False
2017-10-12,USC00014080,0,2.37,-2.37,0.43,False
2017-10-12,USC00014502,0,0.26,-0.26,0.54,False
2017-10-12,USC00015172,0,0.2,-0.2,0.55,False
2017-10-12,USC00015553,0,0.14,-0.14,0.55,False
2017-10-12,USC00016129,0,0.21,-0.21,0.55,False
2017-10-12,USC00017020,0,0.06,-0.06,0.55,False
2017-10-12,USC00018038,0,0.08,-0.08,0.55,False
2017-10-12,USC00018323,0,1.32,-1.32,0.49,False
2017-10-12,USC00018653,0,0.13,-0.13,0.55,False
2017-10-12,USC00081544,0,40.11,-40.11,-1.53,False
2017-10-12,USC00082008,30,2.2,27.8,2.0,False
2017-10-12,USC00085377,48,102.88,-54.88,-2.3,False
2017-10-12,USC00085539,5,120.71,-115.71,-5.46,True
2017-10-12,USC00085880,41,204.71,-163.71,-7.95,True
2017-10-12,USC00086240,0,10.63,-10.63,0.0,False
2017-10-12,USC00086842,13,33.69,-20.69,-0.52,False
2017-10-12,USC00087025,152,134.8,17.2,1.45,False
2017-10-12,USC00087429,25,127.53,-102.53,-4.77,True
2017-10-12,USC00088756,0,152.01,-152.01,-7.34,True
2017-10-12,USC00090140,0,10.49,-10.49,0.01,False
2017-10-12,USC00090253,0,8.55,-8.55,0.11,False
2017-10-12,USC00091463,221,105.67,115.33,6.55,True
2017-10-12,USC00091500,0,84.68,-84.68,-3.84,True
2017-10-12,USC00092266,0,15.02,-15.02,-0.22,False
2017-10-12,USC00092361,64,8.07,55.93,3.46,False
2017-10-12,USC00092450,0,13.89,-13.89,-0.17,False
2017-10-12,USC00092738,23,92.09,-69.09,-3.03,False
2017-10-12,USC00092966,0,15.65,-15.65,-0.26,False
2017-10-12,USC00093658,0,8.99,-8.99,0.09,False
2017-10-12,USC00094170,0,20.24,-20.24,-0.5,False
2017-10-12,USC00095061,0,10.98,-10.98,-0.01,False
2017-10-12,USC00095979,0,11.86,-11.86,-0.06,False
2017-10-12,USC00096087,0,82.67,-82.67,-3.74,True
2017-10-12,USC00096148,5,2.3,2.7,0.7,False
2017-10-12,USC00097087,0,8.52,-8.52,0.11,False
2017-10-12,USC00098535,0,8.07,-8.07,0.14,False
2017-10-12,USC00098657,0,6.43,-6.43,0.22,False
2017-10-12,USC00098661,0,10.49,-10.49,0.01,False
2017-10-12,USC00098703,33,30.04,2.96,0.71,False
2017-10-12,USC00099124,5,23.9,-18.9,-0.43,False
2017-10-12,USC00099291,0,1.39,-1.39,0.48,False
2017-10-12,USC00099506,0,2.57,-2.57,0.42,False
2017-10-12,USW00003813,0,22.93,-22.93,-0.64,False
2017-10-12,USW00003818,0,55.97,-55.97,-2.35,False
2017-10-12,USW00003878,0,1.49,-1.49,0.48,False
2017-10-12,USW00003892,0,0.19,-0.19,0.55,False
2017-10-12,USW00012832,0,44.95,-44.95,-1.78,False
2017-10-12,USW00012833,0,29.01,-29.01,-0.95,False
2017-10-12,USW00013839,0,24.18,-24.18,-0.7,False
2017-10-12,USW00013869,0,10.34,-10.34,0.02,False
2017-10-12,USW00013895,0,0.11,-0.11,0.55,False
2017-10-12,USW00023801,0,1.33,-1.33,0.49,False
2017-10-12,USW00053843,0,4.42,-4.42,0.33,False
2017-10-12,USW00053853,0,9.34,-9.34,0.07,False
2017-10-12,USW00063828,23,49.28,-26.28,-0.81,False
2017-10-12,USW00063829,0,87.84,-87.84,-4.01,True
2017-10-12,USW00063870,0,9.5,-9.5,0.06,False
2017-10-12,USW00063871,43,28.95,14.05,1.29,False
2017-10-12,USW00063872,0,5.96,-5.96,0.25,False
2017-10-12,USW00073802,0,0.24,-0.24,0.54,False
2017-10-12,USW00073805,127,21.49,105.51,6.04,True
2017-10-12,USW00093805,0,160.2,-160.2,-7.77,True
2017-10-12,USW00093842,0,1.8,-1.8,0.46,False
2017-10-12,USW00093845,0,98.63,-98.63,-4.57,True
