ID,LAT,LON,NAME,Distance_to_Coast_km,Region,Days_Checked,Suspect_Days,Suspect_%,Likely_Malfunctioning,Malfunction_Score
US1ALBW0045,30.488,-87.8002,SILVERHILL 5.0 SW,19.57260121416126,Coastal,0,0,0.0,False,0.0
US1ALTS0003,33.0786,-87.4009,HOLT 11.4 SSE,14.137698384561007,Coastal,0,0,0.0,False,0.0
US1LALF0010,29.702,-90.6262,RACELAND 2.1 WSW,10.778455904217545,Coastal,0,0,0.0,False,0.0
US1LATR0015,29.635,-90.7405,HOUMA 4.4 NNW,0.0,Coastal,0,0,0.0,False,0.0
US1MSHR0022,30.6592,-89.1297,SAUCIER 1.7 NNE,21.48228180414012,Coastal,0,0,0.0,False,0.0
US1MSNW0005,32.5706,-89.1432,UNION 1.6 W,48.762070064340584,Coastal,1,0,0.0,False,0.0
US1MSRN0013,32.3471,-89.9874,BRANDON 4.7 NNE,5.990292257639462,Coastal,0,0,0.0,False,0.0
US1TXAR0007,28.0357,-97.0717,ROCKPORT 1.3 WSW,0.3283043494845695,Coastal,0,0,0.0,False,0.0
US1TXAS0002,29.8925,-96.489,NEW ULM 0.1 ENE,79.07994689899645,Rural,0,0,0.0,False,0.0
US1TXBEL034,31.0684,-97.4561,BELTON 0.4 E,6.60570754137393,Coastal,0,0,0.0,False,0.0
US1TXBEL113,31.0919,-97.4486,TEMPLE 5.1 W,4.783555344531458,Coastal,0,0,0.0,False,0.0
US1TXBRT124,30.7061,-98.2713,BURNET 4.5 SSW,49.5618566547205,Coastal,0,0,0.0,False,0.0
US1TXBST086,30.1685,-97.2498,BASTROP 5.1 NE,44.71988310197278,Coastal,0,0,0.0,False,0.0
US1TXBST140,30.1153,-97.342,BASTROP 2.2 W,38.22540505196106,Coastal,0,0,0.0,False,0.0
US1TXBST152,30.3702,-97.3113,ELGIN 3.9 ENE,35.4906079562432,Coastal,0,0,0.0,False,0.0
US1TXBXR229,29.5178,-98.4388,TERRELL HILLS 2.8 N,0.0,Coastal,0,0,0.0,False,0.0
US1TXCLL018,33.0539,-96.8371,PLANO 5.3 W,0.0,Coastal,0,0,0.0,False,0.0
US1TXCLL030,33.3127,-96.5827,ANNA 3.7 SSW,5.6490204594558735,Coastal,0,0,0.0,False,0.0
US1TXCLL033,32.9921,-96.7397,RICHARDSON 2.2 NW,0.0,Coastal,0,0,0.0,False,0.0
US1TXCML048,29.9454,-98.3706,CANYON LAKE 8.1 NW,36.640368148936915,Coastal,0,0,0.0,False,0.0
US1TXCML092,29.6411,-98.3114,GARDEN RIDGE 1.2 WNW,5.317538542314873,Coastal,0,0,0.0,False,0.0
US1TXCML219,29.7481,-98.2522,NEW BRAUNFELS 8.6 WNW,13.059396342111604,Coastal,0,0,0.0,False,0.0
US1TXDA0050,32.5996,-96.9537,CEDAR HILL 1.4 N,0.0,Coastal,0,0,0.0,False,0.0
US1TXDA0052,32.7709,-96.6409,MESQUITE 2.4 W,0.0,Coastal,0,0,0.0,False,0.0
US1TXDN0068,33.1562,-97.0345,SHADY SHORES 0.7 SE,2.2325188151692132,Coastal,0,0,0.0,False,0.0
US1TXDN0108,33.2339,-97.2932,PONDER 3.8 N,14.44500612721719,Coastal,0,0,0.0,False,0.0
US1TXDN0109,33.1832,-97.2862,PONDER 0.3 NNE,14.089243705273063,Coastal,0,0,0.0,False,0.0
US1TXDW0008,29.0423,-97.6523,YORKTOWN 9.8 WNW,72.27335177097787,Rural,0,0,0.0,False,0.0
US1TXEL0023,32.4225,-96.8108,WAXAHACHIE 2.6 ENE,0.0,Coastal,0,0,0.0,False,0.0
US1TXGZ0010,29.4461,-97.425,GONZALES 4.5 SSE,77.66079005507123,Rural,0,0,0.0,False,0.0
US1TXHYS012,30.1066,-97.8539,BUDA 1.7 NNW,8.216753527844578,Coastal,0,0,0.0,False,0.0
US1TXHYS292,30.0284,-98.0761,WIMBERLEY 2.9 NNE,17.165769900658756,Coastal,0,0,0.0,False,0.0
US1TXJC0002,33.0402,-98.1207,PERRIN 3.0 ENE,24.865480085374568,Coastal,0,0,0.0,False,0.0
US1TXLL0002,30.6936,-98.4098,KINGSLAND 3.3 NE,63.434894446576614,Rural,0,0,0.0,False,0.0
US1TXLO0009,28.3638,-98.1405,GEORGE WEST 2.7 NNW,48.387972082625296,Coastal,0,0,0.0,False,0.0
US1TXMCL038,31.6166,-97.1403,WACO 4.1 NE,0.0,Coastal,0,0,0.0,False,0.0
US1TXNU0013,27.5861,-97.7908,BISHOP 0.4 ENE,30.9695928975512,Coastal,0,0,0.0,False,0.0
US1TXNV0005,32.067,-96.745,BLOOMING GROVE 2.4 SW,27.943318959114226,Coastal,0,0,0.0,False,0.0
US1TXSM0028,32.2093,-95.3207,FLINT 1.7 ENE,8.142903139314033,Coastal,0,0,0.0,False,0.0
US1TXTN0087,32.8757,-97.4798,EAGLE MOUNTAIN 2.4 WSW,3.9849633461463654,Coastal,1,0,0.0,False,0.0
US1TXTV0117,30.3721,-97.8134,AUSTIN 5.9 NW,0.0,Coastal,0,0,0.0,False,0.0
US1TXTV0207,30.3419,-98.1322,DRIPPING SPRINGS 10.9 NNW,27.52814888403329,Coastal,0,0,0.0,False,0.0
US1TXVC0034,28.7423,-97.0268,VICTORIA 6.4 SSW,6.742368501663224,Coastal,0,0,0.0,False,0.0
US1TXWL0009,29.8729,-96.003,BROOKSHIRE 6.9 NNW,26.039677983675556,Coastal,0,0,0.0,False,0.0
USC00010140,32.2322,-87.4103,ALBERTA,45.17084490779019,Coastal,9,0,0.0,False,0.0
USC00010178,33.1272,-88.155,ALICEVILLE,52.00554352147743,Rural,0,0,0.0,False,0.0
USC00010184,33.2103,-88.2869,BEVILL L&D,36.10290773912429,Coastal,9,0,0.0,False,0.0
USC00010402,31.1819,-87.4389,ATMORE,67.29928719328933,Rural,9,0,0.0,False,0.0
USC00010505,33.4528,-87.3572,BANKHEAD L&D,28.779005717686974,Coastal,9,0,0.0,False,0.0
USC00010583,30.8839,-87.7853,BAY MINETTE,27.005729121077646,Coastal,9,0,0.0,False,0.0
USC00010764,33.3936,-87.0067,BESSEMER 3 WSW,0.0,Coastal,9,0,0.0,False,0.0
USC00011080,31.1414,-87.0486,BREWTON 3 ENE,63.20789670263743,Rural,9,0,0.0,False,0.0
USC00011084,31.0583,-87.055,BREWTON 3 SSE,52.39003849370076,Rural,9,0,0.0,False,0.0
USC00011143,33.2619,-87.3103,BROOKWOOD,16.526207225118046,Coastal,9,0,0.0,False,0.0
USC00011189,32.0911,-88.2322,BUTLER,60.0787662604144,Rural,9,0,0.0,False,0.0
USC00011566,31.4714,-88.2503,CHATOM,61.04812226213198,Rural,9,0,0.0,False,0.0
USC00011690,31.6147,-87.5003,CLAIBORNE L&D,96.6282889997027,Rural,9,0,0.0,False,0.0
USC00011803,30.3875,-88.2269,CODEN,17.98151650121329,Coastal,9,0,0.0,False,0.0
USC00011810,31.7561,-88.1289,COFFEEVILLE L&D,95.33810351545084,Rural,9,0,0.0,False,0.0
USC00012172,30.2506,-88.0775,DAUPHIN IS #2,30.079533569288447,Coastal,3,0,0.0,False,0.0
USC00012245,32.5194,-87.8794,DEMOPOLIS L&D,1.5057398642391013,Coastal,0,0,0.0,False,0.0
USC00012813,30.5467,-87.8808,FAIRHOPE 2 NE,8.155171737596627,Coastal,9,0,0.0,False,0.0
USC00013160,32.8347,-88.1342,GAINESVILLE LOCK,50.490736622515534,Rural,9,0,0.0,False,0.0
USC00013511,32.6922,-87.5761,GREENSBORO,34.388651094861714,Coastal,9,0,0.0,False,0.0
USC00013930,33.2531,-87.4497,HOLT L&D,2.0220430757097954,Coastal,9,0,0.0,False,0.0
USC00014193,31.5253,-87.9278,JACKSON,67.07746546497523,Rural,9,0,0.0,False,0.0
USC00014798,32.5811,-88.1897,LIVINGSTON,36.976048128186726,Coastal,9,0,0.0,False,0.0
USC00015112,32.7028,-87.2681,MARION 7 NE,39.49157807418304,Coastal,9,0,0.0,False,0.0
USC00015121,32.4717,-87.2308,MARION JUNCTION 2 NE,18.847030089238515,Coastal,9,0,0.0,False,0.0
USC00015354,31.9306,-88.4586,MELVIN,60.601242130520625,Rural,0,0,0.0,False,0.0
USC00015420,32.1003,-87.3983,MILLERS FERRY L&D,55.40413160271375,Rural,9,0,0.0,False,0.0
USC00015658,32.9964,-87.6319,MOUNDVILLE,19.55697323115302,Coastal,9,0,0.0,False,0.0
USC00016362,32.6567,-87.0928,PERRYVILLE,25.163259570600843,Coastal,9,0,0.0,False,0.0
USC00016847,33.3739,-88.0053,REFORM,43.156365279135024,Coastal,9,0,0.0,False,0.0
USC00016988,30.5653,-87.7017,ROBERTSDALE,21.925643726286804,Coastal,9,0,0.0,False,0.0
USC00017366,32.4111,-87.0144,SELMA,0.0,Coastal,9,0,0.0,False,0.0
USC00018178,31.9172,-87.7347,THOMASVILLE,77.64812732202455,Rural,9,0,0.0,False,0.0
USC00018380,33.2231,-87.61,TUSCALOOSA ACFD,0.0,Coastal,9,0,0.0,False,0.0
USC00018385,33.2108,-87.5933,TUSCALOOSA OLIVER DAM,0.0,Coastal,9,0,0.0,False,0.0
USC00018446,32.5506,-87.5308,UNIONTOWN,31.78090823990645,Coastal,0,0,0.0,False,0.0
USC00018637,31.21,-87.1789,WALLACE 2 E,73.2167400899987,Rural,9,0,0.0,False,0.0
USC00018673,32.7747,-87.8306,WARRIOR L&D,31.413519087210293,Coastal,9,0,0.0,False,0.0
USC00018809,33.1186,-87.1264,W BLOCTON,35.233193524849355,Coastal,9,0,0.0,False,0.0
USC00018867,31.6508,-87.7097,WHATLEY,89.37634778261932,Rural,2,0,0.0,False,0.0
USC00031140,33.3053,-92.4867,CALION L&D,17.851563738379586,Coastal,9,2,22.22,True,22.22
USC00031730,33.1111,-91.9481,CROSSETT 2 SSE,2.86594262457614,Coastal,9,1,11.11,False,11.11
USC00032355,33.1144,-91.2628,EUDORA,39.82961552000307,Coastal,9,0,0.0,False,0.0
USC00032475,33.0597,-92.1236,FELSENTHAL L&D,18.13266389507925,Coastal,9,0,0.0,False,0.0
USC00033088,33.2278,-91.7939,HAMBURG,19.030305066960853,Coastal,0,0,0.0,False,0.0
USC00034185,33.3614,-93.5675,LEWISVILLE,29.286054800072648,Coastal,9,2,22.22,True,22.22
USC00034548,33.2586,-93.1822,MAGNOLIA,3.5151557334495385,Coastal,9,3,33.33,True,33.33
USC00034936,33.3008,-92.3494,MORO BAY SP,31.106095415239608,Coastal,9,0,0.0,False,0.0
USC00035866,33.2511,-91.5058,PORTLAND,47.91125142874955,Coastal,9,0,0.0,False,0.0
USC00085793,30.7794,-87.1414,MILTON EXP STN,18.29445093654837,Coastal,9,0,0.0,False,0.0
USC00086999,30.53,-87.1983,PENSACOLA 7 NNE,0.0,Coastal,9,0,0.0,False,0.0
USC00160007,29.9689,-92.1169,ABBEVILLE,26.640300375552282,Coastal,9,4,44.44,True,44.44
USC00160012,30.4586,-90.0975,ABITA RVR COVINGTON,0.0,Coastal,9,3,33.33,True,33.33
USC00160016,30.4714,-90.0436,ABITA SPRINGS 1 SW,2.5161909821917203,Coastal,9,2,22.22,True,22.22
USC00160021,30.4372,-90.0519,ABITA SPRINGS FIRE TWR,0.45601387294707924,Coastal,9,3,33.33,True,33.33
USC00160098,31.3206,-92.4611,ALEXANDRIA,0.0,Coastal,9,3,33.33,True,33.33
USC00160103,31.2483,-92.4486,ALEXANDRIA 5 SSE,1.5850838935171465,Coastal,9,2,22.22,True,22.22
USC00160205,30.7094,-90.525,AMITE,21.740443293097858,Coastal,9,3,33.33,True,33.33
USC00160238,30.9644,-89.815,ANGIE,54.56950122941723,Rural,9,1,11.11,False,11.11
USC00160277,32.5511,-92.9186,ARCADIA,20.70985334028072,Coastal,9,3,33.33,True,33.33
USC00160349,32.1292,-93.1164,ASHLAND,44.145533775446395,Coastal,9,3,33.33,True,33.33
USC00160462,30.5669,-91.1633,BAKER,0.0,Coastal,9,3,33.33,True,33.33
USC00160537,32.7314,-91.9144,BASTROP,5.234676751545665,Coastal,9,1,11.11,False,11.11
USC00160540,30.8206,-91.6622,BATCHELOR,56.51289758950308,Rural,9,3,33.33,True,33.33
USC00160546,30.5586,-91.0342,BATON ROUGE CNTRL,5.692536853477647,Coastal,9,2,22.22,True,22.22
USC00160548,30.4192,-91.1303,BATON ROUGE CONCORD,0.0,Coastal,9,2,22.22,True,22.22
USC00160558,30.4494,-91.0478,BATON ROUGE SHERWOOD,0.0,Coastal,9,1,11.11,False,11.11
USC00160565,30.1328,-91.3228,BAYOU SORREL LOCK,20.395088917959463,Coastal,9,4,44.44,True,44.44
USC00160617,30.7903,-92.4969,BEAVER FIRE TWR,53.60737371146349,Rural,9,1,11.11,False,11.11
USC00160658,29.9747,-93.0897,BELL CITY 13 SW,28.594005737917936,Coastal,9,3,33.33,True,33.33
USC00160718,32.6997,-93.6619,BENTON 5E,12.655467532841481,Coastal,0,0,0.0,False,0.0
USC00160800,32.3744,-92.9433,BIENVILLE 3 NE,30.815587927865153,Coastal,9,4,44.44,True,44.44
USC00160945,30.7808,-89.8567,BOGALUSA,34.63617710540486,Coastal,9,3,33.33,True,33.33
USC00161200,32.5331,-93.71,BOSSIER CITY 2,0.0,Coastal,9,4,44.44,True,44.44
USC00161232,31.395,-92.7167,BOYCE 3 WNW,24.638152161991158,Coastal,9,3,33.33,True,33.33
USC00161235,31.3025,-92.73,BOYCE 7 SW,23.017659343589184,Coastal,9,3,33.33,True,33.33
USC00161246,30.3919,-91.2711,BRUSLY 2 W,1.7638886546570074,Coastal,9,4,44.44,True,44.44
USC00161287,30.9594,-92.1786,BUNKIE,48.730109768324105,Coastal,9,2,22.22,True,22.22
USC00161292,29.3414,-89.5158,BURAS,81.13752633923639,Rural,9,2,22.22,True,22.22
USC00161365,30.2817,-91.6911,BUTTE LA ROSE,31.88469805946053,Coastal,9,4,44.44,True,44.44
USC00161411,32.5372,-92.3597,CALHOUN 2 N,15.406800680167391,Coastal,9,1,11.11,False,11.11
USC00161535,30.32,-92.0444,CARENCRO,3.314049010833585,Coastal,9,4,44.44,True,44.44
USC00161565,30.1981,-91.1256,CARVILLE 2 SW,5.8366553150112335,Coastal,9,3,33.33,True,33.33
USC00161639,29.9664,-89.9761,CHALMETTE,0.0,Coastal,9,3,33.33,True,33.33
USC00161866,31.7236,-91.5408,CLAYTON,22.549393941676463,Coastal,9,1,11.11,False,11.11
USC00161891,30.8544,-91.0092,CLINTON FORESTRY HQ,38.28885526886353,Coastal,0,0,0.0,False,0.0
USC00161899,30.8178,-90.9733,CLINTON 5 SE,35.77317671846321,Coastal,9,1,11.11,False,11.11
USC00161941,31.5183,-92.7142,COLFAX,32.58200391515989,Coastal,9,3,33.33,True,33.33
USC00161979,32.1672,-92.1078,COLUMBIA LOCK,38.50083369679788,Coastal,9,1,11.11,False,11.11
USC00162002,29.9953,-90.8178,CONVENT 2S,3.0806605245811527,Coastal,9,3,33.33,True,33.33
USC00162121,32.8869,-93.4569,COTTON VALLEY 5 NNW,33.03092467046026,Coastal,9,3,33.33,True,33.33
USC00162144,32.0075,-93.2694,COUSHATTA GRAND BAYOU,34.03294555082594,Coastal,0,0,0.0,False,0.0
USC00162151,30.5269,-90.2147,COVINGTON 8 WNW,10.71602538642014,Coastal,9,3,33.33,True,33.33
USC00162154,30.5131,-90.09,COVINGTON 3 NE,1.700537907432772,Coastal,9,3,33.33,True,33.33
USC00162212,30.2411,-92.3475,CROWLEY 2 NE,27.80003480962503,Coastal,9,4,44.44,True,44.44
USC00162217,32.2428,-91.5889,CROWVILLE,59.939748517931186,Rural,0,0,0.0,False,0.0
USC00162350,30.4803,-90.9614,DENHAM SPRINGS,4.17391801943674,Coastal,9,1,11.11,False,11.11
USC00162367,30.8428,-93.2869,DE RIDDER,0.0,Coastal,9,3,33.33,True,33.33
USC00162534,30.0719,-91.0278,DONALDSONVILLE 4 SW,7.909844964335464,Coastal,9,3,33.33,True,33.33
USC00162536,30.0992,-90.9269,DONALDSONVILLE 4E,0.0,Coastal,9,3,33.33,True,33.33
USC00162641,30.7414,-93.1389,DRY CREEK 8NW,19.782327459516477,Coastal,9,2,22.22,True,22.22
USC00162812,31.1042,-92.705,ELMER 2 SW,30.92725238182415,Coastal,9,3,33.33,True,33.33
USC00162981,30.4917,-92.4303,EUNICE,37.34794777758252,Coastal,9,3,33.33,True,33.33
USC00163079,32.7736,-92.4086,FARMERVILLE,33.1618405686035,Coastal,9,0,0.0,False,0.0
USC00163165,30.5506,-90.1919,FOLSOM 6 S,9.813321960577087,Coastal,9,3,33.33,True,33.33
USC00163313,29.8233,-91.5442,FRANKLIN 3 NW,28.449556700468737,Coastal,9,4,44.44,True,44.44
USC00163322,30.8353,-90.1625,FRANKLINTON #2,43.079314138814105,Coastal,9,2,22.22,True,22.22
USC00163331,30.7842,-90.2022,FRANKLINTON 5 SW,37.30695104785413,Coastal,0,0,0.0,False,0.0
USC00163433,29.4631,-90.3072,GALLIANO,43.306148934271604,Coastal,9,2,22.22,True,22.22
USC00163695,30.2033,-90.9225,GONZALES,6.987502613907835,Coastal,9,2,22.22,True,22.22
USC00163741,31.4358,-92.8828,GORUM FIRE TWR,43.7175312261092,Coastal,9,3,33.33,True,33.33
USC00163800,30.4183,-92.0442,GRAND COTEAU,13.05174508088985,Coastal,9,2,22.22,True,22.22
USC00163804,31.8078,-93.0867,GRAND ECORE,1.9555854485483273,Coastal,9,2,22.22,True,22.22
USC00163807,29.2414,-89.9914,GRAND ISLE,73.43238273596889,Rural,9,2,22.22,True,22.22
USC00163829,29.9169,-90.0617,GRETNA,0.0,Coastal,9,2,22.22,True,22.22
USC00163867,30.5589,-90.9855,GREENWELL SPRINGS,8.61882738390735,Coastal,9,3,33.33,True,33.33
USC00163877,32.4175,-94.0003,GREENWOOD FIRE TWR,5.68942359672576,Coastal,9,2,22.22,True,22.22
USC00163979,29.8894,-93.4022,HACKBERRY 8 SSW,33.00718196438607,Coastal,9,3,33.33,True,33.33
USC00163981,29.9872,-93.2694,HACKBERRY 4NE,21.029379217986627,Coastal,0,0,0.0,False,0.0
USC00164030,30.5031,-90.3772,HAMMOND 5 E,7.55128099477585,Coastal,9,2,22.22,True,22.22
USC00164034,30.4878,-90.4875,HAMMOND,0.0,Coastal,9,3,33.33,True,33.33
USC00164050,31.9272,-93.3103,HANNA 4 SSE,29.14255105260005,Coastal,9,3,33.33,True,33.33
USC00164131,32.9683,-93.1297,HAYNESVILLE,40.38941476319717,Coastal,9,3,33.33,True,33.33
USC00164288,31.3747,-93.3911,HODGES GARDENS,40.283817542228306,Coastal,9,2,22.22,True,22.22
USC00164355,32.81,-93.0625,HOMER 1N,32.17933779217488,Coastal,9,3,33.33,True,33.33
USC00164398,32.8867,-93.8733,HOSSTON,38.293373354589185,Coastal,9,3,33.33,True,33.33
USC00164407,29.6408,-90.8161,HOUMA,4.320632891692207,Coastal,9,3,33.33,True,33.33
USC00164573,30.8331,-91.1261,JACKSON 3E,32.670927362822205,Coastal,9,3,33.33,True,33.33
USC00164592,32.3483,-93.2014,JAMESTOWN,34.748331063994854,Coastal,9,3,33.33,True,33.33
USC00164674,29.9594,-91.7111,JEANERETTE 5 NW,10.792452920737222,Coastal,9,3,33.33,True,33.33
USC00164696,31.6783,-92.1289,JENA,47.921356075414394,Coastal,9,2,22.22,True,22.22
USC00164700,30.2003,-92.6642,JENNINGS,52.83190635345319,Rural,9,3,33.33,True,33.33
USC00164732,32.255,-92.6544,JONESBORO 4 ENE,34.28143376947289,Coastal,9,3,33.33,True,33.33
USC00164735,32.2239,-92.7069,JONESBORO #2,38.99047742233639,Coastal,0,0,0.0,False,0.0
USC00164739,31.4825,-91.8628,JONESVILLE LOCKS,47.68052213094299,Coastal,9,2,22.22,True,22.22
USC00164775,29.9942,-92.2825,KAPLAN,31.60113807489264,Coastal,9,4,44.44,True,44.44
USC00164816,32.355,-93.8619,KEITHVILLE,3.5942660442683647,Coastal,9,3,33.33,True,33.33
USC00164859,30.9433,-90.5117,KENTWOOD,38.46307931896025,Coastal,9,3,33.33,True,33.33
USC00164931,32.4169,-93.4428,KORAN,23.35762604448354,Coastal,9,3,33.33,True,33.33
USC00165021,30.2192,-92.065,LAFAYETTE,0.0,Coastal,9,3,33.33,True,33.33
USC00165065,30.0206,-92.7681,LAKE ARTHUR 7 SW,49.76593560324859,Coastal,9,3,33.33,True,33.33
USC00165072,30.3014,-93.2689,LAKE CHARLES 7 NW,0.2505816223889771,Coastal,9,2,22.22,True,22.22
USC00165074,30.2544,-93.2186,LAKE CHARLES 2 N,0.0,Coastal,9,2,22.22,True,22.22
USC00165076,30.2142,-93.2494,LAKE CHARLES PORT,0.0,Coastal,9,1,11.11,False,11.11
USC00165090,32.8153,-91.1733,LAKE PROVIDENCE,58.731205318034874,Rural,9,0,0.0,False,0.0
USC00165146,31.3731,-91.9053,LARTO LAKE,53.93966778715687,Rural,9,3,33.33,True,33.33
USC00165266,31.1417,-93.2397,LEESVILLE,6.31667386083696,Coastal,9,2,22.22,True,22.22
USC00165287,31.0517,-93.2789,LEESVILLE 6 SSW,4.614038787838811,Coastal,9,3,33.33,True,33.33
USC00165296,29.7869,-92.2083,LELAND BOWMAN LOCK,48.72622413319665,Coastal,9,4,44.44,True,44.44
USC00165430,30.9336,-90.57,LIVERPOOL 6W,40.93123861280617,Coastal,9,3,33.33,True,33.33
USC00165438,30.5197,-90.7544,LIVINGSTON,26.95823155566642,Coastal,9,1,11.11,False,11.11
USC00165522,31.9672,-94.0003,LOGANSPORT,25.239649995652808,Coastal,9,3,33.33,True,33.33
USC00165610,30.0306,-89.9636,LOUISIANA NATURE CTR,0.0,Coastal,9,2,22.22,True,22.22
USC00165620,30.3644,-91.1672,LSU BEN-HUR FARM,3.483917437751815,Coastal,9,2,22.22,True,22.22
USC00165624,29.5814,-89.8222,LSU CITRUS RSCH STN,35.91266283847722,Coastal,9,1,11.11,False,11.11
USC00165630,31.1783,-92.4108,LSU DEAN LEE RSCH STN,11.36769470401588,Coastal,9,3,33.33,True,33.33
USC00165783,30.0389,-90.6936,LUTCHER,0.9128559681422911,Coastal,9,1,11.11,False,11.11
USC00165874,32.0711,-93.7589,MANSFIELD 4 NW,24.09001967341827,Coastal,0,0,0.0,False,0.0
USC00165892,31.5769,-93.4817,MANY,47.01490343939285,Coastal,9,2,22.22,True,22.22
USC00165896,31.5119,-93.62,MANY 9 WSW,64.59606323607912,Rural,9,3,33.33,True,33.33
USC00165920,31.1286,-92.0644,MARKSVILLE,44.07699319562543,Coastal,9,2,22.22,True,22.22
USC00165926,29.7853,-90.1158,MARRERO 9 SSW,6.736407406480131,Coastal,9,2,22.22,True,22.22
USC00165935,32.0775,-93.2167,MARTIN FIRE TWR,36.388236663918086,Coastal,9,3,33.33,True,33.33
USC00166157,29.9903,-90.1431,METAIRIE,0.0,Coastal,9,2,22.22,True,22.22
USC00166244,32.6053,-93.2947,MINDEN,0.0,Coastal,9,2,22.22,True,22.22
USC00166314,32.4936,-92.0319,MONROE DELTA CC,1.304802317495999,Coastal,9,1,11.11,False,11.11
USC00166364,32.7053,-93.9603,MOORINGSPORT 1 N,20.86407157052072,Coastal,9,3,33.33,True,33.33
USC00166394,29.6833,-91.1761,MORGAN CITY,0.0,Coastal,9,4,44.44,True,44.44
USC00166431,30.2944,-93.2083,MOSS BLUFF,1.8752487588503794,Coastal,9,1,11.11,False,11.11
USC00166466,30.9503,-90.3061,MT HERMON 2W,40.35977811644887,Coastal,9,1,11.11,False,11.11
USC00166561,29.9342,-91.0164,NAPOLEONVILLE,19.958586758003115,Coastal,9,2,22.22,True,22.22
USC00166582,31.7722,-93.0956,NATCHITOCHES,0.0,Coastal,9,2,22.22,True,22.22
USC00166657,30.0292,-91.8844,NEW IBERIA AP - ACADIANA RGNL,5.513326208079926,Coastal,9,3,33.33,True,33.33
USC00166666,29.9508,-90.0511,NEW ORLEANS ALGIERS,0.0,Coastal,9,2,22.22,True,22.22
USC00166686,30.7267,-91.3672,NEW ROADS 5 NE,26.248140035049893,Coastal,9,3,33.33,True,33.33
USC00166808,30.9678,-91.1003,NORWOOD,50.35747416484747,Rural,9,3,33.33,True,33.33
USC00166836,30.8214,-92.6697,OAKDALE,59.47674623775777,Rural,9,3,33.33,True,33.33
USC00166866,32.8642,-91.38,OAK GROVE,57.37978459446599,Rural,9,0,0.0,False,0.0
USC00166868,32.6228,-91.7764,OAK RIDGE,24.318202444639844,Coastal,9,1,11.11,False,11.11
USC00166911,30.7531,-90.9939,OAKNOLIA 2N,27.477235709646294,Coastal,9,3,33.33,True,33.33
USC00166938,30.6036,-92.7739,OBERLIN FIRE TWR,59.352022309497386,Rural,9,3,33.33,True,33.33
USC00166968,30.2869,-93.1444,OLD TOWN BAY,1.3254697042471855,Coastal,9,2,22.22,True,22.22
USC00166978,31.8922,-92.2422,OLLA,67.58754916416729,Rural,9,3,33.33,True,33.33
USC00166995,30.5081,-92.0925,OPELOUSAS,1.604703087326056,Coastal,9,3,33.33,True,33.33
USC00167096,29.7892,-90.4286,PARADIS 7 S,18.6304778558189,Coastal,9,2,22.22,True,22.22
USC00167304,30.7111,-90.7525,PINE GROVE FIRE TWR,35.99115853184071,Coastal,9,3,33.33,True,33.33
USC00167344,32.8922,-93.645,PLAIN DEALING,38.005157212146536,Coastal,0,0,0.0,False,0.0
USC00167366,30.3214,-91.2517,PLAQUEMINE 2 N,0.0,Coastal,9,2,22.22,True,22.22
USC00167425,30.4297,-90.3631,PONCHATOULA 4 E,11.262323067801706,Coastal,9,3,33.33,True,33.33
USC00167448,30.4508,-91.2183,PORT ALLEN,0.0,Coastal,9,3,33.33,True,33.33
USC00167590,32.3644,-92.7125,QUITMAN 2,20.63346121340181,Coastal,0,0,0.0,False,0.0
USC00167651,30.5114,-93.2172,RAGLEY 1W,17.428547033845984,Coastal,0,0,0.0,False,0.0
USC00167691,32.4936,-91.7486,RAYVILLE,31.021539481636317,Coastal,0,0,0.0,False,0.0
USC00167729,31.2544,-91.96,RED RVR LOCK #1,50.08249587927043,Rural,9,3,33.33,True,33.33
USC00167732,31.1872,-92.2906,RED RIVER LOCK # 2,18.786769444858287,Coastal,9,3,33.33,True,33.33
USC00167738,32.4219,-93.6381,RED RVR RSCH STN,3.6072872506825644,Coastal,9,3,33.33,True,33.33
USC00167767,30.0564,-90.5803,RESERVE,0.0,Coastal,9,3,33.33,True,33.33
USC00167924,32.3556,-93.6425,ROBSON,8.136096440929114,Coastal,9,3,33.33,True,33.33
USC00167932,29.7286,-92.8181,ROCKEFELLER WL REFUGE,71.35189412386052,Rural,9,3,33.33,True,33.33
USC00168046,30.9461,-93.2789,ROSEPINE RSCH STN,7.250053009126009,Coastal,9,2,22.22,True,22.22
USC00168067,32.51,-92.6503,RUSTON LA TECH,0.7836188218495558,Coastal,9,1,11.11,False,11.11
USC00168094,32.3625,-93.14,SAILES FIRE TWR,35.308291139748505,Coastal,9,3,33.33,True,33.33
USC00168108,29.8722,-89.83,ST BERNARD,12.337976898259484,Coastal,9,2,22.22,True,22.22
USC00168136,30.7775,-91.3769,ST FRANCISVILLE,32.23687587983275,Coastal,9,3,33.33,True,33.33
USC00168139,30.2725,-91.0994,ST GABRIEL,0.1991229854154635,Coastal,9,2,22.22,True,22.22
USC00168163,31.9497,-91.2336,ST JOSEPH 3 N,51.25549211007684,Rural,9,1,11.11,False,11.11
USC00168181,30.0858,-91.8694,ST MARTINVILLE 3 SW,8.783739622637931,Coastal,9,4,44.44,True,44.44
USC00168436,32.5158,-93.7447,SHREVEPORT DWTN,0.0,Coastal,9,4,44.44,True,44.44
USC00168444,32.3794,-93.8019,SHREVEPORT SOUTHERN HILLS,0.4388664935680754,Coastal,9,3,33.33,True,33.33
USC00168539,30.265,-89.7697,SLIDELL,0.0,Coastal,9,3,33.33,True,33.33
USC00168586,32.5558,-91.1747,SONDHEIMER,31.684542660187493,Coastal,0,0,0.0,False,0.0
USC00168669,32.9006,-92.5714,SPEARSVILLE FIRE TWR,39.563372313937194,Coastal,9,3,33.33,True,33.33
USC00168683,32.9922,-93.4417,SPRINGHILL,41.140494994348764,Coastal,9,3,33.33,True,33.33
USC00168785,32.7025,-92.0814,STERLINGTON,17.049678897722636,Coastal,9,2,22.22,True,22.22
USC00168831,30.2383,-93.3447,SULPHUR,0.0,Coastal,9,1,11.11,False,11.11
USC00168861,30.6433,-89.9239,SUN,25.079662239419452,Coastal,9,3,33.33,True,33.33
USC00168906,30.5325,-89.8742,TALISHEEK,19.69562813727216,Coastal,9,1,11.11,False,11.11
USC00168923,32.3994,-91.1842,TALLULAH,26.799809091184997,Coastal,9,0,0.0,False,0.0
USC00168941,29.91,-90.0342,TERRYTOWN 3S,0.0,Coastal,9,2,22.22,True,22.22
USC00168945,30.5981,-90.4472,TICKFAW 3 ENE,7.654170187608169,Coastal,9,3,33.33,True,33.33
USC00169013,29.7547,-90.7747,THIBODAUX 4 SE,12.280087047583962,Coastal,9,3,33.33,True,33.33
USC00169074,31.2022,-93.5725,TOLEDO BEND LAKE,38.61489908706903,Coastal,0,0,0.0,False,0.0
USC00169357,31.5653,-91.4333,VIDALIA #2,0.0,Coastal,9,1,11.11,False,11.11
USC00169369,30.695,-92.2664,VILLE PLATTE,25.498358576354185,Coastal,9,2,22.22,True,22.22
USC00169392,32.9033,-93.9819,VIVIAN,34.05724218038165,Coastal,9,2,22.22,True,22.22
USC00169480,30.5622,-90.9214,WATSON 3 ESE,14.86887176408746,Coastal,9,1,11.11,False,11.11
USC00169631,32.46,-92.1483,W MONROE,1.5251603178567728,Coastal,9,1,11.11,False,11.11
USC00169803,31.9622,-92.6561,WINNFIELD 3 N,52.081485057121526,Rural,9,2,22.22,True,22.22
USC00169804,32.1411,-91.7089,WINNSBORO 2 SE,58.021857738162886,Rural,9,0,0.0,False,0.0
USC00169806,32.0997,-91.7022,WINNSBORO 5 SSE,62.66000348948836,Rural,9,0,0.0,False,0.0
USC00169809,32.0294,-92.6553,WINONA FIRE TWR,56.93198021206545,Rural,9,3,33.33,True,33.33
USC00169930,30.6814,-91.125,ZACHARY,13.212861897150916,Coastal,9,2,22.22,True,22.22
USC00169980,31.6597,-93.6633,ZWOLLE 2 NW,58.440178490586575,Rural,9,3,33.33,True,33.33
USC00220039,33.3117,-89.1667,ACKERMAN,39.82881516852935,Coastal,9,0,0.0,False,0.0
USC00220218,30.2208,-89.4978,ANSLEY,16.228495867652057,Coastal,9,3,33.33,True,33.33
USC00220521,30.3758,-89.5989,BAY ST LOUIS NASA,15.51145297491594,Coastal,9,3,33.33,True,33.33
USC00220523,31.9694,-89.2889,BAY SPRINGS,32.53788343740865,Coastal,9,0,0.0,False,0.0
USC00220585,31.2353,-88.9189,BEAUMONT EXPSTATION,40.265267139473764,Coastal,9,0,0.0,False,0.0
USC00220660,33.1772,-90.4919,BELZONI,54.7130925647722,Rural,9,0,0.0,False,0.0
USC00220792,30.3931,-89.0008,BILOXI,0.0,Coastal,9,1,11.11,False,11.11
USC00220891,33.2781,-88.7931,BLUFF LAKE,22.770326956231393,Coastal,9,0,0.0,False,0.0
USC00221094,31.5447,-90.4581,BROOKHAVEN CITY,3.7365014133520846,Coastal,9,0,0.0,False,0.0
USC00221174,31.5475,-88.5172,BUCKATUNNA 1 NE,68.64944913412099,Rural,9,0,0.0,False,0.0
USC00221389,32.6714,-90.0361,CANTON 4N,26.042733468910196,Coastal,9,0,0.0,False,0.0
USC00221489,32.7506,-89.5389,CARTHAGE,71.84585809311642,Rural,9,0,0.0,False,0.0
USC00221578,31.0942,-91.0686,CENTREVILLE,66.72273971935118,Rural,9,1,11.11,False,11.11
USC00221852,31.6419,-89.5572,COLLINS,38.783627393107835,Coastal,9,0,0.0,False,0.0
USC00221860,32.42,-88.7603,COLLINSVILLE 7 SE,3.618001213600124,Coastal,9,0,0.0,False,0.0
USC00221865,31.2503,-89.8361,COLUMBIA,49.272900510922625,Coastal,9,0,0.0,False,0.0
USC00221880,33.4678,-88.3847,COLUMBUS,0.5892162433673395,Coastal,9,0,0.0,False,0.0
USC00222034,32.0853,-88.5297,CRANDALL 8 N,38.8770814340945,Coastal,9,0,0.0,False,0.0
USC00222046,33.2778,-88.7008,CRAWFORD 5 W,25.881129985528275,Coastal,0,0,0.0,False,0.0
USC00222094,31.9461,-90.3775,CRYSTAL SPRINGS EXP STN,41.020107152174795,Coastal,9,0,0.0,False,0.0
USC00222385,31.9544,-89.9328,D'LO 2 SW,42.377620519086534,Coastal,9,0,0.0,False,0.0
USC00223107,32.36,-89.4208,FOREST,63.83317656439414,Rural,9,0,0.0,False,0.0
USC00223340,32.9267,-88.8536,GHOLSON 8 W,67.13964744562047,Rural,9,0,0.0,False,0.0
USC00223441,31.17,-91.0258,GLOSTER,59.70972907567777,Rural,9,1,11.11,False,11.11
USC00223516,32.5008,-89.9256,GOSHEN SPRINGS 3 NW,19.55631726049666,Coastal,9,0,0.0,False,0.0
USC00223605,33.3592,-91.06,GREENVILLE,1.3172699428544596,Coastal,9,0,0.0,False,0.0
USC00223667,30.4542,-89.125,GULFPORT 3NW,0.2939481070227921,Coastal,9,1,11.11,False,11.11
USC00223671,30.3772,-89.1228,GULFPORT NAVAL CTR,0.0,Coastal,9,1,11.11,False,11.11
USC00223887,31.2547,-89.3392,HATTIESBURG 5SW,6.371210901736014,Coastal,9,0,0.0,False,0.0
USC00223920,31.8328,-90.4542,HAZLEHURST 5 SW,28.703407372315542,Coastal,9,0,0.0,False,0.0
USC00224470,32.2964,-90.2092,JACKSON STATE,0.0,Coastal,9,0,0.0,False,0.0
USC00224702,32.7247,-88.6631,KIPLING 4 NNW,38.21324767674047,Coastal,9,0,0.0,False,0.0
USC00224776,33.0583,-89.5797,KOSCIUSKO,88.32628861516268,Rural,9,0,0.0,False,0.0
USC00224939,31.6756,-89.1236,LAUREL,0.5987452326360861,Coastal,9,0,0.0,False,0.0
USC00224966,31.1481,-88.6567,LEAKESVILLE 6 WSW,66.34343915502883,Rural,9,0,0.0,False,0.0
USC00225020,33.4789,-90.8436,LELAND 5 NE,19.85351489281134,Coastal,9,0,0.0,False,0.0
USC00225062,33.1228,-90.0517,LEXINGTON,52.34002565278977,Rural,9,0,0.0,False,0.0
USC00225070,31.1658,-90.8178,LIBERTY,37.29589957281028,Coastal,0,0,0.0,False,0.0
USC00225247,33.1356,-89.0711,LOUISVILLE,49.28974706643542,Coastal,9,0,0.0,False,0.0
USC00225361,33.1544,-88.5586,MACON 3N,46.13328679951361,Coastal,9,0,0.0,False,0.0
USC00225611,31.1917,-90.5147,MCCOMB 6SW (PERCY QUINN),7.074470552147245,Coastal,9,0,0.0,False,0.0
USC00225704,31.4664,-90.8853,MEADVILLE,47.382068955776475,Coastal,9,0,0.0,False,0.0
USC00225943,31.8375,-89.5975,MIZE 3SW,50.13815924760257,Rural,9,0,0.0,False,0.0
USC00225987,31.5519,-90.1058,MONTICELLO,36.153783050484265,Coastal,9,0,0.0,False,0.0
USC00225989,31.5519,-90.1058,MONTICELLO 2,36.153783050484265,Coastal,9,0,0.0,False,0.0
USC00226009,33.4517,-90.5097,MOORHEAD,35.079157252517305,Coastal,9,0,0.0,False,0.0
USC00226177,31.5889,-91.3408,NATCHEZ,3.6994334310173804,Coastal,9,2,22.22,True,22.22
USC00226294,32.9369,-89.7594,NEWPORT,71.15274058495596,Rural,9,0,0.0,False,0.0
USC00226308,32.3378,-89.0817,NEWTON EXP STN,35.06080486131745,Coastal,9,1,11.11,False,11.11
USC00226476,32.2061,-90.5133,OAKLEY EXP STN,25.21537235850675,Coastal,9,0,0.0,False,0.0
USC00226484,30.4106,-88.7883,OCEAN SPRINGS,0.0,Coastal,9,1,11.11,False,11.11
USC00226638,32.0339,-88.71,P HARRISON ARCHUSA,39.35573675664553,Coastal,9,0,0.0,False,0.0
USC00226640,31.6817,-89.3364,P HARRISON BIG CK WP,19.091268132778787,Coastal,9,0,0.0,False,0.0
USC00226642,31.7522,-89.7286,P HARRISON DRY CK WP,61.413973005982506,Rural,9,0,0.0,False,0.0
USC00226643,32.2286,-88.8206,P HARRISON DUNNS FALLS,15.366982176176267,Coastal,9,0,0.0,False,0.0
USC00226644,32.4031,-89.1531,P HARRISON TURKEY WP,42.99716721922912,Coastal,9,0,0.0,False,0.0
USC00226718,30.3961,-88.4781,PASCAGOULA 3 NE,2.381518151850443,Coastal,9,0,0.0,False,0.0
USC00226750,32.0308,-89.0356,PAULDING,39.34624023600584,Coastal,0,0,0.0,False,0.0
USC00226894,32.7692,-89.1303,PHILA 1 WSW,64.8091703437032,Rural,9,0,0.0,False,0.0
USC00226921,30.5364,-89.705,PICAYUNE,0.8558519672446655,Coastal,9,3,33.33,True,33.33
USC00226924,30.6522,-89.6522,PICAYUNE 4NE,12.572949791022412,Coastal,9,1,11.11,False,11.11
USC00226926,32.8864,-89.9775,PICKENS,55.22947485309231,Rural,9,0,0.0,False,0.0
USC00227128,30.8408,-89.5453,POPLARVILLE EXP STN,39.61249881734627,Coastal,9,1,11.11,False,11.11
USC00227132,31.985,-90.9719,PORT GIBSON 1 NE,42.293475768467836,Coastal,9,0,0.0,False,0.0
USC00227172,31.5867,-89.8819,PRENTISS,60.23588849916726,Rural,9,0,0.0,False,0.0
USC00227220,31.1775,-89.4156,PURVIS 2N,17.38477817302739,Coastal,9,0,0.0,False,0.0
USC00227252,32.0706,-88.7189,QUITMAN 2 NNE,34.4519343029704,Coastal,0,0,0.0,False,0.0
USC00227276,32.1433,-89.5525,RALEIGH 6N,51.824138491917076,Rural,9,0,0.0,False,0.0
USC00227444,31.3656,-88.9322,RICHTON 1 N,36.060955615628856,Coastal,9,0,0.0,False,0.0
USC00227560,32.8978,-90.8853,ROLLING FK,63.360083069143656,Rural,9,0,0.0,False,0.0
USC00227595,32.3975,-90.0647,ROSS BARNETT RESERVR,1.6298723659589378,Coastal,9,0,0.0,False,0.0
USC00227831,32.5861,-90.6261,SATARTIA 8 SW,35.95926708656746,Coastal,9,0,0.0,False,0.0
USC00227840,30.6264,-89.055,SAUCIER EXP FOREST,18.16312689038215,Coastal,9,0,0.0,False,0.0
USC00228053,31.8597,-88.6953,SHUBUTA,49.705205739610335,Coastal,9,0,0.0,False,0.0
USC00228374,33.4692,-88.7822,STATE UNIV,0.9710726311596963,Coastal,9,0,0.0,False,0.0
USC00228413,30.3678,-89.4544,STENNIS-DIAMONDHEAD,6.205237845436853,Coastal,9,3,33.33,True,33.33
USC00228445,33.4311,-90.9108,STONEVILLE EXP STN,10.538944833581287,Coastal,9,0,0.0,False,0.0
USC00228556,31.4222,-89.5386,SUMRALL,17.48041928279262,Coastal,9,0,0.0,False,0.0
USC00228899,32.4686,-88.6083,TOPTON 2,9.550967639169293,Coastal,9,0,0.0,False,0.0
USC00229048,31.08,-90.0603,TYLERTOWN 5ESE,47.381998934901674,Coastal,9,1,11.11,False,11.11
USC00229072,31.6819,-90.7831,UNION CHURCH,36.442066697207736,Coastal,9,1,11.11,False,11.11
USC00229114,33.3253,-89.7539,VAIDEN 1 SSW,51.6628399435162,Rural,9,0,0.0,False,0.0
USC00229157,30.4856,-88.6547,VANCLEAVE,7.467599473517183,Coastal,9,0,0.0,False,0.0
USC00229216,32.3567,-90.8444,VICKSBURG MILITARY PK,0.0,Coastal,0,0,0.0,False,0.0
USC00229230,32.385,-90.8753,VICKSBURG CITY,0.0,Coastal,9,0,0.0,False,0.0
USC00229326,32.5972,-89.4606,WALNUT GROVE,70.99960021240481,Rural,9,0,0.0,False,0.0
USC00229426,30.2947,-89.3831,WAVELAND,2.3043561289148395,Coastal,9,2,22.22,True,22.22
USC00229439,31.6772,-88.6708,WAYNESBORO 2 W,48.44124645529076,Coastal,9,0,0.0,False,0.0
USC00229597,32.0844,-89.7056,WHITE OAK 2 N,40.70585836251168,Coastal,9,0,0.0,False,0.0
USC00229639,30.8528,-89.1369,WIGGINS,46.56579520152782,Coastal,9,0,0.0,False,0.0
USC00229743,33.4844,-89.625,WINONA 5 E,41.92837496286268,Coastal,9,0,0.0,False,0.0
USC00229793,31.0931,-91.2325,WOODVILLE 4 ESE,61.69234668360161,Rural,9,1,11.11,False,11.11
USC00229860,32.9028,-90.3817,YAZOO CITY 5 NNE,61.13102238432362,Rural,9,0,0.0,False,0.0
USC00410144,27.7283,-98.0678,ALICE,49.13894959879218,Coastal,9,3,33.33,True,33.33
USC00410190,31.6094,-95.1342,ALTO 5 SW,46.023884010799485,Coastal,9,4,44.44,True,44.44
USC00410202,32.4644,-97.1831,ALVARADO 4NE,14.348106270116949,Coastal,0,0,0.0,False,0.0
USC00410204,29.3653,-95.2336,ALVIN,9.283909363311492,Coastal,9,3,33.33,True,33.33
USC00410206,33.3867,-97.7164,ALVORD 3 N,64.91857573591258,Rural,9,0,0.0,False,0.0
USC00410235,29.7878,-94.6342,ANAHUAC,26.930514752179388,Coastal,9,4,44.44,True,44.44
USC00410246,30.7578,-97.8614,ANDICE 2 SW,19.606157391372314,Coastal,9,0,0.0,False,0.0
USC00410257,29.1572,-95.4592,ANGLETON 2 W,6.8740864315521355,Coastal,9,3,33.33,True,33.33
USC00410271,33.4414,-98.3689,ANTELOPE,59.085355968718105,Rural,9,1,11.11,False,11.11
USC00410297,31.8389,-97.2108,AQUILLA 1 SSE,27.537888666837453,Coastal,9,0,0.0,False,0.0
USC00410305,28.3081,-96.8047,ARANSAS WR,39.02737234924746,Coastal,9,3,33.33,True,33.33
USC00410337,32.7572,-97.0736,ARLINGTON SIX FLAGS,0.0,Coastal,9,0,0.0,False,0.0
USC00410404,32.1633,-95.83,ATHENS,4.77855917121247,Coastal,9,3,33.33,True,33.33
USC00410408,33.1244,-94.1661,ATLANTA,0.0,Coastal,9,3,33.33,True,33.33
USC00410431,30.2247,-97.7328,AUSTIN 6S,0.0,Coastal,9,2,22.22,True,22.22
USC00410436,28.3889,-96.8389,AUSTWELL,36.5682430685798,Coastal,0,0,0.0,False,0.0
USC00410518,32.2631,-96.6369,BARDWELL DAM,23.439104514099736,Coastal,9,0,0.0,False,0.0
USC00410569,28.9797,-95.975,BAY CITY WTR WKS,24.319109666049783,Coastal,9,3,33.33,True,33.33
USC00410586,29.9142,-94.9908,BAYTOWN,4.583377872600602,Coastal,9,3,33.33,True,33.33
USC00410611,30.0969,-94.0997,BEAUMONT CITY,0.0,Coastal,9,5,55.56,True,55.56
USC00410613,30.0686,-94.2928,BEAUMONT RSCH CTR,3.457204448861011,Coastal,9,3,33.33,True,33.33
USC00410639,28.4575,-97.7061,BEEVILLE 5 NE,4.30469276222688,Coastal,9,3,33.33,True,33.33
USC00410655,30.0317,-96.2167,BELLVILLE 6NNE,56.701525406780604,Rural,9,3,33.33,True,33.33
USC00410660,29.5244,-97.685,BELMONT,50.85897042330221,Rural,9,3,33.33,True,33.33
USC00410690,27.5969,-98.4161,BENAVIDES #2,90.58053315237738,Rural,9,4,44.44,True,44.44
USC00410691,32.6475,-97.4439,BENBROOK DAM,1.6322348560363849,Coastal,9,1,11.11,False,11.11
USC00410738,30.7625,-98.0214,BERTRAM 3 ENE,32.669603080401885,Coastal,9,0,0.0,False,0.0
USC00410805,27.5842,-97.8031,BISHOP,31.96419006341407,Coastal,9,4,44.44,True,44.44
USC00410832,30.095,-98.4142,BLANCO,53.33104955029408,Rural,9,2,22.22,True,22.22
USC00411026,32.0508,-96.9661,BRANDON,49.17542838077437,Coastal,9,1,11.11,False,11.11
USC00411035,32.6489,-98.1336,BRAZOS,20.67495038383985,Coastal,9,1,11.11,False,11.11
USC00411045,31.1586,-96.6828,BREMOND,65.64372665260207,Rural,9,1,11.11,False,11.11
USC00411048,30.1592,-96.3972,BRENHAM,55.39898852758878,Rural,9,2,22.22,True,22.22
USC00411063,33.2064,-97.7761,BRIDGEPORT,58.48823330197041,Rural,9,1,11.11,False,11.11
USC00411089,31.305,-94.2703,BROADDUS,42.73757928020119,Coastal,9,4,44.44,True,44.44
USC00411215,29.7383,-98.4522,BULVERDE,10.151015836929421,Coastal,9,2,22.22,True,22.22
USC00411246,32.5067,-97.3444,BURLESON,4.019160534475683,Coastal,9,0,0.0,False,0.0
USC00411250,30.7586,-98.2339,BURNET,49.20069712322434,Coastal,9,0,0.0,False,0.0
USC00411253,30.7247,-98.3842,BURNET 9 WSW,62.08018974991748,Rural,9,0,0.0,False,0.0
USC00411314,30.5328,-96.7022,CALDWELL,34.22516426918316,Coastal,9,3,33.33,True,33.33
USC00411337,28.4658,-98.3539,CALLIHAM,71.97768415309532,Rural,9,2,22.22,True,22.22
USC00411348,30.8458,-96.97,CAMERON,32.60216980561493,Coastal,9,2,22.22,True,22.22
USC00411429,29.8608,-98.1958,CANYON DAM,16.030685293361575,Coastal,9,3,33.33,True,33.33
USC00411433,29.9461,-98.3967,CANYON DAM #3,37.49898417141773,Coastal,9,3,33.33,True,33.33
USC00411500,32.1614,-94.3397,CARTHAGE,0.0,Coastal,0,0,0.0,False,0.0
USC00411541,30.0164,-97.4786,CEDAR CREEK 5 S,35.29523225389872,Coastal,9,1,11.11,False,11.11
USC00411578,31.8194,-94.2528,CENTER,3.5973134360182413,Coastal,9,4,44.44,True,44.44
USC00411580,31.4683,-98.4106,CENTER CITY,71.75522945953311,Rural,9,1,11.11,False,11.11
USC00411596,31.2581,-95.9744,CENTERVILLE,33.61330057155486,Coastal,9,4,44.44,True,44.44
USC00411625,32.1561,-97.9369,CHALK MTN,38.73497698446761,Coastal,9,1,11.11,False,11.11
USC00411671,29.3092,-97.4061,CHEAPSIDE,70.808496266037,Rural,9,2,22.22,True,22.22
USC00411711,31.5039,-94.3522,CHIRENO,31.482760830226752,Coastal,9,4,44.44,True,44.44
USC00411720,28.4675,-98.2525,CHOKE CANYON DAM,60.76495377842474,Rural,9,3,33.33,True,33.33
USC00411800,32.3139,-97.4061,CLEBURNE,30.262362120743525,Coastal,9,0,0.0,False,0.0
USC00411804,32.33,-97.3122,CLEBURNE 7SE,27.31818698631413,Coastal,9,1,11.11,False,11.11
USC00411810,30.3636,-95.0839,CLEVELAND,29.154683798511655,Coastal,9,3,33.33,True,33.33
USC00411838,29.7067,-95.6878,CLODINE,0.0,Coastal,9,2,22.22,True,22.22
USC00411880,28.7156,-97.1742,COLETO CREEK RSVR,18.408396462080052,Coastal,9,3,33.33,True,33.33
USC00411911,29.6989,-96.5731,COLUMBUS,83.14957851746401,Rural,9,2,22.22,True,22.22
USC00411921,33.1997,-95.9283,COMMERCE 4SW,17.880268588126437,Coastal,9,0,0.0,False,0.0
USC00411956,30.3303,-95.4831,CONROE,0.0,Coastal,9,2,22.22,True,22.22
USC00411970,33.3744,-95.6933,COOPER,40.1865838689988,Coastal,9,0,0.0,False,0.0
USC00411990,31.1603,-97.9564,COPPERAS COVE 5 NW,18.852990242110053,Coastal,9,0,0.0,False,0.0
USC00412011,27.7792,-97.5056,CORPUS CHRISTI NWS,1.6431314695684833,Coastal,0,0,0.0,False,0.0
USC00412013,27.6606,-97.3983,C C BOTANICAL GARDENS,1.6228403743506694,Coastal,9,3,33.33,True,33.33
USC00412017,31.0033,-94.8161,CORRIGAN 1 ENE,23.68673911357922,Coastal,9,4,44.44,True,44.44
USC00412019,32.1225,-96.4867,CORSICANA,0.0,Coastal,9,1,11.11,False,11.11
USC00412020,32.1183,-96.3256,CORSICANA 8 E,13.376811980512766,Coastal,9,1,11.11,False,11.11
USC00412086,31.7731,-97.8264,CRANFILLS GAP,31.567779443129343,Coastal,9,0,0.0,False,0.0
USC00412088,31.5333,-97.4525,CRAWFORD,20.842739668281514,Coastal,9,1,11.11,False,11.11
USC00412096,32.5225,-97.6478,CRESSON,13.507337999976244,Coastal,9,1,11.11,False,11.11
USC00412114,31.3072,-95.4508,CROCKETT,59.27536307151724,Rural,9,2,22.22,True,22.22
USC00412173,29.0892,-97.3433,CUERO,46.23412561947321,Coastal,9,3,33.33,True,33.33
USC00412206,30.0211,-95.7069,CYPRESS,5.519915214363201,Coastal,9,2,22.22,True,22.22
USC00412218,30.4364,-95.7919,DACUS,30.105241905735888,Coastal,9,2,22.22,True,22.22
USC00412225,32.9203,-94.7225,DAINGERFIELD 9 S,6.731951759471872,Coastal,9,3,33.33,True,33.33
USC00412266,29.0661,-96.2583,DANEVANG 1 W,50.87736823896413,Rural,9,2,22.22,True,22.22
USC00412295,30.8014,-97.2689,DAVILLA 2N,31.428280189087545,Coastal,9,1,11.11,False,11.11
USC00412334,33.2219,-97.5872,DECATUR,46.960979884615696,Coastal,9,1,11.11,False,11.11
USC00412352,33.4797,-94.6175,DEKALB,52.1608497513986,Rural,0,0,0.0,False,0.0
USC00412404,33.1992,-97.105,DENTON 2 SE,0.0,Coastal,9,0,0.0,False,0.0
USC00412444,31.8614,-95.2619,DIALVILLE 2 W,11.043671487485865,Coastal,9,4,44.44,True,44.44
USC00412462,30.3558,-96.8289,DIME BOX,36.82189012287435,Coastal,9,3,33.33,True,33.33
USC00412558,31.6481,-94.8997,DOUGLASS 1 S,22.30875498361981,Coastal,0,0,0.0,False,0.0
USC00412585,30.2194,-97.9878,DRIPPING SPRINGS 6 E,9.111942872350896,Coastal,9,1,11.11,False,11.11
USC00412598,32.0628,-98.3047,DUBLIN 2SE,73.88368082855759,Rural,9,2,22.22,True,22.22
USC00412758,26.2981,-98.1575,EDINBURG,0.0,Coastal,0,0,0.0,False,0.0
USC00412770,29.0622,-96.7714,EDNA 7 NW,32.809832627776416,Coastal,9,4,44.44,True,44.44
USC00412772,32.3656,-95.6089,EDOM,25.108691983138144,Coastal,9,4,44.44,True,44.44
USC00412786,29.2,-96.2653,EL CAMPO,56.40409217275993,Rural,9,3,33.33,True,33.33
USC00412820,30.3642,-97.37,ELGIN 1 N,28.963066585302222,Coastal,9,2,22.22,True,22.22
USC00412902,32.8711,-95.7797,EMORY,47.60844489083587,Coastal,0,0,0.0,False,0.0
USC00413000,30.3333,-94.0833,EVADALE,1.5087399006592273,Coastal,0,0,0.0,False,0.0
USC00413005,31.4625,-98.1619,EVANT 1SSW,44.3512726165052,Coastal,9,0,0.0,False,0.0
USC00413047,31.7322,-96.2078,FAIRFIELD 3W,25.734847065139373,Coastal,9,2,22.22,True,22.22
USC00413063,27.1353,-98.1203,FALFURRIAS,98.32316520403769,Rural,7,3,42.86,True,42.86
USC00413065,28.9614,-98.1103,FALLS CITY 7 WSW,61.665757680181116,Rural,9,3,33.33,True,33.33
USC00413080,33.1414,-96.2933,FARMERSVILLE,16.747897278340943,Coastal,9,0,0.0,False,0.0
USC00413112,30.2758,-97.0192,FEDOR 3SE,36.82177189239934,Coastal,0,0,0.0,False,0.0
USC00413133,32.5339,-96.6608,FERRIS,15.849109188671125,Coastal,9,0,0.0,False,0.0
USC00413156,29.9744,-98.2669,FISCHERS STORE,32.62362095700067,Coastal,9,2,22.22,True,22.22
USC00413171,31.3089,-97.6306,FLAT,17.662073641991487,Coastal,9,1,11.11,False,11.11
USC00413183,29.6339,-97.0644,FLATONIA 4SE,96.18346564205932,Rural,9,3,33.33,True,33.33
USC00413199,30.8394,-97.7928,FLORENCE,22.82094787567074,Coastal,9,1,11.11,False,11.11
USC00413201,29.1333,-98.1628,FLORESVILLE,40.923923568506524,Coastal,9,3,33.33,True,33.33
USC00413247,33.4661,-97.5797,FORESTBURG 5 S,55.63492416338972,Rural,9,0,0.0,False,0.0
USC00413285,32.8342,-97.2981,FT WORTH WSFO,0.0,Coastal,9,0,0.0,False,0.0
USC00413289,32.8472,-97.4761,FT WORTH NATURE CTR,0.32089867647990616,Coastal,0,0,0.0,False,0.0
USC00413321,31.0328,-96.4889,FRANKLIN,42.38222542485077,Coastal,9,1,11.11,False,11.11
USC00413340,28.9844,-95.3808,FREEPORT 2 NW,0.0,Coastal,9,4,44.44,True,44.44
USC00413370,33.1925,-96.7931,FRISCO,10.323921924853272,Coastal,9,0,0.0,False,0.0
USC00413485,31.4144,-97.7019,GATESVILLE,10.227683429263399,Coastal,9,1,11.11,False,11.11
USC00413507,30.6764,-97.7208,GEORGETOWN LAKE,0.7631602942092303,Coastal,9,1,11.11,False,11.11
USC00413508,28.3064,-98.1222,GEORGE W 2 SSW,47.9388321713319,Coastal,9,4,44.44,True,44.44
USC00413525,30.1872,-96.8594,GIDDINGS 5E,52.94388562007584,Rural,9,3,33.33,True,33.33
USC00413546,32.7464,-95.0497,GILMER 4 WNW,31.32492199117479,Coastal,9,3,33.33,True,33.33
USC00413618,28.6617,-97.385,GOLIAD,41.56544592399115,Coastal,9,2,22.22,True,22.22
USC00413620,28.6703,-97.3778,GOLIAD 1 E,40.45072765078804,Coastal,9,2,22.22,True,22.22
USC00413622,29.4744,-97.4481,GONZALES 2S,73.29036385088267,Rural,9,3,33.33,True,33.33
USC00413624,29.4358,-97.5178,GONZALES 10 SW,71.73203015314265,Rural,9,2,22.22,True,22.22
USC00413639,32.5408,-98.3814,GORDON 1SW,44.91945283987111,Coastal,9,3,33.33,True,33.33
USC00413675,32.5217,-97.8069,GRANBURY 5N,4.377154697350528,Coastal,9,1,11.11,False,11.11
USC00413685,30.715,-97.4483,GRANGER,25.7575235416615,Coastal,9,1,11.11,False,11.11
USC00413686,30.7189,-97.3211,GRANGER DAM,29.23994369160342,Coastal,9,2,22.22,True,22.22
USC00413691,32.9506,-97.0553,GRAPEVINE DAM,0.0,Coastal,9,0,0.0,False,0.0
USC00413734,33.1678,-96.0983,GREENVILLE KGVL RADIO,0.28634516435590107,Coastal,9,0,0.0,False,0.0
USC00413776,31.4406,-96.4825,GROESBECK 7SE,36.421436106906235,Coastal,9,1,11.11,False,11.11
USC00413778,31.1964,-95.1461,GROVETON,37.383877958451116,Coastal,0,0,0.0,False,0.0
USC00413846,33.3361,-95.2486,HAGANSPORT,32.88611735226199,Coastal,9,1,11.11,False,11.11
USC00413873,29.4706,-96.9397,HALLETTSVILLE 2 N,75.29637445305505,Rural,9,5,55.56,True,55.56
USC00413877,32.4478,-94.5956,HALLSVILLE 4 S,4.134690978516626,Coastal,9,4,44.44,True,44.44
USC00413884,31.7089,-98.115,HAMILTON,44.92355543108218,Coastal,9,0,0.0,False,0.0
USC00413941,32.6761,-94.5781,HARLETON,15.56181715641338,Coastal,9,3,33.33,True,33.33
USC00413943,26.2028,-97.6728,HARLINGEN,0.0,Coastal,9,4,44.44,True,44.44
USC00414020,32.5781,-95.2033,HAWKINS,22.615200903616095,Coastal,9,3,33.33,True,33.33
USC00414076,31.35,-93.8333,HEMPHILL,52.207613277016534,Rural,0,0,0.0,False,0.0
USC00414077,31.4072,-93.7842,HEMPHILL 6 NE,61.100419644522944,Rural,9,3,33.33,True,33.33
USC00414081,32.1828,-94.7967,HENDERSON,0.0,Coastal,9,4,44.44,True,44.44
USC00414137,31.9844,-98.0311,HICO,63.60362546666706,Rural,9,1,11.11,False,11.11
USC00414182,32.0161,-97.1094,HILLSBORO,48.59713078278662,Coastal,9,1,11.11,False,11.11
USC00414202,32.7275,-95.1925,HOLLY LAKE RCH,41.57099621783162,Coastal,9,2,22.22,True,22.22
USC00414313,29.8142,-95.7275,HOUSTON BARKER,0.0,Coastal,9,3,33.33,True,33.33
USC00414315,29.7283,-95.1306,HOUSTON DEER PARK,0.0,Coastal,9,3,33.33,True,33.33
USC00414321,29.7914,-95.4261,HOUSTON HTS,0.0,Coastal,9,3,33.33,True,33.33
USC00414325,29.7003,-95.4292,HOUSTON-WESTBURY,0.0,Coastal,9,3,33.33,True,33.33
USC00414326,29.7456,-95.28,HOUSTON-PORT,0.0,Coastal,9,3,33.33,True,33.33
USC00414327,29.8733,-95.5275,HOUSTON N HOUSTON,0.0,Coastal,9,3,33.33,True,33.33
USC00414333,29.4717,-95.0833,HOUSTON NWSO,0.0,Coastal,9,4,44.44,True,44.44
USC00414343,32.3389,-98.2972,HUCKABAY,56.66994317839714,Rural,9,1,11.11,False,11.11
USC00414382,30.7064,-95.5422,HUNTSVILLE,0.0,Coastal,9,2,22.22,True,22.22
USC00414390,31.6544,-97.7086,HURST SPRINGS,16.543369115140923,Coastal,9,0,0.0,False,0.0
USC00414505,32.0914,-97.1211,ITASCA 5SSW,48.64426733680883,Coastal,9,1,11.11,False,11.11
USC00414517,33.2064,-98.1689,JACKSBORO,46.865697448552616,Coastal,9,3,33.33,True,33.33
USC00414525,31.9622,-95.2736,JACKSONVILLE,0.0,Coastal,7,2,28.57,True,28.57
USC00414531,29.1967,-94.9883,JAMAICA BEACH,11.329814539759102,Coastal,9,3,33.33,True,33.33
USC00414556,30.8294,-97.6011,JARRELL,20.858915265946163,Coastal,9,1,11.11,False,11.11
USC00414563,30.9153,-94.0097,JASPER,0.0,Coastal,9,3,33.33,True,33.33
USC00414575,29.7664,-97.3164,JEDDO 3S,67.1806870510229,Rural,9,2,22.22,True,22.22
USC00414577,32.7692,-94.3592,JEFFERSON,0.5309359288643769,Coastal,0,0,0.0,False,0.0
USC00414597,32.6406,-96.9747,JOE POOL LAKE,0.0,Coastal,9,0,0.0,False,0.0
USC00414605,30.3,-98.4094,JOHNSON CITY 2N,56.014689179118875,Rural,9,1,11.11,False,11.11
USC00414679,33.0806,-97.2967,JUSTIN,16.835998918562055,Coastal,9,0,0.0,False,0.0
USC00414693,32.6664,-94.1781,KARNACK,20.407203737692768,Coastal,9,3,33.33,True,33.33
USC00414696,28.9069,-97.8756,KARNES CITY 2N,64.36553768600487,Rural,9,3,33.33,True,33.33
USC00414704,29.8025,-95.8197,KATY CITY,3.737123226834927,Coastal,9,2,22.22,True,22.22
USC00414705,32.5589,-96.2725,KAUFMAN 3 SE,40.13617653251362,Coastal,9,0,0.0,False,0.0
USC00414708,32.6139,-96.1394,KAUFMAN 13ENE,49.490200275882735,Coastal,0,0,0.0,False,0.0
USC00414792,31.0658,-97.6919,KILLEEN,2.866445807994136,Coastal,0,0,0.0,False,0.0
USC00414805,29.6833,-97.7672,KINGSBURY,29.71933802591376,Coastal,9,2,22.22,True,22.22
USC00414810,27.5311,-97.8497,KINGSVILLE,40.410558463357816,Coastal,9,5,55.56,True,55.56
USC00414866,32.1347,-97.4786,KOPPERL 5 NNE,50.27274438952716,Rural,9,1,11.11,False,11.11
USC00414878,30.375,-94.2994,KOUNTZE,23.763298463865354,Coastal,9,3,33.33,True,33.33
USC00414903,29.9175,-96.8769,LA GRANGE,85.13491814173902,Rural,9,2,22.22,True,22.22
USC00414911,26.3233,-98.3233,LA JOYA,7.803007439832203,Coastal,9,4,44.44,True,44.44
USC00414972,33.225,-97.8317,LAKE BRIDGEPORT DAM,60.163014304624056,Rural,9,1,11.11,False,11.11
USC00414976,32.8228,-95.5278,LAKE FK RSVR,57.24044123977292,Rural,9,2,22.22,True,22.22
USC00414979,32.6433,-98.3181,LAKE PALO PINTO,29.918516277672456,Coastal,9,2,22.22,True,22.22
USC00414980,32.8522,-95.8864,LAKE TAWAKONI,41.512511197030484,Coastal,9,0,0.0,False,0.0
USC00415018,31.0717,-98.1847,LAMPASAS,44.95978374111257,Coastal,9,0,0.0,False,0.0
USC00415094,33.0353,-96.4861,LAVON DAM,8.861635966157683,Coastal,9,0,0.0,False,0.0
USC00415116,32.3,-98.4028,LEATHERWOOD RCH,69.27020612056158,Rural,0,0,0.0,False,0.0
USC00415192,33.0694,-97.0094,LEWISVILLE DAM,0.0,Coastal,9,0,0.0,False,0.0
USC00415193,30.4064,-97.0133,LEXINGTON,20.388859249688345,Coastal,9,2,22.22,True,22.22
USC00415196,30.0592,-94.795,LIBERTY,21.17576348255531,Coastal,9,4,44.44,True,44.44
USC00415229,33.0161,-94.3675,LINDEN,23.112161785468732,Coastal,9,2,22.22,True,22.22
USC00415243,32.5686,-98.0825,LIPAN 4NW,31.262152588054704,Coastal,9,1,11.11,False,11.11
USC00415271,30.7394,-94.9256,LIVINGSTON 2 NNE,0.0,Coastal,9,3,33.33,True,33.33
USC00415285,29.8569,-97.6958,LOCKHART 2SW,23.37932420685404,Coastal,9,2,22.22,True,22.22
USC00415341,32.4725,-94.7172,LONGVIEW,0.0,Coastal,9,4,44.44,True,44.44
USC00415344,32.5183,-94.7189,LONGVIEW #2,0.0,Coastal,9,4,44.44,True,44.44
USC00415415,31.4269,-94.8942,LUFKIN 11 NW,12.621257881909338,Coastal,9,4,44.44,True,44.44
USC00415427,31.3417,-94.7325,LUFKIN #2,0.0,Coastal,7,2,28.57,True,28.57
USC00415429,29.6756,-97.6578,LULING,38.642172328259086,Coastal,9,1,11.11,False,11.11
USC00415430,29.8403,-97.5672,LULING 12 NE,37.793165308323985,Coastal,9,2,22.22,True,22.22
USC00415435,30.2503,-94.1783,LUMBERTON,8.894784941893825,Coastal,9,3,33.33,True,33.33
USC00415477,30.9392,-95.9203,MADISONVILLE,44.07686214645741,Coastal,9,1,11.11,False,11.11
USC00415528,31.9442,-96.8464,MALONE 3ENE,44.081479268156926,Coastal,0,0,0.0,False,0.0
USC00415611,31.305,-96.8767,MARLIN,39.64710986269433,Coastal,9,1,11.11,False,11.11
USC00415618,32.4892,-94.3289,MARSHALL,5.344501621537798,Coastal,9,3,33.33,True,33.33
USC00415659,28.6836,-95.9733,MATAGORDA #2,52.60646335418141,Rural,6,0,0.0,False,0.0
USC00415661,28.0372,-97.8725,MATHIS 4 SSW,33.00306355166997,Coastal,9,4,44.44,True,44.44
USC00415667,33.3322,-94.3436,MAUD,26.928749966726876,Coastal,7,1,14.29,False,14.29
USC00415695,32.3117,-97.0161,MAYPEARL,18.82644817653199,Coastal,0,0,0.0,False,0.0
USC00415701,26.1922,-98.2503,MCALLEN,0.0,Coastal,9,4,44.44,True,44.44
USC00415721,26.565,-98.1236,MCCOOK,30.163732074029404,Coastal,9,5,55.56,True,55.56
USC00415757,31.435,-97.4011,MCGREGOR,18.003993568820746,Coastal,9,1,11.11,False,11.11
USC00415766,33.1828,-96.59,MCKINNEY MUNI AP,3.1518676234487466,Coastal,0,0,0.0,False,0.0
USC00415836,26.0619,-97.8997,MERCEDES 6 SSE,13.450473854464171,Coastal,9,5,55.56,True,55.56
USC00415845,31.93,-97.6608,MERIDIAN,52.6880748376786,Rural,9,0,0.0,False,0.0
USC00415869,31.6181,-96.4497,MEXIA,35.228897916864895,Coastal,0,0,0.0,False,0.0
USC00415897,32.4917,-96.9992,MIDLOTHIAN,0.0,Coastal,9,0,0.0,False,0.0
USC00415904,31.0706,-95.715,MIDWAY 4 NE,43.332056610198485,Coastal,9,4,44.44,True,44.44
USC00415954,32.635,-95.4822,MINEOLA,32.33188772705603,Coastal,9,3,33.33,True,33.33
USC00416024,30.3908,-95.6969,MONTGOMERY,18.497525889126,Coastal,9,2,22.22,True,22.22
USC00416058,32.0139,-97.6131,MORGAN,57.21921094692587,Rural,9,0,0.0,False,0.0
USC00416060,32.3842,-98.1703,MORGAN MILL,41.733039886635744,Coastal,0,0,0.0,False,0.0
USC00416108,33.1631,-95.0097,MT PLEASANT,0.0,Coastal,9,2,22.22,True,22.22
USC00416119,33.1964,-95.2236,MT VERNON,24.142323982696944,Coastal,9,1,11.11,False,11.11
USC00416177,31.6164,-94.6431,NACOGDOCHES,0.0,Coastal,9,3,33.33,True,33.33
USC00416210,31.9611,-96.6881,NAVARRO MILLS DAM,27.842995711972172,Coastal,9,1,11.11,False,11.11
USC00416265,31.6503,-94.1519,NEUVILLE,18.899254354525254,Coastal,0,0,0.0,False,0.0
USC00416270,33.4547,-94.4089,NEW BOSTON,29.535042875958787,Coastal,7,1,14.29,False,14.29
USC00416276,29.6597,-98.1636,NEW BRAUNFELS,6.083943163933313,Coastal,9,1,11.11,False,11.11
USC00416280,30.1375,-95.1783,NEW CANEY 2 E,3.076118500089018,Coastal,9,2,22.22,True,22.22
USC00416331,33.4561,-98.0253,NEWPORT 1SW,77.53259619219774,Rural,0,0,0.0,False,0.0
USC00416335,31.9747,-95.1381,NEW SUMMERFIELD 2W,10.76113244429546,Coastal,9,4,44.44,True,44.44
USC00416341,30.8331,-93.7369,NEWTON,27.621931974356947,Coastal,9,1,11.11,False,11.11
USC00416367,31.1083,-98.3803,NIX STORE 1 W,66.10892274960445,Rural,9,0,0.0,False,0.0
USC00416368,29.2828,-97.7675,NIXON,64.12765518176306,Rural,0,0,0.0,False,0.0
USC00416496,31.5914,-95.8442,OAKWOOD,27.73224608167206,Coastal,9,4,44.44,True,44.44
USC00416649,33.1836,-94.7792,OMAHA 2 W,15.81456643639988,Coastal,0,0,0.0,False,0.0
USC00416664,30.0858,-93.7417,ORANGE,0.0,Coastal,9,3,33.33,True,33.33
USC00416680,30.2267,-93.7389,ORANGE 9 N,9.172381451048892,Coastal,9,3,33.33,True,33.33
USC00416766,32.7664,-98.3083,PALO PINTO,18.472226529269847,Coastal,9,2,22.22,True,22.22
USC00417017,31.2789,-97.8883,PIDCOKE,20.32805184345166,Coastal,9,1,11.11,False,11.11
USC00417020,29.2353,-96.1817,PIERCE 1 E,48.933871741864984,Coastal,9,3,33.33,True,33.33
USC00417040,31.2447,-93.9658,PINELAND,35.716154364180525,Coastal,9,3,33.33,True,33.33
USC00417066,32.9264,-94.9392,PITTSBURG 5 SSE,28.28555765758712,Coastal,0,0,0.0,False,0.0
USC00417111,28.9606,-98.4772,PLEASANTON,50.245841739674965,Rural,0,0,0.0,False,0.0
USC00417140,28.6575,-96.5553,PT COMFORT,0.0,Coastal,9,3,33.33,True,33.33
USC00417170,27.8139,-97.075,PORT ARANSAS,1.7876021929111308,Coastal,9,4,44.44,True,44.44
USC00417172,29.9044,-93.9708,PORT ARTHUR CITY,0.0,Coastal,9,3,33.33,True,33.33
USC00417179,26.095,-97.3069,PORT ISABEL,14.928094074369046,Coastal,9,3,33.33,True,33.33
USC00417183,28.6078,-96.6417,PORT LAVACA,1.2170074320202078,Coastal,9,1,11.11,False,11.11
USC00417184,26.5533,-97.4278,PORT MANSFIELD,49.210332980706305,Coastal,9,4,44.44,True,44.44
USC00417186,28.4342,-96.4278,PORT O'CONNOR,28.499027666470152,Coastal,0,0,0.0,False,0.0
USC00417300,31.9633,-98.4942,PROCTOR RSVR,98.45090540973149,Rural,9,2,22.22,True,22.22
USC00417365,32.7931,-95.435,QUITMAN 2,50.75674781942296,Rural,9,2,22.22,True,22.22
USC00417388,32.2619,-97.7064,RAINBOW,23.0031999951876,Coastal,9,1,11.11,False,11.11
USC00417458,26.4644,-97.7847,RAYMONDVILLE,26.007440572155442,Coastal,9,4,44.44,True,44.44
USC00417530,28.2939,-97.3297,REFUGIO 3 SW,37.00093026130864,Coastal,9,3,33.33,True,33.33
USC00417533,28.3294,-97.2947,REFUGIO 2 NW,39.09409800016053,Coastal,9,2,22.22,True,22.22
USC00417550,32.8136,-97.5756,REMUDA,7.290701484142082,Coastal,9,1,11.11,False,11.11
USC00417586,30.5381,-95.8458,RICHARDS,34.83069291231082,Coastal,0,0,0.0,False,0.0
USC00417588,32.9964,-96.7428,RICHARDSON,0.0,Coastal,9,0,0.0,False,0.0
USC00417594,29.5839,-95.7553,RICHMOND,0.0,Coastal,9,3,33.33,True,33.33
USC00417659,33.005,-97.2331,ROANOKE,5.256467251205851,Coastal,9,0,0.0,False,0.0
USC00417677,27.7894,-97.6619,ROBSTOWN,3.3780085865025575,Coastal,9,4,44.44,True,44.44
USC00417685,30.6431,-97.0372,ROCKDALE,6.031363412268131,Coastal,9,3,33.33,True,33.33
USC00417704,28.0183,-97.0567,ROCKPORT,0.0,Coastal,9,3,33.33,True,33.33
USC00417707,32.9331,-96.4647,ROCKWALL,0.0,Coastal,9,0,0.0,False,0.0
USC00417744,31.0736,-96.9789,ROSEBUD,39.213014218036115,Coastal,9,1,11.11,False,11.11
USC00417773,32.4578,-96.4558,ROSSER,37.013892656586854,Coastal,9,0,0.0,False,0.0
USC00417787,30.4247,-98.3492,ROUND MTN,53.933511053682565,Rural,0,0,0.0,False,0.0
USC00417791,30.5414,-97.635,ROUND ROCK 3 NE,2.478929859281774,Coastal,9,2,22.22,True,22.22
USC00417836,28.8297,-97.7133,RUNGE,51.285294639816286,Rural,9,3,33.33,True,33.33
USC00417841,31.8092,-95.1428,RUSK,21.410790768701908,Coastal,9,5,55.56,True,55.56
USC00417936,31.0619,-94.1011,SAM RAYBURN DAM,14.241036382349494,Coastal,9,3,33.33,True,33.33
USC00417947,29.4703,-98.4728,SAN ANTONIO INCARNATE WORD,0.0,Coastal,9,3,33.33,True,33.33
USC00417951,31.5192,-94.1186,SAN AUGUSTINE,36.427488570400925,Coastal,9,3,33.33,True,33.33
USC00417981,26.565,-98.1189,SAN MANUEL,30.268075008909314,Coastal,0,0,0.0,False,0.0
USC00417983,29.8833,-97.9494,SAN MARCOS,0.0,Coastal,9,1,11.11,False,11.11
USC00418059,26.2656,-97.8714,SANTA ROSA 3 WNW,14.855278930144705,Coastal,9,3,33.33,True,33.33
USC00418081,27.2169,-97.6956,SARITA 7 E,64.22195854522926,Rural,9,4,44.44,True,44.44
USC00418126,29.6825,-96.8564,SCHULENBURG,103.35390277244491,Rural,9,4,44.44,True,44.44
USC00418187,29.5519,-97.9703,SEGUIN 1 SSW,23.046128930316957,Coastal,9,2,22.22,True,22.22
USC00418311,30.3703,-94.2019,SILSBEE 4 N,12.969773841961823,Coastal,9,3,33.33,True,33.33
USC00418354,28.1011,-97.5689,SINTON,26.078259944540335,Coastal,9,4,44.44,True,44.44
USC00418415,30.0092,-97.1644,SMITHVILLE,62.23360953567779,Rural,9,2,22.22,True,22.22
USC00418446,30.3367,-96.5403,SOMERVILLE DAM,38.48923309164152,Coastal,9,2,22.22,True,22.22
USC00418487,26.1375,-97.1742,S PADRE IS,8.13832340239313,Coastal,9,3,33.33,True,33.33
USC00418519,29.2728,-96.6858,SPEAKS 2,59.93176529380215,Rural,9,4,44.44,True,44.44
USC00418531,30.4814,-98.1606,SPICEWOOD,32.92166123551797,Coastal,9,1,11.11,False,11.11
USC00418544,29.8653,-98.3797,SPRING BRANCH 2SE,27.96359465932758,Coastal,9,2,22.22,True,22.22
USC00418646,31.0372,-97.5283,STILLHOUSE HOLLOW DAM,15.607517778672834,Coastal,9,1,11.11,False,11.11
USC00418658,29.3258,-97.9753,STOCKDALE 6N,45.09291971181289,Coastal,9,3,33.33,True,33.33
USC00418696,32.6592,-98.4678,STRAWN 8 NNE,41.09387496570124,Coastal,9,1,11.11,False,11.11
USC00418728,29.6197,-95.6575,SUGAR LAND,0.0,Coastal,7,0,0.0,False,0.0
USC00418743,33.1481,-95.6269,SULPHUR SPRINGS,50.07022891743476,Rural,9,0,0.0,False,0.0
USC00418862,30.5844,-97.4156,TAYLOR 1NW,27.35789894601168,Coastal,9,2,22.22,True,22.22
USC00418929,32.7336,-96.3225,TERRELL,25.881873218616864,Coastal,9,0,0.0,False,0.0
USC00418942,33.4367,-94.0772,TEXARKANA,0.0,Coastal,9,3,33.33,True,33.33
USC00418996,29.4822,-95.6314,THOMPSONS 3 WSW,10.538585167752778,Coastal,9,4,44.44,True,44.44
USC00419001,30.6147,-97.2086,THORNDALE,12.737694850969378,Coastal,9,2,22.22,True,22.22
USC00419004,31.3917,-96.5656,THORNTON 1SSE,46.897622554385315,Coastal,9,1,11.11,False,11.11
USC00419007,28.5806,-98.1186,THREE RIVERS 9 NE,50.07135385214085,Rural,9,3,33.33,True,33.33
USC00419068,31.175,-93.5653,TOLEDO BEND DAM,36.60972001843727,Coastal,9,3,33.33,True,33.33
USC00419076,30.1003,-95.6114,TOMBALL,0.0,Coastal,9,2,22.22,True,22.22
USC00419099,30.8836,-98.4708,TOW,80.14139908807407,Rural,9,0,0.0,False,0.0
USC00419101,30.7931,-94.1819,TOWN BLUFF DAM,22.95334642226583,Coastal,9,3,33.33,True,33.33
USC00419125,33.4311,-96.3397,TRENTON,34.76118132723371,Coastal,9,0,0.0,False,0.0
USC00419153,31.2061,-97.2956,TROY,8.895409107218896,Coastal,9,1,11.11,False,11.11
USC00419207,32.3008,-95.3103,TYLER,0.0,Coastal,9,4,44.44,True,44.44
USC00419282,31.6606,-97.4661,VALLEY MILLS,26.60947461818936,Coastal,9,1,11.11,False,11.11
USC00419361,28.8608,-97.0181,VICTORIA FIRE DEPT #5,0.06872238399695417,Coastal,9,3,33.33,True,33.33
USC00419367,28.8439,-96.9214,VICTORIA RGNL AP,4.128538623991454,Coastal,9,3,33.33,True,33.33
USC00419415,31.5481,-97.2072,WACO,0.0,Coastal,9,1,11.11,False,11.11
USC00419417,31.6003,-97.2169,WACO DAM,0.0,Coastal,9,1,11.11,False,11.11
USC00419491,30.3236,-96.1594,WASHINGTON SP,32.412707925568455,Coastal,9,2,22.22,True,22.22
USC00419503,32.525,-95.1306,WATERS BLUFF,20.86397623881894,Coastal,7,2,28.57,True,28.57
USC00419504,30.9297,-98.0219,WATSON,36.57490595559486,Coastal,9,0,0.0,False,0.0
USC00419522,32.4281,-96.8422,WAXAHACHIE,0.0,Coastal,9,0,0.0,False,0.0
USC00419532,32.7478,-97.7703,WEATHERFORD,29.882056821896008,Coastal,9,1,11.11,False,11.11
USC00419559,28.1136,-97.4178,WELDER WILDLIFE FOUNDATION,29.609932927557004,Coastal,9,3,33.33,True,33.33
USC00419588,26.1781,-97.9708,WESLACO,0.0,Coastal,6,3,50.0,True,50.0
USC00419593,31.8119,-97.0797,W,21.98472842123466,Coastal,9,1,11.11,False,11.11
USC00419655,29.3178,-96.0847,WHARTON,40.978951597062164,Coastal,0,0,0.0,False,0.0
USC00419708,32.2039,-95.2342,WHITEHOUSE 3 S,9.440767901721776,Coastal,9,4,44.44,True,44.44
USC00419709,32.5164,-94.8914,WHITE OAK 1 WSW,2.5472609596267475,Coastal,9,4,44.44,True,44.44
USC00419715,31.8611,-97.375,WHITNEY DAM,37.90675303629327,Coastal,9,0,0.0,False,0.0
USC00419717,28.6314,-98.2775,WHITSETT,68.85120970841434,Rural,9,1,11.11,False,11.11
USC00419754,30.5347,-94.4456,WILDWOOD,46.34659807530343,Coastal,0,0,0.0,False,0.0
USC00419800,32.7019,-96.015,WILLS PT,54.40093041028651,Rural,9,0,0.0,False,0.0
USC00419815,30.0017,-98.1047,WIMBERLEY 1 NW,17.242972032465115,Coastal,9,2,22.22,True,22.22
USC00419836,33.025,-95.2411,WINNSBORO 5 NNE,31.280361242743002,Coastal,9,2,22.22,True,22.22
USC00419859,33.3675,-96.0675,WOLFE CITY,26.68963374779546,Coastal,0,0,0.0,False,0.0
USC00419898,30.7678,-94.4117,WOODVILLE,45.363275949291584,Coastal,9,3,33.33,True,33.33
USC00419916,33.3039,-94.1583,WRIGHT PATMAN DM & LK,14.882760791052075,Coastal,9,3,33.33,True,33.33
USC00419952,29.2739,-97.1556,YOAKUM,52.8483721374334,Rural,0,0,0.0,False,0.0
USC00419953,28.9803,-97.5186,YORKTOWN,55.532894936614824,Rural,9,3,33.33,True,33.33
USC00419962,30.9597,-97.7183,YOUNGSPORT,15.792103953295737,Coastal,9,1,11.11,False,11.11
USW00003855,30.35,-87.3167,PENSACOLA FOREST SHERMAN NAS,5.653506532494384,Coastal,0,0,0.0,False,0.0
USW00003866,32.55,-88.5667,MERIDIAN NAAS,20.48880896199433,Coastal,8,0,0.0,False,0.0
USW00003881,32.8661,-87.2383,CENTREVILLE 6 SW,47.59601963730823,Coastal,9,0,0.0,False,0.0
USW00003901,32.3908,-94.7139,LONGVIEW E TX RGNL AP,5.2212718272852285,Coastal,9,4,44.44,True,44.44
USW00003902,31.0667,-97.8333,ROBERT GRAY AAF,9.32104073463442,Coastal,0,0,0.0,False,0.0
USW00003904,30.5911,-96.3631,COLLEGE STN EASTERWOOD FLD,1.978468508672472,Coastal,9,2,22.22,True,22.22
USW00003927,32.8975,-97.0219,DAL-FTW WSCMO AP,0.0,Coastal,9,0,0.0,False,0.0
USW00003931,31.05,-93.1833,FT POLK AAF,0.8922330372536692,Coastal,0,0,0.0,False,0.0
USW00003933,31.1333,-97.7167,FT HOOD,0.0,Coastal,0,0,0.0,False,0.0
USW00003937,30.1253,-93.2158,LAKE CHARLES,5.86873759219423,Coastal,9,3,33.33,True,33.33
USW00003940,32.3197,-90.0778,JACKSON INTL AP,0.0,Coastal,9,0,0.0,False,0.0
USW00003951,32.35,-94.65,LONGVIEW WSMO,11.204371992451518,Coastal,9,3,33.33,True,33.33
USW00003969,32.2153,-98.1775,STEPHENVILLE CLARK FLD,50.48724303215062,Rural,9,1,11.11,False,11.11
USW00003971,32.6781,-96.8678,DALLAS REDBIRD AP,0.0,Coastal,9,0,0.0,False,0.0
USW00003991,33.2089,-97.1992,DENTON MUNICPAL AP,3.8428150151452543,Coastal,9,0,0.0,False,0.0
USW00003996,32.3481,-91.03,TALLULAH VICKSBURG RGNL AP,11.392194907363818,Coastal,9,0,0.0,False,0.0
USW00003999,30.7406,-98.2353,BURNET MUNI AP,48.08603629179815,Coastal,9,0,0.0,False,0.0
USW00012884,29.3331,-89.4075,BOOTHVILLE ASOS,90.22734228942441,Rural,9,2,22.22,True,22.22
USW00012904,26.2303,-97.6556,HARLINGEN RIO GRANDE VLY INTL,2.0798213473658533,Coastal,9,4,44.44,True,44.44
USW00012911,29.5325,-98.2622,RANDOLPH AFB,4.639648825004089,Coastal,0,0,0.0,False,0.0
USW00012912,28.8625,-96.93,VICTORIA RGNL AP,4.429174886055022,Coastal,9,2,22.22,True,22.22
USW00012916,29.9975,-90.2778,NEW ORLEANS AP,0.0,Coastal,9,2,22.22,True,22.22
USW00012917,29.9519,-94.0261,PORT ARTHUR SE TX RGNL AP,2.0442776257944937,Coastal,9,4,44.44,True,44.44
USW00012918,29.6458,-95.2822,HOUSTON WILLIAM P HOBBY AP,0.0,Coastal,9,3,33.33,True,33.33
USW00012921,29.5442,-98.4839,SAN ANTONIO INTL AP,0.0,Coastal,9,2,22.22,True,22.22
USW00012923,29.2703,-94.8642,GALVESTON SCHOLES FLD,0.0,Coastal,9,3,33.33,True,33.33
USW00012924,27.7839,-97.5114,CORPUS CHRISTI,1.464913956862472,Coastal,9,5,55.56,True,55.56
USW00012926,27.6878,-97.2917,CORPUS CHRISTI NAS,0.0,Coastal,9,4,44.44,True,44.44
USW00012928,27.5089,-97.8042,KINGSVILLE NAAS,40.005854760309646,Coastal,8,4,50.0,True,50.0
USW00012930,29.9167,-90.1303,NEW ORLEANS AUDUBON,0.0,Coastal,9,2,22.22,True,22.22
USW00012932,27.7414,-98.025,ALICE INTL AP,44.18744808136537,Coastal,9,4,44.44,True,44.44
USW00012935,28.7247,-96.2536,PALACIOS MUNI AP,26.191580184690608,Coastal,9,1,11.11,False,11.11
USW00012944,29.3,-94.8,GALVESTON,0.0,Coastal,6,3,50.0,True,50.0
USW00012946,27.7,-97.4333,CORPUS CHRISTI CABANISS FLD,0.0,Coastal,0,0,0.0,False,0.0
USW00012957,26.1597,-97.3378,PORT ISABEL CAMERON CO AP,21.172217376701504,Coastal,9,3,33.33,True,33.33
USW00012958,29.8167,-90.0167,NEW ORLEANS ALVIN CALLENDER FL,0.0,Coastal,9,2,22.22,True,22.22
USW00012959,26.1792,-98.2444,MCALLEN MILLER INTL AP,0.0,Coastal,9,4,44.44,True,44.44
USW00012960,29.9844,-95.3608,HOUSTON INTERCONTINENTAL AP,0.0,Coastal,9,3,33.33,True,33.33
USW00012968,29.5589,-91.525,SALT PT,26.565377598443572,Coastal,9,4,44.44,True,44.44
USW00012970,29.3389,-98.4719,SAN ANTONIO STINSON MUNI AP,2.369115985101722,Coastal,9,2,22.22,True,22.22
USW00012971,29.7042,-98.0286,AUSTIN SAN ANTONIO,7.166689979913547,Coastal,9,2,22.22,True,22.22
USW00012972,28.0836,-97.0467,ROCKPORT ARANSAS CO AP,1.7098105249777147,Coastal,9,3,33.33,True,33.33
USW00012975,29.5192,-95.2422,HOUSTON CLOVER FLD,1.8572850443177737,Coastal,9,2,22.22,True,22.22
USW00012976,29.1153,-95.4633,ANGLETON LK JACKSON BRAZORIA C,1.5147548416833831,Coastal,9,2,22.22,True,22.22
USW00012977,29.6197,-95.6575,HOUSTON SUGARLAND MEM,0.0,Coastal,9,3,33.33,True,33.33
USW00012987,26.5258,-98.0633,EDINBURG 17 NNE,27.554802911328387,Coastal,9,4,44.44,True,44.44
USW00013833,31.2694,-89.2561,HATTIESBURG CHAIN MUNI AP,5.742393032848682,Coastal,9,0,0.0,False,0.0
USW00013838,30.6147,-88.0631,MOBILE DWTN AP,0.0,Coastal,9,0,0.0,False,0.0
USW00013865,32.3347,-88.7508,MERIDIAN KEY FLD,0.0,Coastal,9,0,0.0,False,0.0
USW00013894,30.6794,-88.24,MOBILE,1.3941782102411864,Coastal,9,0,0.0,False,0.0
USW00013899,30.4761,-87.1858,PENSACOLA RGNL AP,0.0,Coastal,9,0,0.0,False,0.0
USW00013904,30.1831,-97.68,AUSTIN BERGSTROM INTL AP,4.278921491456999,Coastal,9,2,22.22,True,22.22
USW00013911,32.7667,-97.45,FT WORTH NAS,0.0,Coastal,9,1,11.11,False,11.11
USW00013927,32.3375,-90.2214,JACKSON HAWKINS FLD,0.0,Coastal,9,0,0.0,False,0.0
USW00013935,31.3964,-92.2828,ALEXANDRIA ESLER FLD,12.31934416832791,Coastal,9,3,33.33,True,33.33
USW00013939,33.4939,-90.9806,GREENVILLE ASOS,7.638871684899601,Coastal,9,0,0.0,False,0.0
USW00013942,32.5156,-92.03,MONROE RGNL AP,1.2667339097621175,Coastal,9,1,11.11,False,11.11
USW00013957,32.4508,-93.8414,SHREVEPORT,0.0,Coastal,9,4,44.44,True,44.44
USW00013958,30.3208,-97.7603,AUSTIN-CAMP MABRY,0.0,Coastal,9,2,22.22,True,22.22
USW00013959,31.6181,-97.2283,WACO RGNL AP,2.278716292834736,Coastal,9,1,11.11,False,11.11
USW00013960,32.8383,-96.8358,DALLAS FAA AP,0.0,Coastal,9,0,0.0,False,0.0
USW00013961,32.8247,-97.3642,FT WORTH MEACHAM FLD,0.0,Coastal,9,0,0.0,False,0.0
USW00013970,30.5378,-91.1469,BATON ROUGE METRO AP,0.0,Coastal,9,3,33.33,True,33.33
USW00013972,32.3586,-95.4039,TYLER POUNDS FLD,2.6628271118799005,Coastal,9,4,44.44,True,44.44
USW00013976,30.1986,-91.9894,LAFAYETTE RGNL AP,0.0,Coastal,9,4,44.44,True,44.44
USW00013977,33.4561,-93.9878,TEXARKANA WEBB FLD,1.2809905568385695,Coastal,9,3,33.33,True,33.33
USW00013978,33.4961,-90.0894,GREENWOOD LEFLORE AP,8.260857983007817,Coastal,9,0,0.0,False,0.0
USW00053820,31.4192,-87.0483,EVERGREEN MIDDLETON FLD,61.23306644013579,Rural,9,0,0.0,False,0.0
USW00053858,30.4631,-88.5317,PASCAGOULA LOTT INTL AP,0.4266108937077224,Coastal,9,0,0.0,False,0.0
USW00053865,30.3436,-89.8225,SLIDELL AP,1.9436684988607484,Coastal,9,3,33.33,True,33.33
USW00053902,30.3611,-95.4175,CONROE MONTGOMERY CO AP,0.0,Coastal,9,2,22.22,True,22.22
USW00053903,30.7444,-95.5867,HUNTSVILLE MUNI AP,1.3783204798906665,Coastal,9,1,11.11,False,11.11
USW00053905,32.5397,-93.7461,SHREVEPORT DWTN AP,0.0,Coastal,9,4,44.44,True,44.44
USW00053907,32.6583,-97.095,ARLINGTON MUNI AP,0.0,Coastal,9,0,0.0,False,0.0
USW00053909,32.9944,-97.3203,FT WORTH ALLIANCE AP,10.569221901495908,Coastal,9,0,0.0,False,0.0
USW00053910,30.0681,-95.5564,HOUSTON HOOKS MEM AP,2.5454026829856344,Coastal,9,3,33.33,True,33.33
USW00053911,32.7131,-96.2689,TERRELL MUNI AP,32.11424731687446,Coastal,9,0,0.0,False,0.0
USW00053912,32.0317,-96.3994,CORSICANA CAMPBELL FLD,9.397987954549437,Coastal,9,1,11.11,False,11.11
USW00053914,33.1828,-96.59,MCKINNEY MUNI AP,3.1518676234487466,Coastal,9,0,0.0,False,0.0
USW00053915,30.0292,-91.8844,NEW IBERIA AP - ACADIANA RGNL,5.513326208079926,Coastal,9,4,44.44,True,44.44
USW00053917,30.0494,-90.0289,NEW ORLEANS LAKEFRONT AP,0.9313337538282457,Coastal,9,1,11.11,False,11.11
USW00053960,30.0917,-91.8731,LAFAYETTE 13 SE,9.632549510046632,Coastal,9,4,44.44,True,44.44
USW00053961,32.8833,-92.1164,MONROE 26 N,22.99639230624393,Coastal,9,2,22.22,True,22.22
USW00053968,31.7797,-95.7233,PALESTINE 6 WNW,6.207553203127912,Coastal,9,4,44.44,True,44.44
USW00053972,32.0836,-97.0972,HILLSBORO MUNI AP,49.20507362967711,Coastal,0,0,0.0,False,0.0
USW00063831,32.3378,-89.0703,NEWTON 5 ENE,33.79176534557865,Coastal,9,3,33.33,True,33.33
USW00093806,33.2122,-87.6156,TUSCALOOSA AP ASOS,0.0,Coastal,9,0,0.0,False,0.0
USW00093841,30.7167,-87.0167,WHITING FLD NAS,8.84533067714396,Coastal,0,0,0.0,False,0.0
USW00093874,30.4122,-89.0808,GULFPORT - BILOXI AP,0.0,Coastal,9,1,11.11,False,11.11
USW00093904,32.8167,-97.35,FT WORTH MEACHAM FLD NAAF,0.0,Coastal,0,0,0.0,False,0.0
USW00093914,31.7831,-95.6039,PALESTINE 2 NE,0.0,Coastal,9,4,44.44,True,44.44
USW00093915,31.3347,-92.5586,ALEXANDRIA INTL AP,5.732598130338107,Coastal,9,3,33.33,True,33.33
USW00093919,31.1822,-90.4719,MCCOMB AP,7.115004839983318,Coastal,9,2,22.22,True,22.22
USW00093985,32.7817,-98.0603,MINERAL WELLS AP,6.231598686995831,Coastal,9,1,11.11,False,11.11
USW00093987,31.2358,-94.7547,LUFKIN ANGELINA CO AP,1.3262116311909542,Coastal,9,4,44.44,True,44.44
USW00093992,33.2208,-92.8142,EL DORADO GOODWIN FLD,12.765239748609956,Coastal,9,2,22.22,True,22.22
